partner_id,partner_name,partner_type,state,district,city,pincode,latitude,longitude,schemes_supported,active,application_status,capacity_status,fund_utilization_pct,npa_status,overdue_status,priority_score,contact_phone,official_website
P000001,State Bank of India - R And Db Racc Port Blair,Public Sector Bank,Andaman and Nicobar Islands,South Andaman,Port Blair,744101,11.6658333,92.7411111,PMEGP; MUDRA,true,Unknown,Unknown,Unknown,Unknown,Unknown,100,+918001193003,https://sbi.bank.in
P000002,Bandhan Bank - Port Blair,Private Sector Bank,Andaman and Nicobar Islands,South Andaman,South Andaman,744101,11.6658333,92.7411111,MUDRA,true,Unknown,Unknown,Unknown,Unknown,Unknown,75,+917596819431,https://bandhan.bank.in
P000003,State Bank of India - Sme Port Blair,Public Sector Bank,Andaman and Nicobar Islands,South Andaman,South Andaman,744101,11.6658333,92.7411111,PMEGP; MUDRA,true,Unknown,Unknown,Unknown,Unknown,Unknown,100,+919903186880,https://sbi.bank.in
P000004,State Bank of India - Rasmecc Anantapur,Public Sector Bank,Andhra Pradesh,Amaravati,Amaravati,515001,14.6760755,77.5942237,PMEGP; MUDRA,true,Unknown,Unknown,Unknown,Unknown,Unknown,100,+919701853703,https://sbi.bank.in
P000005,Bandhan Bank - Anantapur Branch,Private Sector Bank,Andhra Pradesh,Anantapur,Anantapur,515001,14.680822,77.594785,MUDRA,true,Unknown,Unknown,Unknown,Unknown,Unknown,75,+919831122431,https://bandhan.bank.in
P000006,Canara Bank - Anantapur,Public Sector Bank,Andhra Pradesh,Anantapur,Anantapur,515001,14.680822,77.594785,PMEGP; MUDRA,true,Unknown,Unknown,Unknown,Unknown,Unknown,100,+9185542220402,https://canarabank.bank.in
P000007,DCB Bank - Anantapur,Private Sector Bank,Andhra Pradesh,Anantapur,Anantapur,515001,14.680822,77.594785,MUDRA,true,Unknown,Unknown,Unknown,Unknown,Unknown,75,+919160334333,https://dcb.bank.in
P000008,"State Bank of India - Cac, Bhimavaram",Public Sector Bank,Andhra Pradesh,Bhimavaram,Bhimavaram,534201,16.5406944,81.5240278,PMEGP; MUDRA,true,Unknown,Unknown,Unknown,Unknown,Unknown,100,+919133236677,https://sbi.bank.in
P000009,Canara Bank - Chittoor,Public Sector Bank,Andhra Pradesh,Chittoor,Chittoor,517001,13.2155556,79.1010278,PMEGP; MUDRA,true,Unknown,Unknown,Unknown,Unknown,Unknown,100,+9185722332472,https://canarabank.bank.in
P000010,DCB Bank - Kuppam,Private Sector Bank,Andhra Pradesh,Chittoor,Chittoor,517425,12.7477,78.3424,MUDRA,true,Unknown,Unknown,Unknown,Unknown,Unknown,75,+917730096757,https://dcb.bank.in
P000011,IDBI Bank - Chittoor,Private Sector Bank,Andhra Pradesh,Chittoor,Chittoor,517001,13.2155556,79.1010278,MUDRA,true,Unknown,Unknown,Unknown,Unknown,Unknown,75,+919885969260,https://idbi.bank.in
P000012,Bank of India - Korrapadu,Public Sector Bank,Andhra Pradesh,Cuddapah,Cuddapah,516359,14.8964547,78.559116,PMEGP; MUDRA,true,Unknown,Unknown,Unknown,Unknown,Unknown,100,+917283233123,https://bankofindia.bank.in
P000013,Canara Bank - Ngos Colony Branch Kadapa,Public Sector Bank,Andhra Pradesh,Cuddapah,Cuddapah,516002,14.493163,78.8349021,PMEGP; MUDRA,true,Unknown,Unknown,Unknown,Unknown,Unknown,100,+918333818513,https://canarabank.bank.in
P000014,Union Bank of India - Mundy Bazar,Public Sector Bank,Andhra Pradesh,Cuddapah,Cuddapah,516001,14.478539,78.822058,PMEGP; MUDRA,true,Unknown,Unknown,Unknown,Unknown,Unknown,100,+918562224753,https://unionbankofindia.bank.in
P000015,Canara Bank - Rajahmundry Bommuru,Public Sector Bank,Andhra Pradesh,East Godavari,East Godavari,533101,17.006879,81.8545611,PMEGP; MUDRA,true,Unknown,Unknown,Unknown,Unknown,Unknown,100,+918832945299,https://canarabank.bank.in
P000016,Indian Bank - Chitrada,Public Sector Bank,Andhra Pradesh,East Godavari,East Godavari,533450,17.1052556,82.2459333,PMEGP; MUDRA,true,Unknown,Unknown,Unknown,Unknown,Unknown,100,+918333014579,https://indianbank.bank.in
P000017,Punjab National Bank - Amalapuram,Public Sector Bank,Andhra Pradesh,East Godavari,East Godavari,533201,16.564576,81.996984,PMEGP; MUDRA,true,Unknown,Unknown,Unknown,Unknown,Unknown,100,+919676837373,https://pnb.bank.in
P000018,DCB Bank - Eluru,Private Sector Bank,Andhra Pradesh,Eluru,Eluru,534006,16.7194722,81.0974167,MUDRA,true,Unknown,Unknown,Unknown,Unknown,Unknown,75,+919666641455,https://dcb.bank.in
P000019,Punjab & Sind Bank - Eluru,Public Sector Bank,Andhra Pradesh,Eluru,Eluru,534002,16.731062,81.0960546,PMEGP; MUDRA,true,Unknown,Unknown,Unknown,Unknown,Unknown,100,+919705863346,https://punjabandsind.bank.in
P000020,State Bank of India - Cac Eluru,Public Sector Bank,Andhra Pradesh,Eluru,Eluru,534002,16.731062,81.0960546,PMEGP; MUDRA,true,Unknown,Unknown,Unknown,Unknown,Unknown,100,+918886555150,https://sbi.bank.in
P000021,Bandhan Bank - Guntur,Private Sector Bank,Andhra Pradesh,Guntur,Guntur,522007,16.5185833,80.7186389,MUDRA,true,Unknown,Unknown,Unknown,Unknown,Unknown,75,+919073920551,https://bandhan.bank.in
P000022,Bank of India - Gorantla,Public Sector Bank,Andhra Pradesh,Guntur,Guntur,522034,16.3201267,80.4372467,PMEGP; MUDRA,true,Unknown,Unknown,Unknown,Unknown,Unknown,100,+919948040624,https://bankofindia.bank.in
P000023,"Canara Bank - Venugopalanagar,Guntur",Public Sector Bank,Andhra Pradesh,Guntur,Guntur,522004,16.298069,80.430969,PMEGP; MUDRA,true,Unknown,Unknown,Unknown,Unknown,Unknown,100,+918632231300,https://canarabank.bank.in
P000024,Canara Bank - Msme Sulabh Guntur,Public Sector Bank,Andhra Pradesh,Guntur,Guntur,522006,16.3075556,80.4193333,PMEGP; MUDRA,true,Unknown,Unknown,Unknown,Unknown,Unknown,100,+918632387868,https://canarabank.bank.in
P000025,DCB Bank - Guntur,Private Sector Bank,Andhra Pradesh,Guntur,Guntur,522002,16.3023663,80.4353233,MUDRA,true,Unknown,Unknown,Unknown,Unknown,Unknown,75,+917799781903,https://dcb.bank.in
P000026,ICICI Bank - Gunturpatnam Bazar,Private Sector Bank,Andhra Pradesh,Guntur,Guntur,522003,16.289286,80.449708,MUDRA,true,Unknown,Unknown,Unknown,Unknown,Unknown,75,+918008559087,https://icici.bank.in
P000027,Indian Bank - Patnam Bazar,Public Sector Bank,Andhra Pradesh,Guntur,Guntur,522003,16.289286,80.449708,PMEGP; MUDRA,true,Unknown,Unknown,Unknown,Unknown,Unknown,100,+918632220779,https://indianbank.bank.in
P000028,State Bank of India - Sme Kothapet Guntur,Public Sector Bank,Andhra Pradesh,Guntur,Guntur,522001,16.2959167,80.4500278,PMEGP; MUDRA,true,Unknown,Unknown,Unknown,Unknown,Unknown,100,+919515665926,https://sbi.bank.in
P000029,State Bank of India - Sme Mangalagiri,Public Sector Bank,Andhra Pradesh,Guntur,Guntur,522503,16.4286567,80.5815993,PMEGP; MUDRA,true,Unknown,Unknown,Unknown,Unknown,Unknown,100,+919849643709,https://sbi.bank.in
P000030,UCO Bank - Guntur Midcorporate,Public Sector Bank,Andhra Pradesh,Guntur,Guntur,522006,16.3075556,80.4193333,PMEGP; MUDRA,true,Unknown,Unknown,Unknown,Unknown,Unknown,100,+9186323322596,https://uco.bank.in
P000031,HDFC Bank - Mvp Colony Ii,Private Sector Bank,Andhra Pradesh,Hyderabad,Hyderabad,530017,17.7368056,83.3385833,MUDRA,true,Unknown,Unknown,Unknown,Unknown,Unknown,65,Unknown,https://hdfc.bank.in
P000032,State Bank of India - Sme Branch Kadapa,Public Sector Bank,Andhra Pradesh,Kadapa,Kadapa,516001,14.4777236,78.8198859,PMEGP; MUDRA,true,Unknown,Unknown,Unknown,Unknown,Unknown,100,+919949865463,https://sbi.bank.in
P000033,Bank of Maharashtra - Housing Finance Branch Kakinada,Public Sector Bank,Andhra Pradesh,Kakinada,Kakinada,533004,16.9659658,82.2249576,PMEGP; MUDRA,true,Unknown,Unknown,Unknown,Unknown,Unknown,100,+919010691212,https://bankofmaharashtra.bank.in
P000034,UCO Bank - Kakinada Andhra Pradesh,Public Sector Bank,Andhra Pradesh,Kakinada,Kakinada,533001,16.9550556,82.2354722,PMEGP; MUDRA,true,Unknown,Unknown,Unknown,Unknown,Unknown,100,+918842379944,https://uco.bank.in
P000035,Union Bank of India - Chollangi,Public Sector Bank,Andhra Pradesh,Kakinada,Kakinada,533461,17.2441204,82.6439259,PMEGP; MUDRA,true,Unknown,Unknown,Unknown,Unknown,Unknown,100,+9188423122338,https://unionbankofindia.bank.in
P000036,DCB Bank - Vijaywada,Private Sector Bank,Andhra Pradesh,Krishna,Krishna,520002,16.5115833,80.6267402,MUDRA,true,Unknown,Unknown,Unknown,Unknown,Unknown,75,+918666460311,https://dcb.bank.in
P000037,ICICI Bank - Rpc Vijayawada,Private Sector Bank,Andhra Pradesh,Krishna,Krishna,520010,16.4496666,80.6379444,MUDRA,true,Unknown,Unknown,Unknown,Unknown,Unknown,75,+918666677265,https://icici.bank.in
P000038,Indian Bank - Gandrayi,Public Sector Bank,Andhra Pradesh,Krishna,Krishna,521175,29.568397,80.4003174,PMEGP; MUDRA,true,Unknown,Unknown,Unknown,Unknown,Unknown,100,+919912223817,https://indianbank.bank.in
P000039,Bandhan Bank - Kurnool,Private Sector Bank,Andhra Pradesh,Kurnool,Kurnool,518003,15.8321389,78.0268889,MUDRA,true,Unknown,Unknown,Unknown,Unknown,Unknown,75,+919831820581,https://bandhan.bank.in
P000040,Bank of India - Nannoor,Public Sector Bank,Andhra Pradesh,Kurnool,Kurnool,518583,15.4083278,78.5957167,PMEGP; MUDRA,true,Unknown,Unknown,Unknown,Unknown,Unknown,100,+919985428320,https://bankofindia.bank.in
P000041,State Bank of India - Sme Kurnool,Public Sector Bank,Andhra Pradesh,Kurnool,Kurnool,518004,15.8366807,78.044689,PMEGP; MUDRA,true,Unknown,Unknown,Unknown,Unknown,Unknown,100,+919949098413,https://sbi.bank.in
P000042,Bank of Maharashtra - Nandyal,Public Sector Bank,Andhra Pradesh,Nandyal,Nandyal,518501,15.489826,78.487541,PMEGP; MUDRA,true,Unknown,Unknown,Unknown,Unknown,Unknown,100,+918248670549,https://bankofmaharashtra.bank.in
P000043,Punjab & Sind Bank - Nandyal,Public Sector Bank,Andhra Pradesh,Nandyal,Nandyal,518501,15.489826,78.487541,PMEGP; MUDRA,true,Unknown,Unknown,Unknown,Unknown,Unknown,100,+918074355513,https://punjabandsind.bank.in
P000044,"State Bank of India - Government Medical College, Nandyal",Public Sector Bank,Andhra Pradesh,Nandyal,Nandyal,518503,,,PMEGP; MUDRA,true,Unknown,Unknown,Unknown,Unknown,Unknown,100,+918500405023,https://sbi.bank.in
P000045,Bank of India - Krishnapatnam,Public Sector Bank,Andhra Pradesh,Nellore,Nellore,524344,14.4249112,79.8143617,PMEGP; MUDRA,true,Unknown,Unknown,Unknown,Unknown,Unknown,100,+917283233121,https://bankofindia.bank.in
P000046,Canara Bank - Msme Sulabh Nellore,Public Sector Bank,Andhra Pradesh,Nellore,Nellore,524004,14.393973,79.938857,PMEGP; MUDRA,true,Unknown,Unknown,Unknown,Unknown,Unknown,100,+919440905339,https://canarabank.bank.in
P000047,IDBI Bank - Nellore Co Operative Urban Bank,Private Sector Bank,Andhra Pradesh,Nellore,Nellore,524001,14.451895,79.980856,MUDRA,true,Unknown,Unknown,Unknown,Unknown,Unknown,75,+918612326536,https://idbi.bank.in
P000048,DCB Bank - Ongole,Private Sector Bank,Andhra Pradesh,Ongole,Ongole,523002,15.5116945,80.0364445,MUDRA,true,Unknown,Unknown,Unknown,Unknown,Unknown,75,+919640460210,https://dcb.bank.in
P000049,Punjab & Sind Bank - Ongole,Public Sector Bank,Andhra Pradesh,Ongole,Ongole,523001,15.5004722,80.0486111,PMEGP; MUDRA,true,Unknown,Unknown,Unknown,Unknown,Unknown,100,+918096943673,https://punjabandsind.bank.in
P000050,"State Bank of India - Cac, Ongole",Public Sector Bank,Andhra Pradesh,Ongole,Ongole,523001,15.5004722,80.0486111,PMEGP; MUDRA,true,Unknown,Unknown,Unknown,Unknown,Unknown,100,+917075663167,https://sbi.bank.in
P000051,Indian Bank - Kurnool Road Ongole,Public Sector Bank,Andhra Pradesh,Prakasam,Prakasam,523002,15.5116945,80.0364445,PMEGP; MUDRA,true,Unknown,Unknown,Unknown,Unknown,Unknown,100,+918592283435,https://indianbank.bank.in
P000052,Axis Bank - Ava Road,Private Sector Bank,Andhra Pradesh,Rajahmundry,Rajahmundry,533106,17.0248111,81.8118593,MUDRA,true,Unknown,Unknown,Unknown,Unknown,Unknown,75,+919346968799,https://axis.bank.in
P000053,Bandhan Bank - Srikakulam,Private Sector Bank,Andhra Pradesh,Srikakulam,Srikakulam,532001,18.296229,83.893679,MUDRA,true,Unknown,Unknown,Unknown,Unknown,Unknown,75,+919330419681,https://bandhan.bank.in
P000054,Canara Bank - Srikakulam,Public Sector Bank,Andhra Pradesh,Srikakulam,Srikakulam,532001,18.296229,83.893679,PMEGP; MUDRA,true,Unknown,Unknown,Unknown,Unknown,Unknown,100,+918942221692,https://canarabank.bank.in
P000055,ICICI Bank - Srikakulamarasavilliroad,Private Sector Bank,Andhra Pradesh,Srikakulam,Srikakulam,532001,18.296229,83.893679,MUDRA,true,Unknown,Unknown,Unknown,Unknown,Unknown,75,+918939970518,https://icici.bank.in
P000056,"State Bank of India - Cac, Tenali",Public Sector Bank,Andhra Pradesh,Tenali,Tenali,522201,16.232149,80.651942,PMEGP; MUDRA,true,Unknown,Unknown,Unknown,Unknown,Unknown,100,+917330777880,https://sbi.bank.in
P000057,UCO Bank - Tirupati,Public Sector Bank,Andhra Pradesh,Tirupathi,Tirupathi,517501,13.6539631,79.4759219,PMEGP; MUDRA,true,Unknown,Unknown,Unknown,Unknown,Unknown,100,+918772225703,https://uco.bank.in
P000058,Union Bank of India - Arb Tirupathi,Public Sector Bank,Andhra Pradesh,Tirupathi,Tirupathi,517502,13.3785382,79.535061,PMEGP; MUDRA,true,Unknown,Unknown,Unknown,Unknown,Unknown,100,+919704207797,https://unionbankofindia.bank.in
P000059,Bank of Maharashtra - Tirupathi,Public Sector Bank,Andhra Pradesh,Tirupati,Tirupati,517501,13.6322875,79.4226094,PMEGP; MUDRA,true,Unknown,Unknown,Unknown,Unknown,Unknown,100,+918772252741,https://bankofmaharashtra.bank.in
P000060,ICICI Bank - Tirupathi,Private Sector Bank,Andhra Pradesh,Tirupati,Tirupati,517501,13.6322875,79.4226094,MUDRA,true,Unknown,Unknown,Unknown,Unknown,Unknown,75,+917993345262,https://icici.bank.in
P000061,State Bank of India - Sbild Tirupati,Public Sector Bank,Andhra Pradesh,Tirupati,Tirupati,517507,13.62875,79.4191667,PMEGP; MUDRA,true,Unknown,Unknown,Unknown,Unknown,Unknown,100,+919515115747,https://sbi.bank.in
P000062,State Bank of India - Racpc Ii Vijayawada,Public Sector Bank,Andhra Pradesh,Vijayawada,Vijayawada,520004,16.5189083,80.6422778,PMEGP; MUDRA,true,Unknown,Unknown,Unknown,Unknown,Unknown,100,+919440483458,https://sbi.bank.in
P000063,State Bank of India - Sitara Junction,Public Sector Bank,Andhra Pradesh,Vijayawada,Vijayawada,520012,16.5915237,80.6245426,PMEGP; MUDRA,true,Unknown,Unknown,Unknown,Unknown,Unknown,100,+918096308741,https://sbi.bank.in
P000064,UCO Bank - Vijayawada Two Main Hyderabad,Public Sector Bank,Andhra Pradesh,Vijayawada,Vijayawada,520002,16.5115833,80.6267402,PMEGP; MUDRA,true,Unknown,Unknown,Unknown,Unknown,Unknown,100,+9186762579196,https://uco.bank.in
P000065,UCO Bank - Vijayawada Town I Hyderabad,Public Sector Bank,Andhra Pradesh,Vijayawada,Vijayawada,520001,16.521078,80.610604,PMEGP; MUDRA,true,Unknown,Unknown,Unknown,Unknown,Unknown,100,+9186762568941,https://uco.bank.in
P000066,Bank of India - Visakhapatnam Service,Public Sector Bank,Andhra Pradesh,Visakhapatnam,Visakhapatnam,530016,17.3448611,82.8685648,PMEGP; MUDRA,true,Unknown,Unknown,Unknown,Unknown,Unknown,100,+918912551298,https://bankofindia.bank.in
P000067,Bank of India - Visakhapatnam Mid Corporate Ba,Public Sector Bank,Andhra Pradesh,Visakhapatnam,Visakhapatnam,530013,17.736984,83.312861,PMEGP; MUDRA,true,Unknown,Unknown,Unknown,Unknown,Unknown,100,+918912569484,https://bankofindia.bank.in
P000068,Bank of Maharashtra - Kurmanapalem,Public Sector Bank,Andhra Pradesh,Visakhapatnam,Visakhapatnam,530046,17.6878611,83.1705833,PMEGP; MUDRA,true,Unknown,Unknown,Unknown,Unknown,Unknown,100,+919912012225,https://bankofmaharashtra.bank.in
P000069,Canara Bank - Ro Ii Visakhapatnam,Public Sector Bank,Andhra Pradesh,Visakhapatnam,Visakhapatnam,530020,17.719052,83.302471,PMEGP; MUDRA,true,Unknown,Unknown,Unknown,Unknown,Unknown,100,+918912556011,https://canarabank.bank.in
P000070,DCB Bank - Visakhapatnam,Private Sector Bank,Andhra Pradesh,Visakhapatnam,Visakhapatnam,530016,17.3448611,82.8685648,MUDRA,true,Unknown,Unknown,Unknown,Unknown,Unknown,75,+919849666839,https://dcb.bank.in
P000071,Indian Bank - Amtz Visakhapatnam,Public Sector Bank,Andhra Pradesh,Visakhapatnam,Visakhapatnam,530016,17.3448611,82.8685648,PMEGP; MUDRA,true,Unknown,Unknown,Unknown,Unknown,Unknown,100,+91891123456789,https://indianbank.bank.in
P000072,Indian Overseas Bank - Specialized Asset Recovery Mangement Branch,Public Sector Bank,Andhra Pradesh,Visakhapatnam,Visakhapatnam,530017,17.7368056,83.3385833,PMEGP; MUDRA,true,Unknown,Unknown,Unknown,Unknown,Unknown,100,+918925952579,https://www.iob.in
P000073,State Bank of India - Special Sme Visakhapatanam,Public Sector Bank,Andhra Pradesh,Visakhapatnam,Visakhapatnam,530016,17.3448611,82.8685648,PMEGP; MUDRA,true,Unknown,Unknown,Unknown,Unknown,Unknown,100,+918885196068,https://sbi.bank.in
P000074,State Bank of India - Sme Suryabagh Branch,Public Sector Bank,Andhra Pradesh,Visakhapatnam,Visakhapatnam,530020,17.719052,83.302471,PMEGP; MUDRA,true,Unknown,Unknown,Unknown,Unknown,Unknown,100,+917729904411,https://sbi.bank.in
P000075,Union Bank of India - Mid Corporate Visakhapatnam,Public Sector Bank,Andhra Pradesh,Visakhapatnam,Visakhapatnam,530003,17.7257312,83.3256393,PMEGP; MUDRA,true,Unknown,Unknown,Unknown,Unknown,Unknown,100,+919440306534,https://unionbankofindia.bank.in
P000076,Canara Bank - Visalakshinagar Vishakhapatnam,Public Sector Bank,Andhra Pradesh,Vishakhapatnam,Vishakhapatnam,530043,17.7534722,83.3483611,PMEGP; MUDRA,true,Unknown,Unknown,Unknown,Unknown,Unknown,100,+918333813843,https://canarabank.bank.in
P000077,Union Bank of India - Cbc Vishakhapatnam,Public Sector Bank,Andhra Pradesh,Vishakhapatnam,Vishakhapatnam,530004,17.7213607,83.29323,PMEGP; MUDRA,true,Unknown,Unknown,Unknown,Unknown,Unknown,100,+919182855016,https://unionbankofindia.bank.in
P000078,"Yes Bank - Mvp Colony, Vishakapatnam",Private Sector Bank,Andhra Pradesh,Vishakhapatnam,Vishakhapatnam,530017,17.7368056,83.3385833,MUDRA,true,Unknown,Unknown,Unknown,Unknown,Unknown,75,+918912590861,https://yes.bank.in
P000079,Bank of India - Vizianagaram Cantonment,Public Sector Bank,Andhra Pradesh,Vizianagaram,Vizianagaram,535003,18.1151389,83.4401667,PMEGP; MUDRA,true,Unknown,Unknown,Unknown,Unknown,Unknown,100,+916301555308,https://bankofindia.bank.in
P000080,Canara Bank - Vizianagaram,Public Sector Bank,Andhra Pradesh,Vizianagaram,Vizianagaram,531202,,,PMEGP; MUDRA,true,Unknown,Unknown,Unknown,Unknown,Unknown,100,+918922224448,https://canarabank.bank.in
P000081,"State Bank of India - Rasmecc, Vizianagaram",Public Sector Bank,Andhra Pradesh,Vizianagaram,Vizianagaram,535003,18.1151389,83.4401667,PMEGP; MUDRA,true,Unknown,Unknown,Unknown,Unknown,Unknown,100,+919167249406,https://sbi.bank.in
P000082,Bank of Maharashtra - Tanuku,Public Sector Bank,Andhra Pradesh,West Godavari,West Godavari,534211,16.7540444,81.6867833,PMEGP; MUDRA,true,Unknown,Unknown,Unknown,Unknown,Unknown,100,+917799987710,https://bankofmaharashtra.bank.in
P000083,Indian Bank - Akiveedu,Public Sector Bank,Andhra Pradesh,West Godavari,West Godavari,534235,16.68481,81.426284,PMEGP; MUDRA,true,Unknown,Unknown,Unknown,Unknown,Unknown,100,+918816253899,https://indianbank.bank.in
P000084,State Bank of India - Matsyapuri,Public Sector Bank,Andhra Pradesh,West Godavari,West Godavari,534278,,,PMEGP; MUDRA,true,Unknown,Unknown,Unknown,Unknown,Unknown,100,+919440821965,https://sbi.bank.in
P000085,Indian Bank - Ngo Colony Cuddapah,Public Sector Bank,Andhra Pradesh,Ysr Kadapa,Ysr Kadapa,516002,14.4964244,78.8624359,PMEGP; MUDRA,true,Unknown,Unknown,Unknown,Unknown,Unknown,100,+918179799137,https://indianbank.bank.in
P000086,State Bank of India - Hawai,Public Sector Bank,Arunachal Pradesh,Anjaw,Anjaw,792102,27.8199912,96.0594883,PMEGP; MUDRA,true,Unknown,Unknown,Unknown,Unknown,Unknown,90,Unknown,https://sbi.bank.in
P000087,Axis Bank - Changlang,Private Sector Bank,Arunachal Pradesh,Changlang,Changlang,792120,27.06331,95.79242,MUDRA,true,Unknown,Unknown,Unknown,Unknown,Unknown,75,+919365847894,https://axis.bank.in
P000088,Bank of Maharashtra - Pasighat,Public Sector Bank,Arunachal Pradesh,East Siang,East Siang,791102,28.3293,95.1987231,PMEGP; MUDRA,true,Unknown,Unknown,Unknown,Unknown,Unknown,100,+917099029877,https://bankofmaharashtra.bank.in
P000089,State Bank of India - Ganga,Public Sector Bank,Arunachal Pradesh,Itanagar,Itanagar,791113,27.4228576,93.3006805,PMEGP; MUDRA,true,Unknown,Unknown,Unknown,Unknown,Unknown,90,Unknown,https://sbi.bank.in
P000090,Axis Bank - Namsai,Private Sector Bank,Arunachal Pradesh,Namsai,Namsai,792103,27.6678056,95.8631944,MUDRA,true,Unknown,Unknown,Unknown,Unknown,Unknown,75,+919854009776,https://axis.bank.in
P000091,State Bank of India - Racc-Ii-Namsai,Public Sector Bank,Arunachal Pradesh,Namsai,Namsai,792103,27.6678056,95.8631944,PMEGP; MUDRA,true,Unknown,Unknown,Unknown,Unknown,Unknown,100,+919449001732,https://sbi.bank.in
P000092,UCO Bank - Namsai,Public Sector Bank,Arunachal Pradesh,Namsai,Namsai,792103,27.6678056,95.8631944,PMEGP; MUDRA,true,Unknown,Unknown,Unknown,Unknown,Unknown,100,+918709764950,https://uco.bank.in
P000093,Indian Bank - Itanagar,Public Sector Bank,Arunachal Pradesh,Papum Pare,Papum Pare,791111,27.0990278,93.6263333,PMEGP; MUDRA,true,Unknown,Unknown,Unknown,Unknown,Unknown,100,+919163092230,https://indianbank.bank.in
P000094,State Bank of India - Boleng,Public Sector Bank,Arunachal Pradesh,Siang,Siang,791103,28.3327969,94.7496838,PMEGP; MUDRA,true,Unknown,Unknown,Unknown,Unknown,Unknown,100,+919863273921,https://sbi.bank.in
P000095,Canara Bank - Tawang,Public Sector Bank,Arunachal Pradesh,Tawang,Tawang,790104,27.5923056,91.8748889,PMEGP; MUDRA,true,Unknown,Unknown,Unknown,Unknown,Unknown,100,+913794222181,https://canarabank.bank.in
P000096,"ICICI Bank - Tawang Town, Arunachal Pradesh",Private Sector Bank,Arunachal Pradesh,Tawang,Tawang,790104,27.5923056,91.8748889,MUDRA,true,Unknown,Unknown,Unknown,Unknown,Unknown,75,+919436695025,https://icici.bank.in
P000097,HDFC Bank - Tamulpur,Private Sector Bank,Assam,Baksa,Baksa,781367,26.60669,91.58147,MUDRA,true,Unknown,Unknown,Unknown,Unknown,Unknown,65,Unknown,https://hdfc.bank.in
P000098,State Bank of India - Dbu Mushalpur,Public Sector Bank,Assam,Baksa,Baksa,781372,26.3930702,91.2456324,PMEGP; MUDRA,true,Unknown,Unknown,Unknown,Unknown,Unknown,90,Unknown,https://sbi.bank.in
P000099,Canara Bank - Barpeta Road,Public Sector Bank,Assam,Barpeta,Barpeta,781315,26.3291389,91.01025,PMEGP; MUDRA,true,Unknown,Unknown,Unknown,Unknown,Unknown,100,+913666260168,https://canarabank.bank.in
P000100,ICICI Bank - Barpeta B B Road,Private Sector Bank,Assam,Barpeta,Barpeta,781301,26.3291389,91.01025,MUDRA,true,Unknown,Unknown,Unknown,Unknown,Unknown,75,+919321705749,https://icici.bank.in
P000101,State Bank of India - Pathsala Bazar,Public Sector Bank,Assam,Barpeta,Barpeta,781325,26.4999166,91.1787222,PMEGP; MUDRA,true,Unknown,Unknown,Unknown,Unknown,Unknown,100,+919435082375,https://sbi.bank.in
P000102,Bank of Maharashtra - Biswanath Chariali,Public Sector Bank,Assam,Biswanath,Biswanath,784176,26.740091,93.0933038,PMEGP; MUDRA,true,Unknown,Unknown,Unknown,Unknown,Unknown,100,+917099205991,https://bankofmaharashtra.bank.in
P000103,Indian Bank - Biswanath Chariali,Public Sector Bank,Assam,Biswanath,Biswanath,784176,26.740091,93.0933038,PMEGP; MUDRA,true,Unknown,Unknown,Unknown,Unknown,Unknown,100,+913715222191,https://indianbank.bank.in
P000104,Bandhan Bank - Bongaigaon,Private Sector Bank,Assam,Bongaigaon,Bongaigaon,783380,26.498545,90.537958,MUDRA,true,Unknown,Unknown,Unknown,Unknown,Unknown,75,+918486613111,https://bandhan.bank.in
P000105,Canara Bank - Bongaigaon,Public Sector Bank,Assam,Bongaigaon,Bongaigaon,783380,26.498545,90.537958,PMEGP; MUDRA,true,Unknown,Unknown,Unknown,Unknown,Unknown,100,+913664231519,https://canarabank.bank.in
P000106,IDBI Bank - Bongaigaon,Private Sector Bank,Assam,Bongaigaon,Bongaigaon,783380,26.498545,90.537958,MUDRA,true,Unknown,Unknown,Unknown,Unknown,Unknown,75,+919085086853,https://idbi.bank.in
P000107,State Bank of India - Sblc Silchar,Public Sector Bank,Assam,Cachar,Cachar,788001,24.823637,92.801827,PMEGP; MUDRA,true,Unknown,Unknown,Unknown,Unknown,Unknown,100,+918811060423,https://sbi.bank.in
P000108,State Bank of India - Sapekhati,Public Sector Bank,Assam,Charaideo,Charaideo,785692,27.0639,95.0941,PMEGP; MUDRA,true,Unknown,Unknown,Unknown,Unknown,Unknown,100,+917002568462,https://sbi.bank.in
P000109,State Bank of India - Kajalgaon,Public Sector Bank,Assam,Chirang,Chirang,783385,26.5085833,90.5259167,PMEGP; MUDRA,true,Unknown,Unknown,Unknown,Unknown,Unknown,100,+919435020915,https://sbi.bank.in
P000110,Bank of Maharashtra - Mangaldoi,Public Sector Bank,Assam,Darrang,Darrang,784125,26.4348442,92.0296825,PMEGP; MUDRA,true,Unknown,Unknown,Unknown,Unknown,Unknown,100,+917099092201,https://bankofmaharashtra.bank.in
P000111,Bank of India - Dhemaji,Public Sector Bank,Assam,Dhemaji,Dhemaji,787057,27.480789,94.556649,PMEGP; MUDRA,true,Unknown,Unknown,Unknown,Unknown,Unknown,100,+917670080009,https://bankofindia.bank.in
P000112,ICICI Bank - Dhemaji,Private Sector Bank,Assam,Dhemaji,Dhemaji,787057,27.480789,94.556649,MUDRA,true,Unknown,Unknown,Unknown,Unknown,Unknown,75,+917896011557,https://icici.bank.in
P000113,IDBI Bank - Dhemaji,Private Sector Bank,Assam,Dhemaji,Dhemaji,787057,27.480789,94.556649,MUDRA,true,Unknown,Unknown,Unknown,Unknown,Unknown,75,+919485138460,https://idbi.bank.in
P000114,Bandhan Bank - Dhubri,Private Sector Bank,Assam,Dhubri,Dhubri,783301,26.0186944,89.9942778,MUDRA,true,Unknown,Unknown,Unknown,Unknown,Unknown,75,+919706312191,https://bandhan.bank.in
P000115,"ICICI Bank - Dhubri, Assam",Private Sector Bank,Assam,Dhubri,Dhubri,783301,26.0186944,89.9942778,MUDRA,true,Unknown,Unknown,Unknown,Unknown,Unknown,75,+918720980621,https://icici.bank.in
P000116,IDBI Bank - Dhubri,Private Sector Bank,Assam,Dhubri,Dhubri,783301,26.0186944,89.9942778,MUDRA,true,Unknown,Unknown,Unknown,Unknown,Unknown,75,+913662232700,https://idbi.bank.in
P000117,Bandhan Bank - Dibrugarh,Private Sector Bank,Assam,Dibrugarh,Dibrugarh,786001,27.4798611,94.9055,MUDRA,true,Unknown,Unknown,Unknown,Unknown,Unknown,75,+919706813841,https://bandhan.bank.in
P000118,Canara Bank - Dibrugarh Assam,Public Sector Bank,Assam,Dibrugarh,Dibrugarh,786001,27.4798611,94.9055,PMEGP; MUDRA,true,Unknown,Unknown,Unknown,Unknown,Unknown,100,+913732313409,https://canarabank.bank.in
P000119,State Bank of India - Sme Branch Dibrugarh,Public Sector Bank,Assam,Dibrugarh,Dibrugarh,786001,27.4798611,94.9055,PMEGP; MUDRA,true,Unknown,Unknown,Unknown,Unknown,Unknown,100,+919110093944,https://sbi.bank.in
P000120,HDFC Bank - Haflong Ii,Private Sector Bank,Assam,Dima Hasao,Dima Hasao,788819,25.0583488,92.9491906,MUDRA,true,Unknown,Unknown,Unknown,Unknown,Unknown,65,Unknown,https://hdfc.bank.in
P000121,Canara Bank - Goalpara,Public Sector Bank,Assam,Goalpara,Goalpara,783101,26.14587,90.61544,PMEGP; MUDRA,true,Unknown,Unknown,Unknown,Unknown,Unknown,100,+913663243447,https://canarabank.bank.in
P000122,ICICI Bank - Goalpara,Private Sector Bank,Assam,Goalpara,Goalpara,783101,26.14587,90.61544,MUDRA,true,Unknown,Unknown,Unknown,Unknown,Unknown,75,+919678285973,https://icici.bank.in
P000123,IDBI Bank - Goalpara,Private Sector Bank,Assam,Goalpara,Goalpara,783101,26.14587,90.61544,MUDRA,true,Unknown,Unknown,Unknown,Unknown,Unknown,75,+919706076693,https://idbi.bank.in
P000124,Bandhan Bank - Golaghat,Private Sector Bank,Assam,Golaghat,Golaghat,785702,26.5001388,93.9724444,MUDRA,true,Unknown,Unknown,Unknown,Unknown,Unknown,75,+918403914851,https://bandhan.bank.in
P000125,Canara Bank - Golaghat Branch,Public Sector Bank,Assam,Golaghat,Golaghat,785621,26.51225,93.9716944,PMEGP; MUDRA,true,Unknown,Unknown,Unknown,Unknown,Unknown,100,+913774281355,https://canarabank.bank.in
P000126,IDBI Bank - Golaghat,Private Sector Bank,Assam,Golaghat,Golaghat,785621,26.51225,93.9716944,MUDRA,true,Unknown,Unknown,Unknown,Unknown,Unknown,75,+919706081274,https://idbi.bank.in
P000127,Axis Bank - Srcb Road,Private Sector Bank,Assam,Guwahati,Guwahati,781001,26.1887778,91.7456389,MUDRA,true,Unknown,Unknown,Unknown,Unknown,Unknown,75,+917367079030,https://axis.bank.in
P000128,Bank of India - Guwahati Sme,Public Sector Bank,Assam,Guwahati,Guwahati,781005,26.1505816,91.7848028,PMEGP; MUDRA,true,Unknown,Unknown,Unknown,Unknown,Unknown,100,+913612349866,https://bankofindia.bank.in
P000129,Bank of India - Gsroad,Public Sector Bank,Assam,Guwahati,Guwahati,781005,26.1505816,91.7848028,PMEGP; MUDRA,true,Unknown,Unknown,Unknown,Unknown,Unknown,100,+913612468991,https://bankofindia.bank.in
P000130,Punjab & Sind Bank - Guwahati,Public Sector Bank,Assam,Guwahati,Guwahati,781001,26.1887778,91.7456389,PMEGP; MUDRA,true,Unknown,Unknown,Unknown,Unknown,Unknown,100,+913612604627,https://punjabandsind.bank.in
P000131,Punjab & Sind Bank - Cenmarg Guwahati,Public Sector Bank,Assam,Guwahati,Guwahati,781001,26.1887778,91.7456389,PMEGP; MUDRA,true,Unknown,Unknown,Unknown,Unknown,Unknown,100,+913612604627,https://punjabandsind.bank.in
P000132,"State Bank of India - Lcpc, Guwahati",Public Sector Bank,Assam,Guwahati,Guwahati,781040,26.1203667,91.7507642,PMEGP; MUDRA,true,Unknown,Unknown,Unknown,Unknown,Unknown,100,+918794736336,https://sbi.bank.in
P000133,UCO Bank - Guwahati Main,Public Sector Bank,Assam,Guwahati,Guwahati,781001,26.1887778,91.7456389,PMEGP; MUDRA,true,Unknown,Unknown,Unknown,Unknown,Unknown,100,+913612540515,https://uco.bank.in
P000134,UCO Bank - Silpukhuri Guwahati,Public Sector Bank,Assam,Guwahati,Guwahati,781003,26.1850833,91.7649306,PMEGP; MUDRA,true,Unknown,Unknown,Unknown,Unknown,Unknown,100,+913612660518,https://uco.bank.in
P000135,Bandhan Bank - Hailakandi Branch,Private Sector Bank,Assam,Hailakandi,Hailakandi,788151,24.677902,92.554808,MUDRA,true,Unknown,Unknown,Unknown,Unknown,Unknown,75,+918876232295,https://bandhan.bank.in
P000136,Canara Bank - Hilakandi,Public Sector Bank,Assam,Hailakandi,Hailakandi,788155,24.68,92.56,PMEGP; MUDRA,true,Unknown,Unknown,Unknown,Unknown,Unknown,100,+913844222311,https://canarabank.bank.in
P000137,ICICI Bank - Hailakandi,Private Sector Bank,Assam,Hailakandi,Hailakandi,788151,24.677902,92.554808,MUDRA,true,Unknown,Unknown,Unknown,Unknown,Unknown,75,+918811021313,https://icici.bank.in
P000138,Bank of India - Hojai,Public Sector Bank,Assam,Hojai,Hojai,782435,26.3486944,92.7005,PMEGP; MUDRA,true,Unknown,Unknown,Unknown,Unknown,Unknown,100,+919101231426,https://bankofindia.bank.in
P000139,Bank of Maharashtra - Hojai,Public Sector Bank,Assam,Hojai,Hojai,782435,26.3486944,92.7005,PMEGP; MUDRA,true,Unknown,Unknown,Unknown,Unknown,Unknown,100,+917099016386,https://bankofmaharashtra.bank.in
P000140,Canara Bank - Doboka,Public Sector Bank,Assam,Hojai,Hojai,782440,26.1166,92.8666,PMEGP; MUDRA,true,Unknown,Unknown,Unknown,Unknown,Unknown,100,+918721006659,https://canarabank.bank.in
P000141,Bandhan Bank - Jorhat,Private Sector Bank,Assam,Jorhat,Jorhat,785002,,,MUDRA,true,Unknown,Unknown,Unknown,Unknown,Unknown,75,+919706213871,https://bandhan.bank.in
P000142,Bank of India - Jorhat,Public Sector Bank,Assam,Jorhat,Jorhat,785001,26.7580278,94.2100556,PMEGP; MUDRA,true,Unknown,Unknown,Unknown,Unknown,Unknown,100,+913762301437,https://bankofindia.bank.in
P000143,Canara Bank - Jorhat,Public Sector Bank,Assam,Jorhat,Jorhat,785001,26.7580278,94.2100556,PMEGP; MUDRA,true,Unknown,Unknown,Unknown,Unknown,Unknown,100,+913762309779,https://canarabank.bank.in
P000144,Bank of Maharashtra - Rangia,Public Sector Bank,Assam,Kamrup,Kamrup,781354,26.1887778,91.7456389,PMEGP; MUDRA,true,Unknown,Unknown,Unknown,Unknown,Unknown,100,+917099092202,https://bankofmaharashtra.bank.in
P000145,Indian Bank - Ahom Gaon,Public Sector Bank,Assam,Kamrup,Kamrup,781035,26.1160833,91.7083333,PMEGP; MUDRA,true,Unknown,Unknown,Unknown,Unknown,Unknown,100,+913612132868,https://indianbank.bank.in
P000146,State Bank of India - Kamalpur,Public Sector Bank,Assam,Kamrup,Kamrup,781380,26.345684,91.689828,PMEGP; MUDRA,true,Unknown,Unknown,Unknown,Unknown,Unknown,100,+918486550779,https://sbi.bank.in
P000147,Bank of Maharashtra - Narengi,Public Sector Bank,Assam,Kamrup Metropolitan,Kamrup Metropolitan,781026,26.18054,91.82509,PMEGP; MUDRA,true,Unknown,Unknown,Unknown,Unknown,Unknown,100,+917099029879,https://bankofmaharashtra.bank.in
P000148,Indian Bank - G N B Road,Public Sector Bank,Assam,Kamrup Metropolitan,Kamrup Metropolitan,781003,26.1850833,91.7649306,PMEGP; MUDRA,true,Unknown,Unknown,Unknown,Unknown,Unknown,100,+913612665710,https://indianbank.bank.in
P000149,State Bank of India - Khatkhati Branch,Public Sector Bank,Assam,Karbi Anglong,Karbi Anglong,782480,26.0242778,93.7720556,PMEGP; MUDRA,true,Unknown,Unknown,Unknown,Unknown,Unknown,100,+918811061052,https://sbi.bank.in
P000150,Bandhan Bank - Karimganj,Private Sector Bank,Assam,Karimganj,Karimganj,788710,24.8730336,92.3501528,MUDRA,true,Unknown,Unknown,Unknown,Unknown,Unknown,75,+917577913901,https://bandhan.bank.in
P000151,Indian Bank - Karimganj Bazar,Public Sector Bank,Assam,Karimganj,Karimganj,788711,26.1575168,85.4000764,PMEGP; MUDRA,true,Unknown,Unknown,Unknown,Unknown,Unknown,100,+913843262110,https://indianbank.bank.in
P000152,State Bank of India - Nilam Bazar,Public Sector Bank,Assam,Karimganj,Karimganj,788722,24.7735168,92.3520764,PMEGP; MUDRA,true,Unknown,Unknown,Unknown,Unknown,Unknown,100,+917060334242,https://sbi.bank.in
P000153,Bandhan Bank - Kokrajhar,Private Sector Bank,Assam,Kokrajhar,Kokrajhar,783370,26.4036944,90.2721944,MUDRA,true,Unknown,Unknown,Unknown,Unknown,Unknown,75,+919903419531,https://bandhan.bank.in
P000154,Bank of India - Kokrajhar,Public Sector Bank,Assam,Kokrajhar,Kokrajhar,783370,26.4036944,90.2721944,PMEGP; MUDRA,true,Unknown,Unknown,Unknown,Unknown,Unknown,100,+917005120890,https://bankofindia.bank.in
P000155,Indian Bank - Titaguri,Public Sector Bank,Assam,Kokrajhar,Kokrajhar,783370,26.4036944,90.2721944,PMEGP; MUDRA,true,Unknown,Unknown,Unknown,Unknown,Unknown,100,+919706216303,https://indianbank.bank.in
P000156,Bank of Maharashtra - North Lakhimpur,Public Sector Bank,Assam,Lakhimpur,Lakhimpur,787031,27.2302389,94.0904389,PMEGP; MUDRA,true,Unknown,Unknown,Unknown,Unknown,Unknown,100,+916296553403,https://bankofmaharashtra.bank.in
P000157,Indian Bank - North Lakhimpur K B Road,Public Sector Bank,Assam,Lakhimpur,Lakhimpur,787001,27.2375556,94.1075,PMEGP; MUDRA,true,Unknown,Unknown,Unknown,Unknown,Unknown,100,+919864355667,https://indianbank.bank.in
P000158,Punjab National Bank - Garamur,Public Sector Bank,Assam,Majuli,Majuli,785104,26.9836944,94.1563055,PMEGP; MUDRA,true,Unknown,Unknown,Unknown,Unknown,Unknown,100,+913775273385,https://pnb.bank.in
P000159,Canara Bank - Morigaon,Public Sector Bank,Assam,Morigaon,Morigaon,782105,26.252942,92.335689,PMEGP; MUDRA,true,Unknown,Unknown,Unknown,Unknown,Unknown,100,+913678241990,https://canarabank.bank.in
P000160,ICICI Bank - Morigaon,Private Sector Bank,Assam,Morigaon,Morigaon,782105,26.252942,92.335689,MUDRA,true,Unknown,Unknown,Unknown,Unknown,Unknown,75,+919706076526,https://icici.bank.in
P000161,Indian Overseas Bank - Mikirbeta,Public Sector Bank,Assam,Morigaon,Morigaon,782108,,,PMEGP; MUDRA,true,Unknown,Unknown,Unknown,Unknown,Unknown,100,+913678294408,https://www.iob.in
P000162,Axis Bank - Bazar Branch Nagaon,Private Sector Bank,Assam,Nagaon,Nagaon,782001,26.3486944,92.7005,MUDRA,true,Unknown,Unknown,Unknown,Unknown,Unknown,75,+919365007215,https://axis.bank.in
P000163,Bandhan Bank - Nagaon,Private Sector Bank,Assam,Nagaon,Nagaon,782001,26.3486944,92.7005,MUDRA,true,Unknown,Unknown,Unknown,Unknown,Unknown,75,+919706614351,https://bandhan.bank.in
P000164,Canara Bank - Nowgong,Public Sector Bank,Assam,Nagaon,Nagaon,782001,26.3486944,92.7005,PMEGP; MUDRA,true,Unknown,Unknown,Unknown,Unknown,Unknown,100,+913672230212,https://canarabank.bank.in
P000165,Bandhan Bank - Nalbari,Private Sector Bank,Assam,Nalbari,Nalbari,781335,26.4447778,91.438,MUDRA,true,Unknown,Unknown,Unknown,Unknown,Unknown,75,+917596813541,https://bandhan.bank.in
P000166,Canara Bank - Nalbari,Public Sector Bank,Assam,Nalbari,Nalbari,781353,26.2734,91.1927,PMEGP; MUDRA,true,Unknown,Unknown,Unknown,Unknown,Unknown,100,+913624222299,https://canarabank.bank.in
P000167,State Bank of India - Simla Bazar,Public Sector Bank,Assam,Nalbari,Nalbari,781330,26.3291389,91.01025,PMEGP; MUDRA,true,Unknown,Unknown,Unknown,Unknown,Unknown,100,+919957031991,https://sbi.bank.in
P000168,Bank of India - Tarapur,Public Sector Bank,Assam,Silchar,Silchar,788001,24.823637,92.801827,PMEGP; MUDRA,true,Unknown,Unknown,Unknown,Unknown,Unknown,100,+917283233090,https://bankofindia.bank.in
P000169,State Bank of India - Meherpur,Public Sector Bank,Assam,Silchar,Silchar,788015,24.8518185,92.5609135,PMEGP; MUDRA,true,Unknown,Unknown,Unknown,Unknown,Unknown,100,+919435480952,https://sbi.bank.in
P000170,UCO Bank - Silchar,Public Sector Bank,Assam,Silchar,Silchar,788001,24.823637,92.801827,PMEGP; MUDRA,true,Unknown,Unknown,Unknown,Unknown,Unknown,100,+91361247915,https://uco.bank.in
P000171,Bank of India - Sivasagar,Public Sector Bank,Assam,Sivasagar,Sivasagar,785640,26.9886944,94.6318889,PMEGP; MUDRA,true,Unknown,Unknown,Unknown,Unknown,Unknown,100,+913772225646,https://bankofindia.bank.in
P000172,Indian Bank - Sibsagar,Public Sector Bank,Assam,Sivasagar,Sivasagar,785640,26.9886944,94.6318889,PMEGP; MUDRA,true,Unknown,Unknown,Unknown,Unknown,Unknown,100,+919628610699,https://indianbank.bank.in
P000173,Punjab & Sind Bank - Sivasagar,Public Sector Bank,Assam,Sivasagar,Sivasagar,785640,26.9886944,94.6318889,PMEGP; MUDRA,true,Unknown,Unknown,Unknown,Unknown,Unknown,100,+918638098972,https://punjabandsind.bank.in
P000174,State Bank of India - Jamugurihat,Public Sector Bank,Assam,Sonitpur,Sonitpur,784180,26.747783,92.9315498,PMEGP; MUDRA,true,Unknown,Unknown,Unknown,Unknown,Unknown,100,+919435505560,https://sbi.bank.in
P000175,Bank of India - Tezpur,Public Sector Bank,Assam,Tezpur,Tezpur,784001,26.7070425,92.7777184,PMEGP; MUDRA,true,Unknown,Unknown,Unknown,Unknown,Unknown,100,+913712252933,https://bankofindia.bank.in
P000176,IDBI Bank - Tezpur,Private Sector Bank,Assam,Tezpur,Tezpur,784001,26.7070425,92.7777184,MUDRA,true,Unknown,Unknown,Unknown,Unknown,Unknown,75,+918011209467,https://idbi.bank.in
P000177,State Bank of India - Sme Tezpur,Public Sector Bank,Assam,Tezpur,Tezpur,784001,26.7070425,92.7777184,PMEGP; MUDRA,true,Unknown,Unknown,Unknown,Unknown,Unknown,100,+913712255714,https://sbi.bank.in
P000178,Bandhan Bank - Tinsukia,Private Sector Bank,Assam,Tinsukia,Tinsukia,786125,27.492191,95.346775,MUDRA,true,Unknown,Unknown,Unknown,Unknown,Unknown,75,+919706815061,https://bandhan.bank.in
P000179,Canara Bank - Tinsukia,Public Sector Bank,Assam,Tinsukia,Tinsukia,786125,27.492191,95.346775,PMEGP; MUDRA,true,Unknown,Unknown,Unknown,Unknown,Unknown,100,+913742331447,https://canarabank.bank.in
P000180,State Bank of India - Sme Tinsukia,Public Sector Bank,Assam,Tinsukia,Tinsukia,786125,27.492191,95.346775,PMEGP; MUDRA,true,Unknown,Unknown,Unknown,Unknown,Unknown,100,+913742332749,https://sbi.bank.in
P000181,Bandhan Bank - Udalguri Branch,Private Sector Bank,Assam,Udalguri,Udalguri,784509,26.77308,92.1092,MUDRA,true,Unknown,Unknown,Unknown,Unknown,Unknown,75,+919230523851,https://bandhan.bank.in
P000182,Bandhan Bank - Araria,Private Sector Bank,Bihar,Araria,Araria,854311,26.186239,87.559361,MUDRA,true,Unknown,Unknown,Unknown,Unknown,Unknown,75,+919546110981,https://bandhan.bank.in
P000183,"Canara Bank - Araria Dt. Hq ,Mcd",Public Sector Bank,Bihar,Araria,Araria,854311,26.186239,87.559361,PMEGP; MUDRA,true,Unknown,Unknown,Unknown,Unknown,Unknown,100,+916453224746,https://canarabank.bank.in
P000184,Indian Bank - Araria Main,Public Sector Bank,Bihar,Araria,Araria,854311,26.186239,87.559361,PMEGP; MUDRA,true,Unknown,Unknown,Unknown,Unknown,Unknown,100,+918292891501,https://indianbank.bank.in
P000185,Bandhan Bank - Arwal,Private Sector Bank,Bihar,Arwal,Arwal,804401,25.60604,85.09686,MUDRA,true,Unknown,Unknown,Unknown,Unknown,Unknown,75,+916289519561,https://bandhan.bank.in
P000186,Canara Bank - Arwal,Public Sector Bank,Bihar,Arwal,Arwal,804401,25.60604,85.09686,PMEGP; MUDRA,true,Unknown,Unknown,Unknown,Unknown,Unknown,100,+916337229369,https://canarabank.bank.in
P000187,ICICI Bank - Arwal Nagar Parisad,Private Sector Bank,Bihar,Arwal,Arwal,804401,25.60604,85.09686,MUDRA,true,Unknown,Unknown,Unknown,Unknown,Unknown,75,+919399285813,https://icici.bank.in
P000188,IDBI Bank - Aurangabad,Private Sector Bank,Bihar,Aurangabad,Aurangabad,824101,24.770316,84.248952,MUDRA,true,Unknown,Unknown,Unknown,Unknown,Unknown,75,+917738414890,https://idbi.bank.in
P000189,Indian Bank - Aurangabad Main,Public Sector Bank,Bihar,Aurangabad,Aurangabad,824101,24.770316,84.248952,PMEGP; MUDRA,true,Unknown,Unknown,Unknown,Unknown,Unknown,100,+916186225240,https://indianbank.bank.in
P000190,State Bank of India - Sme Aurangabad,Public Sector Bank,Bihar,Aurangabad,Aurangabad,824101,24.770316,84.248952,PMEGP; MUDRA,true,Unknown,Unknown,Unknown,Unknown,Unknown,100,+917500333320,https://sbi.bank.in
P000191,Bandhan Bank - Banka,Private Sector Bank,Bihar,Banka,Banka,813102,24.8866944,86.9183889,MUDRA,true,Unknown,Unknown,Unknown,Unknown,Unknown,75,+919523011031,https://bandhan.bank.in
P000192,Canara Bank - Banka,Public Sector Bank,Bihar,Banka,Banka,813102,24.8866944,86.9183889,PMEGP; MUDRA,true,Unknown,Unknown,Unknown,Unknown,Unknown,100,+916424223860,https://canarabank.bank.in
P000193,Indian Bank - Banka Main,Public Sector Bank,Bihar,Banka,Banka,813101,24.8866944,86.9183889,PMEGP; MUDRA,true,Unknown,Unknown,Unknown,Unknown,Unknown,100,+919955691833,https://indianbank.bank.in
P000194,Bandhan Bank - Begusarai,Private Sector Bank,Bihar,Begusarai,Begusarai,851101,25.416675,86.129379,MUDRA,true,Unknown,Unknown,Unknown,Unknown,Unknown,75,+919006611051,https://bandhan.bank.in
P000195,Bank of India - Bakhri Bazar,Public Sector Bank,Bihar,Begusarai,Begusarai,848201,25.416675,86.129379,PMEGP; MUDRA,true,Unknown,Unknown,Unknown,Unknown,Unknown,100,+917870185500,https://bankofindia.bank.in
P000196,Indian Bank - Begusarai Main,Public Sector Bank,Bihar,Begusarai,Begusarai,851101,25.416675,86.129379,PMEGP; MUDRA,true,Unknown,Unknown,Unknown,Unknown,Unknown,100,+919432343483,https://indianbank.bank.in
P000197,Canara Bank - Bhagalpur Collectorate,Public Sector Bank,Bihar,Bhagalpur,Bhagalpur,812001,25.2496944,86.9869722,PMEGP; MUDRA,true,Unknown,Unknown,Unknown,Unknown,Unknown,100,+916412409572,https://canarabank.bank.in
P000198,Indian Bank - Bhagalpur Main,Public Sector Bank,Bihar,Bhagalpur,Bhagalpur,812001,25.2496944,86.9869722,PMEGP; MUDRA,true,Unknown,Unknown,Unknown,Unknown,Unknown,100,+918145008415,https://indianbank.bank.in
P000199,State Bank of India - Sme Bhagalpur,Public Sector Bank,Bihar,Bhagalpur,Bhagalpur,812001,25.2496944,86.9869722,PMEGP; MUDRA,true,Unknown,Unknown,Unknown,Unknown,Unknown,100,+917091473625,https://sbi.bank.in
P000200,Bandhan Bank - Piro Branch,Private Sector Bank,Bihar,Bhojpur,Bhojpur,802207,25.3736926,84.4379854,MUDRA,true,Unknown,Unknown,Unknown,Unknown,Unknown,75,+919147325881,https://bandhan.bank.in
P000201,Bank of Maharashtra - Mahavir Tola Arrah,Public Sector Bank,Bihar,Bhojpur,Bhojpur,802301,25.55824,84.674896,PMEGP; MUDRA,true,Unknown,Unknown,Unknown,Unknown,Unknown,100,+917643991481,https://bankofmaharashtra.bank.in
P000202,State Bank of India - Koilwar,Public Sector Bank,Bihar,Bhojpur,Bhojpur,802160,25.5774284,84.773666,PMEGP; MUDRA,true,Unknown,Unknown,Unknown,Unknown,Unknown,100,+919431033169,https://sbi.bank.in
P000203,Bandhan Bank - Buxar,Private Sector Bank,Bihar,Buxar,Buxar,802101,25.5784166,83.9789722,MUDRA,true,Unknown,Unknown,Unknown,Unknown,Unknown,75,+917700812861,https://bandhan.bank.in
P000204,Canara Bank - Buxar District Collectorate,Public Sector Bank,Bihar,Buxar,Buxar,802101,25.5784166,83.9789722,PMEGP; MUDRA,true,Unknown,Unknown,Unknown,Unknown,Unknown,100,+916183223096,https://canarabank.bank.in
P000205,Indian Bank - Buxar Collectorate,Public Sector Bank,Bihar,Buxar,Buxar,802103,25.5784167,83.9789722,PMEGP; MUDRA,true,Unknown,Unknown,Unknown,Unknown,Unknown,100,+916183224004,https://indianbank.bank.in
P000206,Bank of India - Gudari Bazar,Public Sector Bank,Bihar,Chapra,Chapra,841315,,,PMEGP; MUDRA,true,Unknown,Unknown,Unknown,Unknown,Unknown,100,+919386870310,https://bankofindia.bank.in
P000207,State Bank of India - Sme Chapra,Public Sector Bank,Bihar,Chapra,Chapra,841301,25.779565,84.749889,PMEGP; MUDRA,true,Unknown,Unknown,Unknown,Unknown,Unknown,100,+919931569058,https://sbi.bank.in
P000208,Bandhan Bank - Darbhanga,Private Sector Bank,Bihar,Darbhanga,Darbhanga,846004,26.1561667,85.8928889,MUDRA,true,Unknown,Unknown,Unknown,Unknown,Unknown,75,+917319711211,https://bandhan.bank.in
P000209,Bank of India - Brahampur,Public Sector Bank,Bihar,Darbhanga,Darbhanga,847307,26.1913888,85.7416666,PMEGP; MUDRA,true,Unknown,Unknown,Unknown,Unknown,Unknown,100,+917277586222,https://bankofindia.bank.in
P000210,Canara Bank - Darbhanga Delhi More,Public Sector Bank,Bihar,Darbhanga,Darbhanga,846004,26.1561667,85.8928889,PMEGP; MUDRA,true,Unknown,Unknown,Unknown,Unknown,Unknown,100,+917070196412,https://canarabank.bank.in
P000211,"Canara Bank - G B Road ,Main,Gaya",Public Sector Bank,Bihar,Gaya,Gaya,823001,24.7938333,85.0080833,PMEGP; MUDRA,true,Unknown,Unknown,Unknown,Unknown,Unknown,100,+916312222958,https://canarabank.bank.in
P000212,Indian Bank - Gaya Main,Public Sector Bank,Bihar,Gaya,Gaya,823001,24.7938333,85.0080833,PMEGP; MUDRA,true,Unknown,Unknown,Unknown,Unknown,Unknown,100,+916312223182,https://indianbank.bank.in
P000213,State Bank of India - Sme Gaya,Public Sector Bank,Bihar,Gaya,Gaya,823001,24.7938333,85.0080833,PMEGP; MUDRA,true,Unknown,Unknown,Unknown,Unknown,Unknown,100,+919955542373,https://sbi.bank.in
P000214,Bank of India - Barouli,Public Sector Bank,Bihar,Gopalganj,Gopalganj,841405,26.4676667,84.4403056,PMEGP; MUDRA,true,Unknown,Unknown,Unknown,Unknown,Unknown,100,+919638576402,https://bankofindia.bank.in
P000215,Canara Bank - Gopalganj,Public Sector Bank,Bihar,Gopalganj,Gopalganj,841828,,,PMEGP; MUDRA,true,Unknown,Unknown,Unknown,Unknown,Unknown,100,+916156228248,https://canarabank.bank.in
P000216,State Bank of India - Sme Gopalganj,Public Sector Bank,Bihar,Gopalganj,Gopalganj,841428,26.4676667,84.4403056,PMEGP; MUDRA,true,Unknown,Unknown,Unknown,Unknown,Unknown,100,+919852614076,https://sbi.bank.in
P000217,State Bank of India - Cac Hajipur,Public Sector Bank,Bihar,Hajipur,Hajipur,844101,25.6916388,85.2113333,PMEGP; MUDRA,true,Unknown,Unknown,Unknown,Unknown,Unknown,100,+919430901681,https://sbi.bank.in
P000218,UCO Bank - Hajipur,Public Sector Bank,Bihar,Hajipur,Hajipur,844101,25.6916388,85.2113333,PMEGP; MUDRA,true,Unknown,Unknown,Unknown,Unknown,Unknown,100,+916224260610,https://uco.bank.in
P000219,Bank of India - Dadpur Jamui,Public Sector Bank,Bihar,Jamui,Jamui,811305,29.0818159,86.2613367,PMEGP; MUDRA,true,Unknown,Unknown,Unknown,Unknown,Unknown,100,+919304774726,https://bankofindia.bank.in
P000220,Canara Bank - Jamui,Public Sector Bank,Bihar,Jamui,Jamui,811307,24.9288056,86.2261944,PMEGP; MUDRA,true,Unknown,Unknown,Unknown,Unknown,Unknown,100,+916345225028,https://canarabank.bank.in
P000221,Indian Bank - Jamui Main,Public Sector Bank,Bihar,Jamui,Jamui,811307,24.9288056,86.2261944,PMEGP; MUDRA,true,Unknown,Unknown,Unknown,Unknown,Unknown,100,+917070093200,https://indianbank.bank.in
P000222,IDBI Bank - Jehanabad Main Branch,Private Sector Bank,Bihar,Jehanabad,Jehanabad,804408,25.2376944,85.0010833,MUDRA,true,Unknown,Unknown,Unknown,Unknown,Unknown,75,+917903290016,https://idbi.bank.in
P000223,Indian Bank - Jehanabad Main,Public Sector Bank,Bihar,Jehanabad,Jehanabad,804408,25.2376944,85.0010833,PMEGP; MUDRA,true,Unknown,Unknown,Unknown,Unknown,Unknown,100,+919955004080,https://indianbank.bank.in
P000224,State Bank of India - Jehanabad Bazar,Public Sector Bank,Bihar,Jehanabad,Jehanabad,804408,25.2376944,85.0010833,PMEGP; MUDRA,true,Unknown,Unknown,Unknown,Unknown,Unknown,100,+919955997408,https://sbi.bank.in
P000225,Bandhan Bank - Katihar,Private Sector Bank,Bihar,Katihar,Katihar,854105,25.5441944,87.5698333,MUDRA,true,Unknown,Unknown,Unknown,Unknown,Unknown,75,+918969113981,https://bandhan.bank.in
P000226,Bank of India - Kursela,Public Sector Bank,Bihar,Katihar,Katihar,854101,25.4502,87.2501,PMEGP; MUDRA,true,Unknown,Unknown,Unknown,Unknown,Unknown,100,+919534408874,https://bankofindia.bank.in
P000227,State Bank of India - Sme Katihar,Public Sector Bank,Bihar,Katihar,Katihar,854105,25.5441944,87.5698333,PMEGP; MUDRA,true,Unknown,Unknown,Unknown,Unknown,Unknown,100,+918830487922,https://sbi.bank.in
P000228,Bandhan Bank - Khagaria,Private Sector Bank,Bihar,Khagaria,Khagaria,851204,25.511152,86.476908,MUDRA,true,Unknown,Unknown,Unknown,Unknown,Unknown,75,+917366011571,https://bandhan.bank.in
P000229,Bank of India - Alauli,Public Sector Bank,Bihar,Khagaria,Khagaria,848203,25.511152,86.476908,PMEGP; MUDRA,true,Unknown,Unknown,Unknown,Unknown,Unknown,100,+916244235022,https://bankofindia.bank.in
P000230,Indian Bank - Khagaria Main,Public Sector Bank,Bihar,Khagaria,Khagaria,851204,25.511152,86.476908,PMEGP; MUDRA,true,Unknown,Unknown,Unknown,Unknown,Unknown,100,+918017044258,https://indianbank.bank.in
P000231,Bandhan Bank - Kishanganj,Private Sector Bank,Bihar,Kishanganj,Kishanganj,855107,26.312807,87.758139,MUDRA,true,Unknown,Unknown,Unknown,Unknown,Unknown,75,+917762014571,https://bandhan.bank.in
P000232,Canara Bank - Kishanganj,Public Sector Bank,Bihar,Kishanganj,Kishanganj,855108,26.107,87.95675,PMEGP; MUDRA,true,Unknown,Unknown,Unknown,Unknown,Unknown,100,+916456233198,https://canarabank.bank.in
P000233,IDBI Bank - Kishanganj,Private Sector Bank,Bihar,Kishanganj,Kishanganj,855108,26.107,87.95675,MUDRA,true,Unknown,Unknown,Unknown,Unknown,Unknown,75,+916456233323,https://idbi.bank.in
P000234,Canara Bank - Lakhisarai,Public Sector Bank,Bihar,Lakhisarai,Lakhisarai,811311,86.0926597,25.1815494,PMEGP; MUDRA,true,Unknown,Unknown,Unknown,Unknown,Unknown,100,+916346232966,https://canarabank.bank.in
P000235,"ICICI Bank - Lakhisarai Naya Bazar, Bihar",Private Sector Bank,Bihar,Lakhisarai,Lakhisarai,811311,86.0926597,25.1815494,MUDRA,true,Unknown,Unknown,Unknown,Unknown,Unknown,75,+919771418913,https://icici.bank.in
P000236,State Bank of India - Mananpur Bazar,Public Sector Bank,Bihar,Lakhisarai,Lakhisarai,811310,86.1969172,25.0773076,PMEGP; MUDRA,true,Unknown,Unknown,Unknown,Unknown,Unknown,100,+919431046645,https://sbi.bank.in
P000237,Bandhan Bank - Madhepura,Private Sector Bank,Bihar,Madhepura,Madhepura,852113,25.9154444,86.7904167,MUDRA,true,Unknown,Unknown,Unknown,Unknown,Unknown,75,+918757011631,https://bandhan.bank.in
P000238,ICICI Bank - Main Branch Madhepura,Private Sector Bank,Bihar,Madhepura,Madhepura,852113,25.9154444,86.7904167,MUDRA,true,Unknown,Unknown,Unknown,Unknown,Unknown,75,+917070091356,https://icici.bank.in
P000239,Indian Bank - Madhepura Main,Public Sector Bank,Bihar,Madhepura,Madhepura,852113,25.9154444,86.7904167,PMEGP; MUDRA,true,Unknown,Unknown,Unknown,Unknown,Unknown,100,+918467028942,https://indianbank.bank.in
P000240,Bandhan Bank - Madhubani,Private Sector Bank,Bihar,Madhubani,Madhubani,847211,26.34725,86.0718611,MUDRA,true,Unknown,Unknown,Unknown,Unknown,Unknown,75,+918017818571,https://bandhan.bank.in
P000241,Bank of India - Sakri Madhubani Branch,Public Sector Bank,Bihar,Madhubani,Madhubani,847239,26.34725,86.0718611,PMEGP; MUDRA,true,Unknown,Unknown,Unknown,Unknown,Unknown,100,+916276250096,https://bankofindia.bank.in
P000242,State Bank of India - Madhubani Bazar,Public Sector Bank,Bihar,Madhubani,Madhubani,847211,26.34725,86.0718611,PMEGP; MUDRA,true,Unknown,Unknown,Unknown,Unknown,Unknown,100,+919798495650,https://sbi.bank.in
P000243,Bank of India - Raghunathpur,Public Sector Bank,Bihar,Motihari,Motihari,845401,26.6446944,84.9017222,PMEGP; MUDRA,true,Unknown,Unknown,Unknown,Unknown,Unknown,100,+917488273898,https://bankofindia.bank.in
P000244,State Bank of India - Cac Motihari,Public Sector Bank,Bihar,Motihari,Motihari,845401,26.6446944,84.9017222,PMEGP; MUDRA,true,Unknown,Unknown,Unknown,Unknown,Unknown,100,+919771417205,https://sbi.bank.in
P000245,Bandhan Bank - Muzaffarpur,Private Sector Bank,Bihar,Muzaffarpur,Muzaffarpur,842002,26.1264167,85.3818056,MUDRA,true,Unknown,Unknown,Unknown,Unknown,Unknown,75,+919661712201,https://bandhan.bank.in
P000246,Canara Bank - Aghoria Bazar Muzaffarpur,Public Sector Bank,Bihar,Muzaffarpur,Muzaffarpur,842002,26.1264167,85.3818056,PMEGP; MUDRA,true,Unknown,Unknown,Unknown,Unknown,Unknown,100,+919472016346,https://canarabank.bank.in
P000247,State Bank of India - Sme Bettiah,Public Sector Bank,Bihar,Muzaffarpur,Muzaffarpur,845438,26.7197822,84.5768944,PMEGP; MUDRA,true,Unknown,Unknown,Unknown,Unknown,Unknown,100,+917634808808,https://sbi.bank.in
P000248,Canara Bank - Nalanda,Public Sector Bank,Bihar,Nalanda,Nalanda,803111,25.1908333,85.5094444,PMEGP; MUDRA,true,Unknown,Unknown,Unknown,Unknown,Unknown,100,+916112281841,https://canarabank.bank.in
P000249,ICICI Bank - Sohsarai,Private Sector Bank,Bihar,Nalanda,Nalanda,803118,26.9873444,82.8151278,MUDRA,true,Unknown,Unknown,Unknown,Unknown,Unknown,75,+919973077459,https://icici.bank.in
P000250,Punjab National Bank - Bihar Sarif City Nalanda,Public Sector Bank,Bihar,Nalanda,Nalanda,803101,25.2027777,85.5263888,PMEGP; MUDRA,true,Unknown,Unknown,Unknown,Unknown,Unknown,100,+916112230456,https://pnb.bank.in
P000251,Bandhan Bank - Warisaliganj Branch,Private Sector Bank,Bihar,Nawada,Nawada,805130,24.8896604,85.3938382,MUDRA,true,Unknown,Unknown,Unknown,Unknown,Unknown,75,+918697223591,https://bandhan.bank.in
P000252,Canara Bank - Nawada,Public Sector Bank,Bihar,Nawada,Nawada,805110,24.887,85.5350278,PMEGP; MUDRA,true,Unknown,Unknown,Unknown,Unknown,Unknown,100,+916324210280,https://canarabank.bank.in
P000253,Indian Bank - Nawada Main,Public Sector Bank,Bihar,Nawada,Nawada,805110,24.887,85.5350278,PMEGP; MUDRA,true,Unknown,Unknown,Unknown,Unknown,Unknown,100,+919014038886,https://indianbank.bank.in
P000254,Bandhan Bank - Kurji More Patliputra Branch Patna,Private Sector Bank,Bihar,Patna,Patna,800010,25.633112,85.113811,MUDRA,true,Unknown,Unknown,Unknown,Unknown,Unknown,75,+919831324781,https://bandhan.bank.in
P000255,Bandhan Bank - Saguna More Branch Patna,Private Sector Bank,Bihar,Patna,Patna,801503,25.6424184,84.9707992,MUDRA,true,Unknown,Unknown,Unknown,Unknown,Unknown,75,+919674924791,https://bandhan.bank.in
P000256,Bank of India - Muradpur Chauhatta,Public Sector Bank,Bihar,Patna,Patna,800004,25.4445362,85.5654863,PMEGP; MUDRA,true,Unknown,Unknown,Unknown,Unknown,Unknown,100,+916122673514,https://bankofindia.bank.in
P000257,Bank of India - Patna C And P Banking,Public Sector Bank,Bihar,Patna,Patna,800001,25.6035833,85.1325556,PMEGP; MUDRA,true,Unknown,Unknown,Unknown,Unknown,Unknown,100,+916122572335,https://bankofindia.bank.in
P000258,Canara Bank - Patna City,Public Sector Bank,Bihar,Patna,Patna,800008,25.5970833,85.2306389,PMEGP; MUDRA,true,Unknown,Unknown,Unknown,Unknown,Unknown,100,+916122642500,https://canarabank.bank.in
P000259,Canara Bank - Mid Corporate Branch,Public Sector Bank,Bihar,Patna,Patna,800001,25.6035833,85.1325556,PMEGP; MUDRA,true,Unknown,Unknown,Unknown,Unknown,Unknown,100,+917001605516,https://canarabank.bank.in
P000260,Canara Bank - Spld Large Corporate Branch Patna,Public Sector Bank,Bihar,Patna,Patna,800001,25.6035833,85.1325556,PMEGP; MUDRA,true,Unknown,Unknown,Unknown,Unknown,Unknown,100,+918800390886,https://canarabank.bank.in
P000261,DCB Bank - Patna,Private Sector Bank,Bihar,Patna,Patna,800001,25.6035833,85.1325556,MUDRA,true,Unknown,Unknown,Unknown,Unknown,Unknown,75,+917301340929,https://dcb.bank.in
P000262,HDFC Bank - Moti Chowk Khagaul,Private Sector Bank,Bihar,Patna,Patna,801105,25.5254706,85.2900841,MUDRA,true,Unknown,Unknown,Unknown,Unknown,Unknown,75,+916122676161,https://hdfc.bank.in
P000263,ICICI Bank - Patnaraja Bazar,Private Sector Bank,Bihar,Patna,Patna,800014,25.605808,85.096745,MUDRA,true,Unknown,Unknown,Unknown,Unknown,Unknown,75,+919324905473,https://icici.bank.in
P000264,ICICI Bank - Patna City,Private Sector Bank,Bihar,Patna,Patna,800008,25.5970833,85.2306389,MUDRA,true,Unknown,Unknown,Unknown,Unknown,Unknown,75,+919504934444,https://icici.bank.in
P000265,IDBI Bank - Dinapur,Private Sector Bank,Bihar,Patna,Patna,801503,25.6424184,84.9707992,MUDRA,true,Unknown,Unknown,Unknown,Unknown,Unknown,75,+91800259004,https://idbi.bank.in
P000266,IDBI Bank - Retail Asset Centre Patna,Private Sector Bank,Bihar,Patna,Patna,800001,25.6035833,85.1325556,MUDRA,true,Unknown,Unknown,Unknown,Unknown,Unknown,75,+918017516663,https://idbi.bank.in
P000267,Indian Bank - Bailey Road,Public Sector Bank,Bihar,Patna,Patna,800001,25.6035833,85.1325556,PMEGP; MUDRA,true,Unknown,Unknown,Unknown,Unknown,Unknown,100,+916122527002,https://indianbank.bank.in
P000268,Indian Bank - Budh Marg,Public Sector Bank,Bihar,Patna,Patna,800001,25.6035833,85.1325556,PMEGP; MUDRA,true,Unknown,Unknown,Unknown,Unknown,Unknown,100,+916122220337,https://indianbank.bank.in
P000269,Indian Bank - Sam Small Patna,Public Sector Bank,Bihar,Patna,Patna,800014,25.605808,85.096745,PMEGP; MUDRA,true,Unknown,Unknown,Unknown,Unknown,Unknown,100,+918017007632,https://indianbank.bank.in
P000270,Punjab & Sind Bank - Patna City,Public Sector Bank,Bihar,Patna,Patna,800008,25.5970833,85.2306389,PMEGP; MUDRA,true,Unknown,Unknown,Unknown,Unknown,Unknown,100,+919031401957,https://punjabandsind.bank.in
P000271,Punjab National Bank - Patna City,Public Sector Bank,Bihar,Patna,Patna,800008,25.5970833,85.2306389,PMEGP; MUDRA,true,Unknown,Unknown,Unknown,Unknown,Unknown,100,+916122640059,https://pnb.bank.in
P000272,State Bank of India - Sme Kankarbagh Branch,Public Sector Bank,Bihar,Patna,Patna,800020,26.2036264,85.1560168,PMEGP; MUDRA,true,Unknown,Unknown,Unknown,Unknown,Unknown,100,+917766918663,https://sbi.bank.in
P000273,State Bank of India - Dhobaha Bazar,Public Sector Bank,Bihar,Patna,Patna,802156,25.6236586,84.575372,PMEGP; MUDRA,true,Unknown,Unknown,Unknown,Unknown,Unknown,100,+919472989412,https://sbi.bank.in
P000274,State Bank of India - Patory Bazar,Public Sector Bank,Bihar,Patna,Patna,848504,25.862968,85.781026,PMEGP; MUDRA,true,Unknown,Unknown,Unknown,Unknown,Unknown,100,+919771464611,https://sbi.bank.in
P000275,UCO Bank - Patna Main,Public Sector Bank,Bihar,Patna,Patna,800001,25.6035833,85.1325556,PMEGP; MUDRA,true,Unknown,Unknown,Unknown,Unknown,Unknown,100,+916122222302,https://uco.bank.in
P000276,UCO Bank - Razabazar Bihar,Public Sector Bank,Bihar,Patna,Patna,800014,25.605808,85.096745,PMEGP; MUDRA,true,Unknown,Unknown,Unknown,Unknown,Unknown,100,+91612296886,https://uco.bank.in
P000277,Union Bank of India - Patna City,Public Sector Bank,Bihar,Patna,Patna,800008,25.5970833,85.2306389,PMEGP; MUDRA,true,Unknown,Unknown,Unknown,Unknown,Unknown,100,+918986785427,https://unionbankofindia.bank.in
P000278,Bandhan Bank - Purnea,Private Sector Bank,Bihar,Purnea,Purnea,854301,25.7771391,87.4752551,MUDRA,true,Unknown,Unknown,Unknown,Unknown,Unknown,75,+919006411831,https://bandhan.bank.in
P000279,Bank of India - Gulabagh,Public Sector Bank,Bihar,Purnea,Purnea,854316,26.2652384,86.6731932,PMEGP; MUDRA,true,Unknown,Unknown,Unknown,Unknown,Unknown,100,+919009237865,https://bankofindia.bank.in
P000280,State Bank of India - Sme Purnea,Public Sector Bank,Bihar,Purnea,Purnea,854301,25.7771391,87.4752551,PMEGP; MUDRA,true,Unknown,Unknown,Unknown,Unknown,Unknown,100,+919523363900,https://sbi.bank.in
P000281,Bank of Maharashtra - Dehri,Public Sector Bank,Bihar,Rohtas,Rohtas,821307,24.901389,84.183889,PMEGP; MUDRA,true,Unknown,Unknown,Unknown,Unknown,Unknown,100,+917643991484,https://bankofmaharashtra.bank.in
P000282,Bank of India - Purab Bazar Saharsa,Public Sector Bank,Bihar,Saharsa,Saharsa,852201,25.8840833,86.5923611,PMEGP; MUDRA,true,Unknown,Unknown,Unknown,Unknown,Unknown,100,+917677641092,https://bankofindia.bank.in
P000283,Indian Bank - Saharsa Purab Bazar,Public Sector Bank,Bihar,Saharsa,Saharsa,852201,25.8840833,86.5923611,PMEGP; MUDRA,true,Unknown,Unknown,Unknown,Unknown,Unknown,100,+916478222127,https://indianbank.bank.in
P000284,State Bank of India - Sme Saharsa,Public Sector Bank,Bihar,Saharsa,Saharsa,852201,25.8840833,86.5923611,PMEGP; MUDRA,true,Unknown,Unknown,Unknown,Unknown,Unknown,100,+919065525656,https://sbi.bank.in
P000285,Bandhan Bank - Samastipur,Private Sector Bank,Bihar,Samastipur,Samastipur,848101,25.8605833,85.7800833,MUDRA,true,Unknown,Unknown,Unknown,Unknown,Unknown,75,+917700811961,https://bandhan.bank.in
P000286,Bank of India - Kalyanpur,Public Sector Bank,Bihar,Samastipur,Samastipur,848302,25.862968,85.781026,PMEGP; MUDRA,true,Unknown,Unknown,Unknown,Unknown,Unknown,100,+917544902522,https://bankofindia.bank.in
P000287,State Bank of India - Sme Samastipur,Public Sector Bank,Bihar,Samastipur,Samastipur,848101,25.8605833,85.7800833,PMEGP; MUDRA,true,Unknown,Unknown,Unknown,Unknown,Unknown,100,+919771404696,https://sbi.bank.in
P000288,State Bank of India - Kopa,Public Sector Bank,Bihar,Saran,Saran,841214,25.9285061,84.8386363,PMEGP; MUDRA,true,Unknown,Unknown,Unknown,Unknown,Unknown,100,+917070897659,https://sbi.bank.in
P000289,State Bank of India - Sme Sasaram,Public Sector Bank,Bihar,Sasaram,Sasaram,821115,24.95,84.0333,PMEGP; MUDRA,true,Unknown,Unknown,Unknown,Unknown,Unknown,100,+919487993222,https://sbi.bank.in
P000290,Bandhan Bank - Sheikhpura,Private Sector Bank,Bihar,Sheikhpura,Sheikhpura,811105,25.141807,85.862918,MUDRA,true,Unknown,Unknown,Unknown,Unknown,Unknown,75,+919102314431,https://bandhan.bank.in
P000291,ICICI Bank - Sheikhpura,Private Sector Bank,Bihar,Sheikhpura,Sheikhpura,811105,25.141807,85.862918,MUDRA,true,Unknown,Unknown,Unknown,Unknown,Unknown,75,+918210426061,https://icici.bank.in
P000292,Indian Bank - Sheikhpura Main,Public Sector Bank,Bihar,Sheikhpura,Sheikhpura,811105,25.141807,85.862918,PMEGP; MUDRA,true,Unknown,Unknown,Unknown,Unknown,Unknown,100,+916341223023,https://indianbank.bank.in
P000293,Bandhan Bank - Sheohar Branch,Private Sector Bank,Bihar,Sheohar,Sheohar,843329,25.5059722,85.2915833,MUDRA,true,Unknown,Unknown,Unknown,Unknown,Unknown,75,+919903025041,https://bandhan.bank.in
P000294,Canara Bank - Sheohar,Public Sector Bank,Bihar,Sheohar,Sheohar,843239,,,PMEGP; MUDRA,true,Unknown,Unknown,Unknown,Unknown,Unknown,100,+916222257019,https://canarabank.bank.in
P000295,ICICI Bank - Sheohar,Private Sector Bank,Bihar,Sheohar,Sheohar,843329,25.5059722,85.2915833,MUDRA,true,Unknown,Unknown,Unknown,Unknown,Unknown,75,+919334532561,https://icici.bank.in
P000296,Bandhan Bank - Sitamarhi,Private Sector Bank,Bihar,Sitamarhi,Sitamarhi,843302,26.5948611,85.4843611,MUDRA,true,Unknown,Unknown,Unknown,Unknown,Unknown,75,+918084512251,https://bandhan.bank.in
P000297,Bank of India - Jhajhihat,Public Sector Bank,Bihar,Sitamarhi,Sitamarhi,843320,38.436586,73.7086501,PMEGP; MUDRA,true,Unknown,Unknown,Unknown,Unknown,Unknown,100,+916228224024,https://bankofindia.bank.in
P000298,Canara Bank - Sitamarhi,Public Sector Bank,Bihar,Sitamarhi,Sitamarhi,834302,,,PMEGP; MUDRA,true,Unknown,Unknown,Unknown,Unknown,Unknown,100,+916226250870,https://canarabank.bank.in
P000299,Bank of India - Barharia,Public Sector Bank,Bihar,Siwan,Siwan,841232,26.3194166,84.4588055,PMEGP; MUDRA,true,Unknown,Unknown,Unknown,Unknown,Unknown,100,+919304330695,https://bankofindia.bank.in
P000300,Canara Bank - Siwan,Public Sector Bank,Bihar,Siwan,Siwan,841226,26.2269722,84.3564167,PMEGP; MUDRA,true,Unknown,Unknown,Unknown,Unknown,Unknown,100,+916154246044,https://canarabank.bank.in
P000301,ICICI Bank - Siwan,Private Sector Bank,Bihar,Siwan,Siwan,841226,26.2269722,84.3564167,MUDRA,true,Unknown,Unknown,Unknown,Unknown,Unknown,75,+917070894909,https://icici.bank.in
P000302,Bandhan Bank - Supaul,Private Sector Bank,Bihar,Supaul,Supaul,852131,26.11,86.59,MUDRA,true,Unknown,Unknown,Unknown,Unknown,Unknown,75,+916290819271,https://bandhan.bank.in
P000303,Bank of India - Ganpatganj,Public Sector Bank,Bihar,Supaul,Supaul,842109,,,PMEGP; MUDRA,true,Unknown,Unknown,Unknown,Unknown,Unknown,100,+918757888571,https://bankofindia.bank.in
P000304,Indian Bank - Supaul Main,Public Sector Bank,Bihar,Supaul,Supaul,852131,26.11,86.59,PMEGP; MUDRA,true,Unknown,Unknown,Unknown,Unknown,Unknown,100,+918787288570,https://indianbank.bank.in
P000305,ICICI Bank - Lalganj,Private Sector Bank,Bihar,Vaishali,Vaishali,844121,25.6916389,85.2113333,MUDRA,true,Unknown,Unknown,Unknown,Unknown,Unknown,75,+919931374633,https://icici.bank.in
P000306,Indian Bank - Dakbanglow Road Hajipur,Public Sector Bank,Bihar,Vaishali,Vaishali,844101,25.7408263,85.2524166,PMEGP; MUDRA,true,Unknown,Unknown,Unknown,Unknown,Unknown,100,+916224260638,https://indianbank.bank.in
P000307,State Bank of India - Vaishali,Public Sector Bank,Bihar,Vaishali,Vaishali,844128,26.1225,85.1363888,PMEGP; MUDRA,true,Unknown,Unknown,Unknown,Unknown,Unknown,100,+919771423595,https://sbi.bank.in
P000308,State Bank of India - Sathi,Public Sector Bank,Bihar,West Champaran,West Champaran,845449,27.0340263,84.5123589,PMEGP; MUDRA,true,Unknown,Unknown,Unknown,Unknown,Unknown,100,+919771405003,https://sbi.bank.in
P000309,Bandhan Bank - Chandigarh,Private Sector Bank,Chandigarh,Chandigarh,Chandigarh,160009,30.7479167,76.7928333,MUDRA,true,Unknown,Unknown,Unknown,Unknown,Unknown,75,+919888712131,https://bandhan.bank.in
P000310,Bank of India - Sector Twenty Chandigarh,Public Sector Bank,Chandigarh,Chandigarh,Chandigarh,160020,30.7420833,76.7833611,PMEGP; MUDRA,true,Unknown,Unknown,Unknown,Unknown,Unknown,100,+911722709377,https://bankofindia.bank.in
P000311,"Canara Bank - Sector Seventeen C Main, Chandigarh",Public Sector Bank,Chandigarh,Chandigarh,Chandigarh,160022,30.7336667,76.7725278,PMEGP; MUDRA,true,Unknown,Unknown,Unknown,Unknown,Unknown,100,+911722704604,https://canarabank.bank.in
P000312,Canara Bank - Sector Thirty Five B Chandigarh,Public Sector Bank,Chandigarh,Chandigarh,Chandigarh,160036,30.7044722,76.7264167,PMEGP; MUDRA,true,Unknown,Unknown,Unknown,Unknown,Unknown,100,+911722601402,https://canarabank.bank.in
P000313,HDFC Bank - Sector Ii Vi Chandigarh,Private Sector Bank,Chandigarh,Chandigarh,Chandigarh,160019,30.7263611,76.7961944,MUDRA,true,Unknown,Unknown,Unknown,Unknown,Unknown,75,+9117261606161,https://hdfc.bank.in
P000314,ICICI Bank - Chandigarhsector Ixc,Private Sector Bank,Chandigarh,Chandigarh,Chandigarh,160017,30.7423305,76.7833278,MUDRA,true,Unknown,Unknown,Unknown,Unknown,Unknown,75,+919888588196,https://icici.bank.in
P000315,IDBI Bank - Chandigarh Main Branch,Private Sector Bank,Chandigarh,Chandigarh,Chandigarh,160017,30.7423305,76.7833278,MUDRA,true,Unknown,Unknown,Unknown,Unknown,Unknown,75,+919586100081,https://idbi.bank.in
P000316,IDBI Bank - Retail Asset Chandigarh,Private Sector Bank,Chandigarh,Chandigarh,Chandigarh,160017,30.7423305,76.7833278,MUDRA,true,Unknown,Unknown,Unknown,Unknown,Unknown,75,+918437100471,https://idbi.bank.in
P000317,Indian Bank - Sam Small Chandigarh,Public Sector Bank,Chandigarh,Chandigarh,Chandigarh,160017,30.7423305,76.7833278,PMEGP; MUDRA,true,Unknown,Unknown,Unknown,Unknown,Unknown,100,+919650157788,https://indianbank.bank.in
P000318,Indian Bank - Large Corporate Branch Chandigarh,Public Sector Bank,Chandigarh,Chandigarh,Chandigarh,160018,30.7354722,76.7874444,PMEGP; MUDRA,true,Unknown,Unknown,Unknown,Unknown,Unknown,100,+911725024659,https://indianbank.bank.in
P000319,State Bank of India - Cac Ambikapur,Public Sector Bank,Chhattisgarh,Ambikapur,Ambikapur,497001,23.116372,83.193211,PMEGP; MUDRA,true,Unknown,Unknown,Unknown,Unknown,Unknown,100,+919977092881,https://sbi.bank.in
P000320,Bandhan Bank - Balod,Private Sector Bank,Chhattisgarh,Balod,Balod,491226,21.0694701,81.2755536,MUDRA,true,Unknown,Unknown,Unknown,Unknown,Unknown,75,+917044614441,https://bandhan.bank.in
P000321,Chhattisgarh Rajya Gramin Bank - Baloda Bazar,Regional Rural Bank,Chhattisgarh,Baloda Bazar,Baloda Bazar,493332,21.39263,82.09306,PMEGP; MUDRA,true,Unknown,Unknown,Unknown,Unknown,Unknown,100,+916232032005,Unknown
P000322,State Bank of India - Cac Baloda Bazar,Public Sector Bank,Chhattisgarh,Baloda Bazar,Baloda Bazar,493332,21.39263,82.09306,PMEGP; MUDRA,true,Unknown,Unknown,Unknown,Unknown,Unknown,100,+919644008908,https://sbi.bank.in
P000323,Bank of India - Balrampur Branch,Public Sector Bank,Chhattisgarh,Balrampur,Balrampur,497119,23.599613,83.617032,PMEGP; MUDRA,true,Unknown,Unknown,Unknown,Unknown,Unknown,100,+919755903951,https://bankofindia.bank.in
P000324,Union Bank of India - Rajpur,Public Sector Bank,Chhattisgarh,Balrampur,Balrampur,497118,23.5032341,83.4533595,PMEGP; MUDRA,true,Unknown,Unknown,Unknown,Unknown,Unknown,100,+919977680382,https://unionbankofindia.bank.in
P000325,Bank of India - Balenga,Public Sector Bank,Chhattisgarh,Bastar,Bastar,494347,20.0797,81.8209,PMEGP; MUDRA,true,Unknown,Unknown,Unknown,Unknown,Unknown,100,+91860260210,https://bankofindia.bank.in
P000326,Chhattisgarh Rajya Gramin Bank - Bastar,Regional Rural Bank,Chhattisgarh,Bastar,Bastar,494223,19.1235,81.568,PMEGP; MUDRA,true,Unknown,Unknown,Unknown,Unknown,Unknown,100,+916232032430,Unknown
P000327,IDBI Bank - Alnar,Private Sector Bank,Chhattisgarh,Bastar,Bastar,494010,19.898736,81.424906,MUDRA,true,Unknown,Unknown,Unknown,Unknown,Unknown,75,+916266042911,https://idbi.bank.in
P000328,Punjab National Bank - Bademarenga,Public Sector Bank,Chhattisgarh,Bastar,Bastar,492442,,,PMEGP; MUDRA,true,Unknown,Unknown,Unknown,Unknown,Unknown,100,+919111889007,https://pnb.bank.in
P000329,Bandhan Bank - Bemetara,Private Sector Bank,Chhattisgarh,Bemetara,Bemetara,491335,20.947003,81.202478,MUDRA,true,Unknown,Unknown,Unknown,Unknown,Unknown,75,+918017814451,https://bandhan.bank.in
P000330,Chhattisgarh Rajya Gramin Bank - Bemetara,Regional Rural Bank,Chhattisgarh,Bemetara,Bemetara,491335,20.947003,81.202478,PMEGP; MUDRA,true,Unknown,Unknown,Unknown,Unknown,Unknown,100,+916232032553,Unknown
P000331,Indian Bank - Bemetara,Public Sector Bank,Chhattisgarh,Bemetara,Bemetara,491335,20.947003,81.202478,PMEGP; MUDRA,true,Unknown,Unknown,Unknown,Unknown,Unknown,100,+917209859877,https://indianbank.bank.in
P000332,State Bank of India - Cac Bemetara,Public Sector Bank,Chhattisgarh,Bemetara,Bemetara,491335,20.947003,81.202478,PMEGP; MUDRA,true,Unknown,Unknown,Unknown,Unknown,Unknown,100,+918719903721,https://sbi.bank.in
P000333,UCO Bank - Civic Centre Bhilai,Public Sector Bank,Chhattisgarh,Bhilai,Bhilai,490006,21.224847,81.45832,PMEGP; MUDRA,true,Unknown,Unknown,Unknown,Unknown,Unknown,100,+917882261585,https://uco.bank.in
P000334,Axis Bank - Bijapur,Private Sector Bank,Chhattisgarh,Bijapur,Bijapur,494444,18.794849,80.816822,MUDRA,true,Unknown,Unknown,Unknown,Unknown,Unknown,75,+91853220422,https://axis.bank.in
P000335,Bandhan Bank - Bijapur Branch,Private Sector Bank,Chhattisgarh,Bijapur,Bijapur,494444,18.794849,80.816822,MUDRA,true,Unknown,Unknown,Unknown,Unknown,Unknown,75,+919831326051,https://bandhan.bank.in
P000336,Chhattisgarh Rajya Gramin Bank - Bijapur,Regional Rural Bank,Chhattisgarh,Bijapur,Bijapur,494444,18.794849,80.816822,PMEGP; MUDRA,true,Unknown,Unknown,Unknown,Unknown,Unknown,100,+916232032442,Unknown
P000337,Bandhan Bank - Bilaspur,Private Sector Bank,Chhattisgarh,Bilaspur,Bilaspur,495001,22.0869913,82.1451292,MUDRA,true,Unknown,Unknown,Unknown,Unknown,Unknown,75,+918085214471,https://bandhan.bank.in
P000338,Bank of India - Karra Bilaspur,Public Sector Bank,Chhattisgarh,Bilaspur,Bilaspur,495009,22.1728964,82.1489768,PMEGP; MUDRA,true,Unknown,Unknown,Unknown,Unknown,Unknown,100,+919039406609,https://bankofindia.bank.in
P000339,Canara Bank - Bilaspur,Public Sector Bank,Chhattisgarh,Bilaspur,Bilaspur,495001,22.0869913,82.1451292,PMEGP; MUDRA,true,Unknown,Unknown,Unknown,Unknown,Unknown,100,+917752238902,https://canarabank.bank.in
P000340,Chhattisgarh Rajya Gramin Bank - Bilaspur,Regional Rural Bank,Chhattisgarh,Bilaspur,Bilaspur,495001,22.0869913,82.1451292,PMEGP; MUDRA,true,Unknown,Unknown,Unknown,Unknown,Unknown,100,+916232032502,Unknown
P000341,Bandhan Bank - Dhamtari,Private Sector Bank,Chhattisgarh,Dhamtari,Dhamtari,493773,20.7101,81.5489,MUDRA,true,Unknown,Unknown,Unknown,Unknown,Unknown,75,+919630314481,https://bandhan.bank.in
P000342,Canara Bank - Dhamtari,Public Sector Bank,Chhattisgarh,Dhamtari,Dhamtari,493773,20.7101,81.5489,PMEGP; MUDRA,true,Unknown,Unknown,Unknown,Unknown,Unknown,100,+917722237891,https://canarabank.bank.in
P000343,Chhattisgarh Rajya Gramin Bank - Dhamtari,Regional Rural Bank,Chhattisgarh,Dhamtari,Dhamtari,493773,20.7101,81.5489,PMEGP; MUDRA,true,Unknown,Unknown,Unknown,Unknown,Unknown,100,+916232032303,Unknown
P000344,IDBI Bank - Dhamtari,Private Sector Bank,Chhattisgarh,Dhamtari,Dhamtari,493773,20.7101,81.5489,MUDRA,true,Unknown,Unknown,Unknown,Unknown,Unknown,75,+917738037992,https://idbi.bank.in
P000345,Bandhan Bank - Durg,Private Sector Bank,Chhattisgarh,Durg,Durg,491001,21.186133,81.276797,MUDRA,true,Unknown,Unknown,Unknown,Unknown,Unknown,75,+917470814501,https://bandhan.bank.in
P000346,Canara Bank - Durg,Public Sector Bank,Chhattisgarh,Durg,Durg,491001,21.186133,81.276797,PMEGP; MUDRA,true,Unknown,Unknown,Unknown,Unknown,Unknown,100,+917882323163,https://canarabank.bank.in
P000347,Chhattisgarh Rajya Gramin Bank - Durg,Regional Rural Bank,Chhattisgarh,Durg,Durg,491001,21.186133,81.276797,PMEGP; MUDRA,true,Unknown,Unknown,Unknown,Unknown,Unknown,100,+916232032156,Unknown
P000348,IDBI Bank - Durg,Private Sector Bank,Chhattisgarh,Durg,Durg,491001,21.186133,81.276797,MUDRA,true,Unknown,Unknown,Unknown,Unknown,Unknown,75,+919425154376,https://idbi.bank.in
P000349,Bank of Maharashtra - Rajim,Public Sector Bank,Chhattisgarh,Gariyaband,Gariyaband,493885,21.3930878,81.5741406,PMEGP; MUDRA,true,Unknown,Unknown,Unknown,Unknown,Unknown,100,+919109322549,https://bankofmaharashtra.bank.in
P000350,Chhattisgarh Rajya Gramin Bank - Gariyaband,Regional Rural Bank,Chhattisgarh,Gariyaband,Gariyaband,493889,27.4984982,75.943234,PMEGP; MUDRA,true,Unknown,Unknown,Unknown,Unknown,Unknown,100,+916232032346,Unknown
P000351,Bank of Baroda - Champa,Public Sector Bank,Chhattisgarh,Janjgir-Champa,Janjgir-Champa,495671,22.1305904,82.7012474,PMEGP; MUDRA,true,Unknown,Unknown,Unknown,Unknown,Unknown,90,Unknown,https://bankofbaroda.bank.in
P000352,Bank of Maharashtra - Jashpur Nagar,Public Sector Bank,Chhattisgarh,Jashpur,Jashpur,496331,22.8816877,84.1375507,PMEGP; MUDRA,true,Unknown,Unknown,Unknown,Unknown,Unknown,100,+919109312247,https://bankofmaharashtra.bank.in
P000353,Chhattisgarh Rajya Gramin Bank - Jashpur,Regional Rural Bank,Chhattisgarh,Jashpur,Jashpur,496331,22.8816877,84.1375507,PMEGP; MUDRA,true,Unknown,Unknown,Unknown,Unknown,Unknown,100,+916232032857,Unknown
P000354,State Bank of India - Sanna,Public Sector Bank,Chhattisgarh,Jashpur,Jashpur,496336,23.1795559,83.7831683,PMEGP; MUDRA,true,Unknown,Unknown,Unknown,Unknown,Unknown,100,+918709574944,https://sbi.bank.in
P000355,Bandhan Bank - Kondagaon Branch,Private Sector Bank,Chhattisgarh,Kondagaon,Kondagaon,494226,19.35192,81.39411,MUDRA,true,Unknown,Unknown,Unknown,Unknown,Unknown,75,+919827056611,https://bandhan.bank.in
P000356,Bank of Maharashtra - Kondagaon,Public Sector Bank,Chhattisgarh,Kondagaon,Kondagaon,494226,19.35192,81.39411,PMEGP; MUDRA,true,Unknown,Unknown,Unknown,Unknown,Unknown,100,+919993102256,https://bankofmaharashtra.bank.in
P000357,Chhattisgarh Rajya Gramin Bank - Kondagaon,Regional Rural Bank,Chhattisgarh,Kondagaon,Kondagaon,494226,19.35192,81.39411,PMEGP; MUDRA,true,Unknown,Unknown,Unknown,Unknown,Unknown,100,+916232032413,Unknown
P000358,DCB Bank - Kondagaon,Private Sector Bank,Chhattisgarh,Kondagaon,Kondagaon,494226,19.35192,81.39411,MUDRA,true,Unknown,Unknown,Unknown,Unknown,Unknown,75,+91778668997777,https://dcb.bank.in
P000359,Bandhan Bank - Korba,Private Sector Bank,Chhattisgarh,Korba,Korba,495678,,,MUDRA,true,Unknown,Unknown,Unknown,Unknown,Unknown,75,+917470615451,https://bandhan.bank.in
P000360,Chhattisgarh Rajya Gramin Bank - Korba,Regional Rural Bank,Chhattisgarh,Korba,Korba,495677,22.3616874,82.7304054,PMEGP; MUDRA,true,Unknown,Unknown,Unknown,Unknown,Unknown,100,+916232032609,Unknown
P000361,ICICI Bank - Korba,Private Sector Bank,Chhattisgarh,Korba,Korba,495677,22.3616874,82.7304054,MUDRA,true,Unknown,Unknown,Unknown,Unknown,Unknown,75,+917389944662,https://icici.bank.in
P000362,IDBI Bank - Konkona,Private Sector Bank,Chhattisgarh,Korba,Korba,495444,22.462893,82.561011,MUDRA,true,Unknown,Unknown,Unknown,Unknown,Unknown,75,+919962979773,https://idbi.bank.in
P000363,Bandhan Bank - Mahasamund,Private Sector Bank,Chhattisgarh,Mahasamund,Mahasamund,493445,21.1124,82.096,MUDRA,true,Unknown,Unknown,Unknown,Unknown,Unknown,75,+917024115471,https://bandhan.bank.in
P000364,Canara Bank - Sher,Public Sector Bank,Chhattisgarh,Mahasamund,Mahasamund,493445,21.1124,82.096,PMEGP; MUDRA,true,Unknown,Unknown,Unknown,Unknown,Unknown,100,+919752388234,https://canarabank.bank.in
P000365,ICICI Bank - Mahasamund,Private Sector Bank,Chhattisgarh,Mahasamund,Mahasamund,493445,21.1124,82.096,MUDRA,true,Unknown,Unknown,Unknown,Unknown,Unknown,75,+917304913532,https://icici.bank.in
P000366,Bandhan Bank - Mungeli,Private Sector Bank,Chhattisgarh,Mungeli,Mungeli,495334,22.06767,81.68879,MUDRA,true,Unknown,Unknown,Unknown,Unknown,Unknown,75,+919109615481,https://bandhan.bank.in
P000367,Chhattisgarh Rajya Gramin Bank - Mungeli,Regional Rural Bank,Chhattisgarh,Mungeli,Mungeli,495334,22.06767,81.68879,PMEGP; MUDRA,true,Unknown,Unknown,Unknown,Unknown,Unknown,100,+916232032517,Unknown
P000368,Indian Bank - Mungeli,Public Sector Bank,Chhattisgarh,Mungeli,Mungeli,495334,22.06767,81.68879,PMEGP; MUDRA,true,Unknown,Unknown,Unknown,Unknown,Unknown,100,+919708840981,https://indianbank.bank.in
P000369,Union Bank of India - Mungeli,Public Sector Bank,Chhattisgarh,Mungeli,Mungeli,495334,22.06767,81.68879,PMEGP; MUDRA,true,Unknown,Unknown,Unknown,Unknown,Unknown,100,+917389311279,https://unionbankofindia.bank.in
P000370,Axis Bank - Narayanpur,Private Sector Bank,Chhattisgarh,Narayanpur,Narayanpur,494661,19.652013,80.912752,MUDRA,true,Unknown,Unknown,Unknown,Unknown,Unknown,75,+919340726651,https://axis.bank.in
P000371,Chhattisgarh Rajya Gramin Bank - Narayanpur,Regional Rural Bank,Chhattisgarh,Narayanpur,Narayanpur,494661,19.652013,80.912752,PMEGP; MUDRA,true,Unknown,Unknown,Unknown,Unknown,Unknown,100,+916232032420,Unknown
P000372,IDBI Bank - Narayanpur,Private Sector Bank,Chhattisgarh,Narayanpur,Narayanpur,494661,19.652013,80.912752,MUDRA,true,Unknown,Unknown,Unknown,Unknown,Unknown,75,+917606884107,https://idbi.bank.in
P000373,Bandhan Bank - Raigarh,Private Sector Bank,Chhattisgarh,Raigarh,Raigarh,496001,21.892453,83.390497,MUDRA,true,Unknown,Unknown,Unknown,Unknown,Unknown,75,+916290919321,https://bandhan.bank.in
P000374,Canara Bank - Raigarh,Public Sector Bank,Chhattisgarh,Raigarh,Raigarh,496001,21.892453,83.390497,PMEGP; MUDRA,true,Unknown,Unknown,Unknown,Unknown,Unknown,100,+91771235364,https://canarabank.bank.in
P000375,Chhattisgarh Rajya Gramin Bank - Raigarh,Regional Rural Bank,Chhattisgarh,Raigarh,Raigarh,496001,21.892453,83.390497,PMEGP; MUDRA,true,Unknown,Unknown,Unknown,Unknown,Unknown,100,+916232032829,Unknown
P000376,ICICI Bank - Raigarh,Private Sector Bank,Chhattisgarh,Raigarh,Raigarh,496001,21.892453,83.390497,MUDRA,true,Unknown,Unknown,Unknown,Unknown,Unknown,75,+917389932124,https://icici.bank.in
P000377,Axis Bank - Civil Lines Raipur,Private Sector Bank,Chhattisgarh,Raipur,Raipur,492001,21.2433611,81.6360556,MUDRA,true,Unknown,Unknown,Unknown,Unknown,Unknown,75,+917693966630,https://axis.bank.in
P000378,Bandhan Bank - Raipur,Private Sector Bank,Chhattisgarh,Raipur,Raipur,492001,21.2433611,81.6360556,MUDRA,true,Unknown,Unknown,Unknown,Unknown,Unknown,75,+917223915491,https://bandhan.bank.in
P000379,"Bank of Maharashtra - Byron Bazar, Raipur",Public Sector Bank,Chhattisgarh,Raipur,Raipur,492001,21.2433611,81.6360556,PMEGP; MUDRA,true,Unknown,Unknown,Unknown,Unknown,Unknown,100,+919109010981,https://bankofmaharashtra.bank.in
P000380,"Canara Bank - Raipur ,Main,",Public Sector Bank,Chhattisgarh,Raipur,Raipur,492001,21.2433611,81.6360556,PMEGP; MUDRA,true,Unknown,Unknown,Unknown,Unknown,Unknown,100,+9124622228415,https://canarabank.bank.in
P000381,Chhattisgarh Rajya Gramin Bank - Raipur Sunder Nagar,Regional Rural Bank,Chhattisgarh,Raipur,Raipur,492013,21.23784,81.70542,PMEGP; MUDRA,true,Unknown,Unknown,Unknown,Unknown,Unknown,100,+916232032028,Unknown
P000382,Indian Bank - Raipur Main,Public Sector Bank,Chhattisgarh,Raipur,Raipur,492001,21.2433611,81.6360556,PMEGP; MUDRA,true,Unknown,Unknown,Unknown,Unknown,Unknown,100,+917803083684,https://indianbank.bank.in
P000383,Punjab National Bank - Raipur-Collectorate,Public Sector Bank,Chhattisgarh,Raipur,Raipur,492001,21.2433611,81.6360556,PMEGP; MUDRA,true,Unknown,Unknown,Unknown,Unknown,Unknown,100,+917712422065,https://pnb.bank.in
P000384,State Bank of India - Sme Branch Pandri,Public Sector Bank,Chhattisgarh,Raipur,Raipur,492001,21.2433611,81.6360556,PMEGP; MUDRA,true,Unknown,Unknown,Unknown,Unknown,Unknown,100,+918889915558,https://sbi.bank.in
P000385,UCO Bank - Raipur Main,Public Sector Bank,Chhattisgarh,Raipur,Raipur,492001,21.2433611,81.6360556,PMEGP; MUDRA,true,Unknown,Unknown,Unknown,Unknown,Unknown,100,+917712229412,https://uco.bank.in
P000386,UCO Bank - Mid Corporate Raipur,Public Sector Bank,Chhattisgarh,Raipur,Raipur,492006,,,PMEGP; MUDRA,true,Unknown,Unknown,Unknown,Unknown,Unknown,100,+917712444368,https://uco.bank.in
P000387,Union Bank of India - Mid Corporate Raipur,Public Sector Bank,Chhattisgarh,Raipur,Raipur,492001,21.2433611,81.6360556,PMEGP; MUDRA,true,Unknown,Unknown,Unknown,Unknown,Unknown,100,+919630932845,https://unionbankofindia.bank.in
P000388,Bandhan Bank - Rajnandgaon,Private Sector Bank,Chhattisgarh,Rajnandgaon,Rajnandgaon,491441,21.097924,81.036902,MUDRA,true,Unknown,Unknown,Unknown,Unknown,Unknown,75,+917898215501,https://bandhan.bank.in
P000389,Bank of India - Bhadsena,Public Sector Bank,Chhattisgarh,Rajnandgaon,Rajnandgaon,491665,21.2058958,81.0928783,PMEGP; MUDRA,true,Unknown,Unknown,Unknown,Unknown,Unknown,100,+918720810079,https://bankofindia.bank.in
P000390,Chhattisgarh Rajya Gramin Bank - Rajnandgaon,Regional Rural Bank,Chhattisgarh,Rajnandgaon,Rajnandgaon,491441,21.097924,81.036902,PMEGP; MUDRA,true,Unknown,Unknown,Unknown,Unknown,Unknown,100,+916232032201,Unknown
P000391,IDBI Bank - Rajanandgaon,Private Sector Bank,Chhattisgarh,Rajnandgaon,Rajnandgaon,491441,21.097924,81.036902,MUDRA,true,Unknown,Unknown,Unknown,Unknown,Unknown,75,+919826147207,https://idbi.bank.in
P000392,Axis Bank - Sukma,Private Sector Bank,Chhattisgarh,Sukma,Sukma,494111,18.390961,81.662323,MUDRA,true,Unknown,Unknown,Unknown,Unknown,Unknown,75,+919522212441,https://axis.bank.in
P000393,Bank of Maharashtra - Sukma,Public Sector Bank,Chhattisgarh,Sukma,Sukma,494111,18.390961,81.662323,PMEGP; MUDRA,true,Unknown,Unknown,Unknown,Unknown,Unknown,100,+919109222680,https://bankofmaharashtra.bank.in
P000394,Chhattisgarh Rajya Gramin Bank - Sukma,Regional Rural Bank,Chhattisgarh,Sukma,Sukma,494111,18.390961,81.662323,PMEGP; MUDRA,true,Unknown,Unknown,Unknown,Unknown,Unknown,100,+916232032452,Unknown
P000395,Bank of Maharashtra - Surajpur,Public Sector Bank,Chhattisgarh,Surajpur,Surajpur,497229,23.215966,82.86926,PMEGP; MUDRA,true,Unknown,Unknown,Unknown,Unknown,Unknown,100,+919109123945,https://bankofmaharashtra.bank.in
P000396,Chhattisgarh Rajya Gramin Bank - Surajpur,Regional Rural Bank,Chhattisgarh,Surajpur,Surajpur,497229,23.215966,82.86926,PMEGP; MUDRA,true,Unknown,Unknown,Unknown,Unknown,Unknown,100,+916232032704,Unknown
P000397,Punjab & Sind Bank - Surajpur,Public Sector Bank,Chhattisgarh,Surajpur,Surajpur,497229,23.215966,82.86926,PMEGP; MUDRA,true,Unknown,Unknown,Unknown,Unknown,Unknown,100,+917701029973,https://punjabandsind.bank.in
P000398,State Bank of India - Collectorate Surajpur,Public Sector Bank,Chhattisgarh,Surajpur,Surajpur,497229,23.215966,82.86926,PMEGP; MUDRA,true,Unknown,Unknown,Unknown,Unknown,Unknown,100,+919406216099,https://sbi.bank.in
P000399,Indian Bank - Ambikapur,Public Sector Bank,Chhattisgarh,Surguja,Surguja,497001,23.3452774,83.1954342,PMEGP; MUDRA,true,Unknown,Unknown,Unknown,Unknown,Unknown,100,+917774220330,https://indianbank.bank.in
P000400,Bandhan Bank - Nani Daman Branch,Private Sector Bank,Dadra and Nagar Haveli and Daman and Diu,Daman,Daman,396210,20.417222,72.837453,MUDRA,true,Unknown,Unknown,Unknown,Unknown,Unknown,75,+919979885540,https://bandhan.bank.in
P000401,DCB Bank - Daman,Private Sector Bank,Dadra and Nagar Haveli and Daman and Diu,Daman,Daman,396210,20.417222,72.837453,MUDRA,true,Unknown,Unknown,Unknown,Unknown,Unknown,75,+912816643703,https://dcb.bank.in
P000402,ICICI Bank - Daman,Private Sector Bank,Dadra and Nagar Haveli and Daman and Diu,Daman,Daman,396210,20.417222,72.837453,MUDRA,true,Unknown,Unknown,Unknown,Unknown,Unknown,75,+917228925286,https://icici.bank.in
P000403,IDBI Bank - Daman,Private Sector Bank,Dadra and Nagar Haveli and Daman and Diu,Daman,Daman,396210,20.417222,72.837453,MUDRA,true,Unknown,Unknown,Unknown,Unknown,Unknown,75,+919826739384,https://idbi.bank.in
P000404,Indian Bank - Daman,Public Sector Bank,Dadra and Nagar Haveli and Daman and Diu,Daman,Daman,396210,20.417222,72.837453,PMEGP; MUDRA,true,Unknown,Unknown,Unknown,Unknown,Unknown,100,+912602262008,https://indianbank.bank.in
P000405,Punjab National Bank - Daman,Public Sector Bank,Dadra and Nagar Haveli and Daman and Diu,Daman,Daman,396210,20.417222,72.837453,PMEGP; MUDRA,true,Unknown,Unknown,Unknown,Unknown,Unknown,100,+912602244332,https://pnb.bank.in
P000406,State Bank of India - Daman,Public Sector Bank,Dadra and Nagar Haveli and Daman and Diu,Daman,Daman,396210,20.417222,72.837453,PMEGP; MUDRA,true,Unknown,Unknown,Unknown,Unknown,Unknown,100,+912602251129,https://sbi.bank.in
P000407,UCO Bank - Daman,Public Sector Bank,Dadra and Nagar Haveli and Daman and Diu,Daman,Daman,396210,20.417222,72.837453,PMEGP; MUDRA,true,Unknown,Unknown,Unknown,Unknown,Unknown,100,+9126362255080,https://uco.bank.in
P000408,"ICICI Bank - Diu, Damananddiu",Private Sector Bank,Dadra and Nagar Haveli and Daman and Diu,Diu,Diu,362520,20.713943,70.975823,MUDRA,true,Unknown,Unknown,Unknown,Unknown,Unknown,75,+919321971108,https://icici.bank.in
P000409,"State Bank of India - Diu, Ut",Public Sector Bank,Dadra and Nagar Haveli and Daman and Diu,Diu,Diu,362520,20.713943,70.975823,PMEGP; MUDRA,true,Unknown,Unknown,Unknown,Unknown,Unknown,100,+912875253777,https://sbi.bank.in
P000410,UCO Bank - Diu,Public Sector Bank,Dadra and Nagar Haveli and Daman and Diu,Diu,Diu,362520,20.713943,70.975823,PMEGP; MUDRA,true,Unknown,Unknown,Unknown,Unknown,Unknown,100,+919463346000,https://uco.bank.in
P000411,Axis Bank - Civil Lines,Private Sector Bank,Delhi,Delhi,Delhi,110054,28.6624167,77.2348333,MUDRA,true,Unknown,Unknown,Unknown,Unknown,Unknown,75,+911123993745,https://axis.bank.in
P000412,Bandhan Bank - Pusa Road Branch New Delhi,Private Sector Bank,Delhi,Delhi,Delhi,110005,22,77,MUDRA,true,Unknown,Unknown,Unknown,Unknown,Unknown,75,+919230524151,https://bandhan.bank.in
P000413,Bandhan Bank - Ramesh Nagar Branch New Delhi,Private Sector Bank,Delhi,Delhi,Delhi,110015,28.6593746,77.1301607,MUDRA,true,Unknown,Unknown,Unknown,Unknown,Unknown,75,+916293325111,https://bandhan.bank.in
P000414,Bank of India - Shastri Nagar,Public Sector Bank,Delhi,Delhi,Delhi,110052,28.6847083,77.1767361,PMEGP; MUDRA,true,Unknown,Unknown,Unknown,Unknown,Unknown,100,+911123645136,https://bankofindia.bank.in
P000415,Bank of India - Sagarpur New Delhi,Public Sector Bank,Delhi,Delhi,Delhi,110045,25.8029182,77.4386784,PMEGP; MUDRA,true,Unknown,Unknown,Unknown,Unknown,Unknown,100,+919638576444,https://bankofindia.bank.in
P000416,"Canara Bank - Prime Corporate Branch, Delhi Connaught Place",Public Sector Bank,Delhi,Delhi,Delhi,110001,28.626806,77.20663,PMEGP; MUDRA,true,Unknown,Unknown,Unknown,Unknown,Unknown,100,+911123413381,https://canarabank.bank.in
P000417,"Canara Bank - Wazirpur Ssi Br, Delhi",Public Sector Bank,Delhi,Delhi,Delhi,110052,28.6847083,77.1767361,PMEGP; MUDRA,true,Unknown,Unknown,Unknown,Unknown,Unknown,100,+9111127371299,https://canarabank.bank.in
P000418,"Canara Bank - Dilshad Garden Ssi,Delhi,",Public Sector Bank,Delhi,Delhi,Delhi,110095,28.6827802,77.3155744,PMEGP; MUDRA,true,Unknown,Unknown,Unknown,Unknown,Unknown,100,+911122124590,https://canarabank.bank.in
P000419,DCB Bank - New Delhi,Private Sector Bank,Delhi,Delhi,Delhi,110001,28.626806,77.20663,MUDRA,true,Unknown,Unknown,Unknown,Unknown,Unknown,75,+911164649064,https://dcb.bank.in
P000420,DCB Bank - Preet Vihar,Private Sector Bank,Delhi,Delhi,Delhi,110092,28.6921111,77.3042222,MUDRA,true,Unknown,Unknown,Unknown,Unknown,Unknown,75,+911164649137,https://dcb.bank.in
P000421,ICICI Bank - New Delhinaya Bazaar,Private Sector Bank,Delhi,Delhi,Delhi,110006,28.662197,77.235397,MUDRA,true,Unknown,Unknown,Unknown,Unknown,Unknown,75,+918826268720,https://icici.bank.in
P000422,ICICI Bank - Chawri Bazaarnew Delhi,Private Sector Bank,Delhi,Delhi,Delhi,110006,28.662197,77.235397,MUDRA,true,Unknown,Unknown,Unknown,Unknown,Unknown,75,+918130899019,https://icici.bank.in
P000423,"IDBI Bank - Kirti Nagar,",Private Sector Bank,Delhi,Delhi,Delhi,110015,28.6593746,77.1301607,MUDRA,true,Unknown,Unknown,Unknown,Unknown,Unknown,75,+919756827358,https://idbi.bank.in
P000424,IDBI Bank - Civil Lines,Private Sector Bank,Delhi,Delhi,Delhi,110054,28.6624167,77.2348333,MUDRA,true,Unknown,Unknown,Unknown,Unknown,Unknown,75,+919956588731,https://idbi.bank.in
P000425,IDBI Bank - Sadar Bazar,Private Sector Bank,Delhi,Delhi,Delhi,110006,28.662197,77.235397,MUDRA,true,Unknown,Unknown,Unknown,Unknown,Unknown,75,+919711797957,https://idbi.bank.in
P000426,Indian Overseas Bank - Cbo Delhi,Public Sector Bank,Delhi,Delhi,Delhi,110001,28.626806,77.20663,PMEGP; MUDRA,true,Unknown,Unknown,Unknown,Unknown,Unknown,100,+911125826489,https://www.iob.in
P000427,Indian Overseas Bank - New Delhi Nanak Piao,Public Sector Bank,Delhi,Delhi,Delhi,110009,28.7076721,77.2000333,PMEGP; MUDRA,true,Unknown,Unknown,Unknown,Unknown,Unknown,100,23468808,https://www.iob.in
P000428,"Punjab & Sind Bank - Naya Bazar, New Delhi",Public Sector Bank,Delhi,Delhi,Delhi,110006,28.662197,77.235397,PMEGP; MUDRA,true,Unknown,Unknown,Unknown,Unknown,Unknown,100,+911123962457,https://punjabandsind.bank.in
P000429,Punjab & Sind Bank - Chawri Bazar Delhi,Public Sector Bank,Delhi,Delhi,Delhi,110006,28.662197,77.235397,PMEGP; MUDRA,true,Unknown,Unknown,Unknown,Unknown,Unknown,100,+911123265743,https://punjabandsind.bank.in
P000430,"State Bank of India - Commercial Branch, New Delhi",Public Sector Bank,Delhi,Delhi,Delhi,110001,28.626806,77.20663,PMEGP; MUDRA,true,Unknown,Unknown,Unknown,Unknown,Unknown,100,+919818618715,https://sbi.bank.in
P000431,"State Bank of India - Commercial Branch,Bara Khamba Road, New Delhi",Public Sector Bank,Delhi,Delhi,Delhi,110001,28.626806,77.20663,PMEGP; MUDRA,true,Unknown,Unknown,Unknown,Unknown,Unknown,100,+911123356814,https://sbi.bank.in
P000432,State Bank of India - Sme Asaf Ali Road,Public Sector Bank,Delhi,Delhi,Delhi,110003,28.6317778,77.24025,PMEGP; MUDRA,true,Unknown,Unknown,Unknown,Unknown,Unknown,100,+918077856739,https://sbi.bank.in
P000433,UCO Bank - Civil Lines Delhi,Public Sector Bank,Delhi,Delhi,Delhi,110054,28.6624167,77.2348333,PMEGP; MUDRA,true,Unknown,Unknown,Unknown,Unknown,Unknown,100,+911123965347,https://uco.bank.in
P000434,"Yes Bank - Sadar Bazar, Delhi",Private Sector Bank,Delhi,Delhi,Delhi,110006,28.662197,77.235397,MUDRA,true,Unknown,Unknown,Unknown,Unknown,Unknown,75,+911123520733,https://yes.bank.in
P000435,Bandhan Bank - Malviya Nagar Branch New Delhi,Private Sector Bank,Delhi,New Delhi,New Delhi,110017,28.5335508,77.2144483,MUDRA,true,Unknown,Unknown,Unknown,Unknown,Unknown,75,+916293125181,https://bandhan.bank.in
P000436,Bank of India - New Delhi Large Corporate,Public Sector Bank,Delhi,New Delhi,New Delhi,110001,28.626806,77.20663,PMEGP; MUDRA,true,Unknown,Unknown,Unknown,Unknown,Unknown,100,+912376512823,https://bankofindia.bank.in
P000437,Bank of India - Mid Corporate Banking Branch N,Public Sector Bank,Delhi,New Delhi,New Delhi,110065,28.5610258,77.2521984,PMEGP; MUDRA,true,Unknown,Unknown,Unknown,Unknown,Unknown,100,+917283233161,https://bankofindia.bank.in
P000438,Canara Bank - Spld Mcb Newdelhi Barakhamba Road,Public Sector Bank,Delhi,New Delhi,New Delhi,110001,28.626806,77.20663,PMEGP; MUDRA,true,Unknown,Unknown,Unknown,Unknown,Unknown,100,+911123317781,https://canarabank.bank.in
P000439,DCB Bank - Paschim Vihar,Private Sector Bank,Delhi,New Delhi,New Delhi,110026,28.6580858,77.1317097,MUDRA,true,Unknown,Unknown,Unknown,Unknown,Unknown,75,+919910650855,https://dcb.bank.in
P000440,IDBI Bank - Ashok Vihar,Private Sector Bank,Delhi,New Delhi,New Delhi,110052,28.6847083,77.1767361,MUDRA,true,Unknown,Unknown,Unknown,Unknown,Unknown,75,+919414205356,https://idbi.bank.in
P000441,IDFC FIRST Bank - Barakhamba Road,Private Sector Bank,Delhi,New Delhi,New Delhi,110001,28.626806,77.20663,MUDRA,true,Unknown,Unknown,Unknown,Unknown,Unknown,75,+919810223345,https://idfcfirst.bank.in
P000442,State Bank of India - Mid Corporate Region New Delhi,Public Sector Bank,Delhi,New Delhi,New Delhi,110001,28.626806,77.20663,PMEGP; MUDRA,true,Unknown,Unknown,Unknown,Unknown,Unknown,100,+918800755244,https://sbi.bank.in
P000443,State Bank of India - Sme Bawana,Public Sector Bank,Delhi,New Delhi,New Delhi,110039,28.7996944,77.0380555,PMEGP; MUDRA,true,Unknown,Unknown,Unknown,Unknown,Unknown,100,+919182750572,https://sbi.bank.in
P000444,UCO Bank - Chawri Bazar,Public Sector Bank,Delhi,New Delhi,New Delhi,110006,28.6574394,77.2223572,PMEGP; MUDRA,true,Unknown,Unknown,Unknown,Unknown,Unknown,100,+911123910019,https://uco.bank.in
P000445,HDFC Bank - Alto Mapusa,Private Sector Bank,Goa,Mapusa,Mapusa,403507,15.5720128,73.8006639,MUDRA,true,Unknown,Unknown,Unknown,Unknown,Unknown,65,Unknown,https://hdfc.bank.in
P000446,UCO Bank - Marggao Goa,Public Sector Bank,Goa,Margao,Margao,403601,15.2747014,73.9575615,PMEGP; MUDRA,true,Unknown,Unknown,Unknown,Unknown,Unknown,100,+918322715533,https://uco.bank.in
P000447,Bank of Maharashtra - Bambolim,Public Sector Bank,Goa,North Goa,North Goa,403101,54.1059785,34.9846497,PMEGP; MUDRA,true,Unknown,Unknown,Unknown,Unknown,Unknown,100,+918956740115,https://bankofmaharashtra.bank.in
P000448,DCB Bank - Panaji,Private Sector Bank,Goa,North Goa,North Goa,403001,15.4946102,73.8298598,MUDRA,true,Unknown,Unknown,Unknown,Unknown,Unknown,75,+918326630951,https://dcb.bank.in
P000449,Indian Bank - Ponda,Public Sector Bank,Goa,North Goa,North Goa,403401,61.9337556,47.1769167,PMEGP; MUDRA,true,Unknown,Unknown,Unknown,Unknown,Unknown,100,+918322312865,https://indianbank.bank.in
P000450,State Bank of India - Racc R And Db Gogol,Public Sector Bank,Goa,Panaji,Panaji,403602,15.2923922,73.966067,PMEGP; MUDRA,true,Unknown,Unknown,Unknown,Unknown,Unknown,100,+919920577484,https://sbi.bank.in
P000451,State Bank of India - Fslo Panaji,Public Sector Bank,Goa,Panaji,Panaji,403001,15.4991319,73.8323313,PMEGP; MUDRA,true,Unknown,Unknown,Unknown,Unknown,Unknown,100,+918007053939,https://sbi.bank.in
P000452,Indian Overseas Bank - Talaulim,Public Sector Bank,Goa,Ponda,Ponda,403401,72.16,15.87,PMEGP; MUDRA,true,Unknown,Unknown,Unknown,Unknown,Unknown,100,+918322435640,https://www.iob.in
P000453,DCB Bank - Vasco-Da-Gama,Private Sector Bank,Goa,South Goa,South Goa,403802,26.9769071,62.1340164,MUDRA,true,Unknown,Unknown,Unknown,Unknown,Unknown,75,+918326620876,https://dcb.bank.in
P000454,IDBI Bank - Sancoale,Private Sector Bank,Goa,South Goa,South Goa,403710,54.4024701,34.8999815,MUDRA,true,Unknown,Unknown,Unknown,Unknown,Unknown,75,+918700949636,https://idbi.bank.in
P000455,Indian Bank - Chicalim,Public Sector Bank,Goa,South Goa,South Goa,403711,15.3981152,73.8491437,PMEGP; MUDRA,true,Unknown,Unknown,Unknown,Unknown,Unknown,100,+918322540014,https://indianbank.bank.in
P000456,Bandhan Bank - Science City Branch Ahmedabad,Private Sector Bank,Gujarat,Ahmadabad,Ahmadabad,380059,23.0522235,72.490298,MUDRA,true,Unknown,Unknown,Unknown,Unknown,Unknown,75,+919230524031,https://bandhan.bank.in
P000457,Bandhan Bank - Ahmedabad,Private Sector Bank,Gujarat,Ahmedabad,Ahmedabad,380006,23.018508,72.569819,MUDRA,true,Unknown,Unknown,Unknown,Unknown,Unknown,75,+919978614741,https://bandhan.bank.in
P000458,Bandhan Bank - Kalupur Chokha Bazar Branch Ahmedabad,Private Sector Bank,Gujarat,Ahmedabad,Ahmedabad,380001,23.0281944,72.5833889,MUDRA,true,Unknown,Unknown,Unknown,Unknown,Unknown,75,+919903626011,https://bandhan.bank.in
P000459,Bank of India - Delhi Chakla,Public Sector Bank,Gujarat,Ahmedabad,Ahmedabad,380001,23.0281944,72.5833889,PMEGP; MUDRA,true,Unknown,Unknown,Unknown,Unknown,Unknown,100,+917283233051,https://bankofindia.bank.in
P000460,Bank of India - Godrej Garden City Road,Public Sector Bank,Gujarat,Ahmedabad,Ahmedabad,382470,23.1084354,72.5618222,PMEGP; MUDRA,true,Unknown,Unknown,Unknown,Unknown,Unknown,100,+919375247432,https://bankofindia.bank.in
P000461,Canara Bank - Msme Sulabh Ahmedabad I,Public Sector Bank,Gujarat,Ahmedabad,Ahmedabad,380005,23.0959653,72.5934403,PMEGP; MUDRA,true,Unknown,Unknown,Unknown,Unknown,Unknown,100,+918511174982,https://canarabank.bank.in
P000462,Canara Bank - Rah Naranpura,Public Sector Bank,Gujarat,Ahmedabad,Ahmedabad,380013,23.064536,72.555998,PMEGP; MUDRA,true,Unknown,Unknown,Unknown,Unknown,Unknown,100,+919427419538,https://canarabank.bank.in
P000463,Canara Bank - Currency Chest Ahmedabad Ii,Public Sector Bank,Gujarat,Ahmedabad,Ahmedabad,380009,23.04,72.57,PMEGP; MUDRA,true,Unknown,Unknown,Unknown,Unknown,Unknown,100,+917926586627,https://canarabank.bank.in
P000464,DCB Bank - Relief Road,Private Sector Bank,Gujarat,Ahmedabad,Ahmedabad,380001,23.0281944,72.5833889,MUDRA,true,Unknown,Unknown,Unknown,Unknown,Unknown,75,+917965105600,https://dcb.bank.in
P000465,DCB Bank - C.G.Road,Private Sector Bank,Gujarat,Ahmedabad,Ahmedabad,380006,23.018508,72.569819,MUDRA,true,Unknown,Unknown,Unknown,Unknown,Unknown,75,+917966143241,https://dcb.bank.in
P000466,HDFC Bank - The Bhagyodaya Co Op Bank Ltd,Private Sector Bank,Gujarat,Ahmedabad,Ahmedabad,380004,23.040167,72.588339,MUDRA,true,Unknown,Unknown,Unknown,Unknown,Unknown,75,+917922138235,https://hdfc.bank.in
P000467,HDFC Bank - The Peoples Co Op Bank Ltd Dholka,Private Sector Bank,Gujarat,Ahmedabad,Ahmedabad,382225,23.198,72.6139,MUDRA,true,Unknown,Unknown,Unknown,Unknown,Unknown,75,+919998970430,https://hdfc.bank.in
P000468,ICICI Bank - Ahmedabad-Ashram Road,Private Sector Bank,Gujarat,Ahmedabad,Ahmedabad,380009,23.04,72.57,MUDRA,true,Unknown,Unknown,Unknown,Unknown,Unknown,75,+918128992145,https://icici.bank.in
P000469,ICICI Bank - Thaltej,Private Sector Bank,Gujarat,Ahmedabad,Ahmedabad,380054,23.044141,72.522147,MUDRA,true,Unknown,Unknown,Unknown,Unknown,Unknown,75,+919712942921,https://icici.bank.in
P000470,IDBI Bank - Jnp Satellite,Private Sector Bank,Gujarat,Ahmedabad,Ahmedabad,380015,23.032196,72.578457,MUDRA,true,Unknown,Unknown,Unknown,Unknown,Unknown,75,+919924135586,https://idbi.bank.in
P000471,IDBI Bank - Ahmedabad Corporate Banking Branch,Private Sector Bank,Gujarat,Ahmedabad,Ahmedabad,380006,23.018508,72.569819,MUDRA,true,Unknown,Unknown,Unknown,Unknown,Unknown,75,+919869465423,https://idbi.bank.in
P000472,IDBI Bank - Science City,Private Sector Bank,Gujarat,Ahmedabad,Ahmedabad,380060,23.099314,72.5127,MUDRA,true,Unknown,Unknown,Unknown,Unknown,Unknown,75,+919904985060,https://idbi.bank.in
P000473,IDFC FIRST Bank - Ahmedabad C.G. Road,Private Sector Bank,Gujarat,Ahmedabad,Ahmedabad,380006,23.018508,72.569819,MUDRA,true,Unknown,Unknown,Unknown,Unknown,Unknown,75,+917966216387,https://idfcfirst.bank.in
P000474,Indian Bank - Science City,Public Sector Bank,Gujarat,Ahmedabad,Ahmedabad,380060,23.099314,72.5127,PMEGP; MUDRA,true,Unknown,Unknown,Unknown,Unknown,Unknown,100,+917929999355,https://indianbank.bank.in
P000475,"State Bank of India - Spl Ssi, Rakhial",Public Sector Bank,Gujarat,Ahmedabad,Ahmedabad,380023,23.0163995,72.626339,PMEGP; MUDRA,true,Unknown,Unknown,Unknown,Unknown,Unknown,100,+917922877976,https://sbi.bank.in
P000476,"State Bank of India - Commercial Branch, Ahmedabad",Public Sector Bank,Gujarat,Ahmedabad,Ahmedabad,380001,23.0281944,72.5833889,PMEGP; MUDRA,true,Unknown,Unknown,Unknown,Unknown,Unknown,100,+917926577380,https://sbi.bank.in
P000477,"State Bank of India - Regional Business Office I, Ahmedabad",Public Sector Bank,Gujarat,Ahmedabad,Ahmedabad,380015,23.032196,72.578457,PMEGP; MUDRA,true,Unknown,Unknown,Unknown,Unknown,Unknown,100,+917926442453,https://sbi.bank.in
P000478,UCO Bank - Mid Corporate Baroda,Public Sector Bank,Gujarat,Ahmedabad,Ahmedabad,390020,22.3141666,73.1780139,PMEGP; MUDRA,true,Unknown,Unknown,Unknown,Unknown,Unknown,100,+912652340884,https://uco.bank.in
P000479,"Yes Bank - Science City, Ahmedabad",Private Sector Bank,Gujarat,Ahmedabad,Ahmedabad,380060,23.099314,72.5127,MUDRA,true,Unknown,Unknown,Unknown,Unknown,Unknown,75,+917947022703,https://yes.bank.in
P000480,Yes Bank - Shree Kadi Nagrik Bank Science City,Private Sector Bank,Gujarat,Ahmedabad,Ahmedabad,380061,23.068571,72.543114,MUDRA,true,Unknown,Unknown,Unknown,Unknown,Unknown,75,+919824512970,https://yes.bank.in
P000481,Canara Bank - Amreli,Public Sector Bank,Gujarat,Amreli,Amreli,365601,21.3669726,71.1258037,PMEGP; MUDRA,true,Unknown,Unknown,Unknown,Unknown,Unknown,100,+912792220201,https://canarabank.bank.in
P000482,IDBI Bank - Amreli,Private Sector Bank,Gujarat,Amreli,Amreli,365601,21.3669726,71.1258037,MUDRA,true,Unknown,Unknown,Unknown,Unknown,Unknown,75,+919974099746,https://idbi.bank.in
P000483,State Bank of India - Sme Branch Amreli,Public Sector Bank,Gujarat,Amreli,Amreli,365601,21.3669726,71.1258037,PMEGP; MUDRA,true,Unknown,Unknown,Unknown,Unknown,Unknown,100,+917600037820,https://sbi.bank.in
P000484,Bandhan Bank - Anand,Private Sector Bank,Gujarat,Anand,Anand,388001,22.5592376,72.9643494,MUDRA,true,Unknown,Unknown,Unknown,Unknown,Unknown,75,+919725214751,https://bandhan.bank.in
P000485,Canara Bank - Anand,Public Sector Bank,Gujarat,Anand,Anand,388001,22.5592376,72.9643494,PMEGP; MUDRA,true,Unknown,Unknown,Unknown,Unknown,Unknown,100,+9127922414132,https://canarabank.bank.in
P000486,State Bank of India - Spl Commercial Branch,Public Sector Bank,Gujarat,Anand,Anand,388001,22.5592376,72.9643494,PMEGP; MUDRA,true,Unknown,Unknown,Unknown,Unknown,Unknown,100,+912692261796,https://sbi.bank.in
P000487,"State Bank of India - Pratin Chokdi, Ankleshwar",Public Sector Bank,Gujarat,Ankleshwar,Ankleshwar,393002,21.618527,73.023866,PMEGP; MUDRA,true,Unknown,Unknown,Unknown,Unknown,Unknown,100,+919167110550,https://sbi.bank.in
P000488,Bank of Baroda - Ambaliara,Public Sector Bank,Gujarat,Aravalli,Aravalli,383265,,,PMEGP; MUDRA,true,Unknown,Unknown,Unknown,Unknown,Unknown,90,Unknown,https://bankofbaroda.bank.in
P000489,Bandhan Bank - Bharuch,Private Sector Bank,Gujarat,Bharuch,Bharuch,392001,21.692699,72.982864,MUDRA,true,Unknown,Unknown,Unknown,Unknown,Unknown,75,+917043114771,https://bandhan.bank.in
P000490,"Canara Bank - Zadesheshar Road,Bharuch",Public Sector Bank,Gujarat,Bharuch,Bharuch,392011,21.649829,73.0722203,PMEGP; MUDRA,true,Unknown,Unknown,Unknown,Unknown,Unknown,100,+9126422331352,https://canarabank.bank.in
P000491,DCB Bank - Ankleswar,Private Sector Bank,Gujarat,Bharuch,Bharuch,393002,21.6067537,73.0145963,MUDRA,true,Unknown,Unknown,Unknown,Unknown,Unknown,75,+912646650520,https://dcb.bank.in
P000492,Axis Bank - Lokhand Bazar,Private Sector Bank,Gujarat,Bhavnagar,Bhavnagar,364001,21.775,72.1479,MUDRA,true,Unknown,Unknown,Unknown,Unknown,Unknown,75,+912782427311,https://axis.bank.in
P000493,State Bank of India - Sme Branch Bhavnagar,Public Sector Bank,Gujarat,Bhavnagar,Bhavnagar,364001,21.775,72.1479,PMEGP; MUDRA,true,Unknown,Unknown,Unknown,Unknown,Unknown,100,+919909363636,https://sbi.bank.in
P000494,UCO Bank - Bhavnagar Main,Public Sector Bank,Gujarat,Bhavnagar,Bhavnagar,364001,21.775,72.1479,PMEGP; MUDRA,true,Unknown,Unknown,Unknown,Unknown,Unknown,100,+912782519017,https://uco.bank.in
P000495,State Bank of India - Air Force Station Bhuj,Public Sector Bank,Gujarat,Bhuj,Bhuj,370001,23.2469444,69.6731944,PMEGP; MUDRA,true,Unknown,Unknown,Unknown,Unknown,Unknown,100,+912832224139,https://sbi.bank.in
P000496,Bandhan Bank - Botad,Private Sector Bank,Gujarat,Botad,Botad,364710,22.1711111,71.6816944,MUDRA,true,Unknown,Unknown,Unknown,Unknown,Unknown,65,Unknown,https://bandhan.bank.in
P000497,Bank of Baroda - Barwala,Public Sector Bank,Gujarat,Botad,Botad,382450,22.20901,71.8879736,PMEGP; MUDRA,true,Unknown,Unknown,Unknown,Unknown,Unknown,90,Unknown,https://bankofbaroda.bank.in
P000498,IDFC FIRST Bank - Botad Branch,Private Sector Bank,Gujarat,Botad,Botad,364710,22.1711111,71.6816944,MUDRA,true,Unknown,Unknown,Unknown,Unknown,Unknown,65,Unknown,https://idfcfirst.bank.in
P000499,Bank of India - Chhota Udepur,Public Sector Bank,Gujarat,Chhota Udepur,Chhota Udepur,391165,22.6148544,73.9260433,PMEGP; MUDRA,true,Unknown,Unknown,Unknown,Unknown,Unknown,100,+918827359655,https://bankofindia.bank.in
P000500,Indian Bank - Chhota Udepur,Public Sector Bank,Gujarat,Chhota Udepur,Chhota Udepur,391165,22.6148544,73.9260433,PMEGP; MUDRA,true,Unknown,Unknown,Unknown,Unknown,Unknown,100,+917487091785,https://indianbank.bank.in
P000501,State Bank of India - Dahod,Public Sector Bank,Gujarat,Dahod,Dahod,389151,22.8321667,74.25825,PMEGP; MUDRA,true,Unknown,Unknown,Unknown,Unknown,Unknown,100,+912673242510,https://sbi.bank.in
P000502,Bank of Maharashtra - Dohad,Public Sector Bank,Gujarat,Dohad,Dohad,389151,22.8321667,74.25825,PMEGP; MUDRA,true,Unknown,Unknown,Unknown,Unknown,Unknown,100,+919773475434,https://bankofmaharashtra.bank.in
P000503,State Bank of India - Antarjal,Public Sector Bank,Gujarat,Gandhidham,Gandhidham,370205,23.0500601,70.0831271,PMEGP; MUDRA,true,Unknown,Unknown,Unknown,Unknown,Unknown,100,+919586563135,https://sbi.bank.in
P000504,UCO Bank - Gandhidham,Public Sector Bank,Gujarat,Gandhidham,Gandhidham,370201,23.4577,70.0026,PMEGP; MUDRA,true,Unknown,Unknown,Unknown,Unknown,Unknown,100,+912836220585,https://uco.bank.in
P000505,Bank of India - Aamja,Public Sector Bank,Gujarat,Gandhinagar,Gandhinagar,382735,23.476,72.314,PMEGP; MUDRA,true,Unknown,Unknown,Unknown,Unknown,Unknown,100,+919678576222,https://bankofindia.bank.in
P000506,Bank of India - Gift City,Public Sector Bank,Gujarat,Gandhinagar,Gandhinagar,382355,23.3163058,72.58184,PMEGP; MUDRA,true,Unknown,Unknown,Unknown,Unknown,Unknown,100,+917966740204,https://bankofindia.bank.in
P000507,Canara Bank - Rah Gandhinagar,Public Sector Bank,Gujarat,Gandhinagar,Gandhinagar,382016,23.229961,72.647931,PMEGP; MUDRA,true,Unknown,Unknown,Unknown,Unknown,Unknown,100,+918511999564,https://canarabank.bank.in
P000508,DCB Bank - Gandhinagar,Private Sector Bank,Gujarat,Gandhinagar,Gandhinagar,382076,,,MUDRA,true,Unknown,Unknown,Unknown,Unknown,Unknown,75,+917965730137,https://dcb.bank.in
P000509,ICICI Bank - Gandhinagar,Private Sector Bank,Gujarat,Gandhinagar,Gandhinagar,382016,23.229961,72.647931,MUDRA,true,Unknown,Unknown,Unknown,Unknown,Unknown,75,+919727725744,https://icici.bank.in
P000510,IDBI Bank - Sector Gandhinagar,Private Sector Bank,Gujarat,Gandhinagar,Gandhinagar,382006,23.216358,72.637315,MUDRA,true,Unknown,Unknown,Unknown,Unknown,Unknown,75,+919879289959,https://idbi.bank.in
P000511,"IDBI Bank - Spoke Rao - Gift City, Gandhinagar",Private Sector Bank,Gujarat,Gandhinagar,Gandhinagar,382355,23.3163058,72.58184,MUDRA,true,Unknown,Unknown,Unknown,Unknown,Unknown,75,+917966732200,https://idbi.bank.in
P000512,IDFC FIRST Bank - Gandhinagar Branch,Private Sector Bank,Gujarat,Gandhinagar,Gandhinagar,382016,23.229961,72.647931,MUDRA,true,Unknown,Unknown,Unknown,Unknown,Unknown,75,+919825227623,https://idfcfirst.bank.in
P000513,Indian Bank - Gandhi Nagar Ahmedabad,Public Sector Bank,Gujarat,Gandhinagar,Gandhinagar,382016,23.229961,72.647931,PMEGP; MUDRA,true,Unknown,Unknown,Unknown,Unknown,Unknown,100,+917923240204,https://indianbank.bank.in
P000514,State Bank of India - Gift City Gandhinagar,Public Sector Bank,Gujarat,Gandhinagar,Gandhinagar,382355,23.3163058,72.58184,PMEGP; MUDRA,true,Unknown,Unknown,Unknown,Unknown,Unknown,100,+917600038052,https://sbi.bank.in
P000515,Bank of Baroda - Alidar,Public Sector Bank,Gujarat,Gir Somnath,Gir Somnath,362720,20.8920527,70.8011971,PMEGP; MUDRA,true,Unknown,Unknown,Unknown,Unknown,Unknown,90,Unknown,https://bankofbaroda.bank.in
P000516,Bank of Baroda - Vohrawad Branch,Public Sector Bank,Gujarat,Godhra,Godhra,389001,22.77675,73.6124444,PMEGP; MUDRA,true,Unknown,Unknown,Unknown,Unknown,Unknown,90,Unknown,https://bankofbaroda.bank.in
P000517,State Bank of India - Raccr And Db Godhra,Public Sector Bank,Gujarat,Godhra,Godhra,389001,22.77675,73.6124444,PMEGP; MUDRA,true,Unknown,Unknown,Unknown,Unknown,Unknown,90,Unknown,https://sbi.bank.in
P000518,State Bank of India - Mahetapura Branch,Public Sector Bank,Gujarat,Himatnagar,Himatnagar,383001,23.603626,72.963943,PMEGP; MUDRA,true,Unknown,Unknown,Unknown,Unknown,Unknown,90,Unknown,https://sbi.bank.in
P000519,ICICI Bank - Green City Road,Private Sector Bank,Gujarat,Jamnagar,Jamnagar,361005,22.4618333,70.0647778,MUDRA,true,Unknown,Unknown,Unknown,Unknown,Unknown,75,+912836650106,https://icici.bank.in
P000520,"State Bank of India - Rasmeccc Sarc, Jamnagar",Public Sector Bank,Gujarat,Jamnagar,Jamnagar,361001,22.4654722,70.0785,PMEGP; MUDRA,true,Unknown,Unknown,Unknown,Unknown,Unknown,100,+912882661848,https://sbi.bank.in
P000521,UCO Bank - Jamnagar Main,Public Sector Bank,Gujarat,Jamnagar,Jamnagar,361001,22.4654722,70.0785,PMEGP; MUDRA,true,Unknown,Unknown,Unknown,Unknown,Unknown,100,+912882676601,https://uco.bank.in
P000522,Canara Bank - Junagadh,Public Sector Bank,Gujarat,Junagadh,Junagadh,362001,21.519189,70.461366,PMEGP; MUDRA,true,Unknown,Unknown,Unknown,Unknown,Unknown,100,+912852636140,https://canarabank.bank.in
P000523,ICICI Bank - Junagadh,Private Sector Bank,Gujarat,Junagadh,Junagadh,362001,21.519189,70.461366,MUDRA,true,Unknown,Unknown,Unknown,Unknown,Unknown,75,+919687424448,https://icici.bank.in
P000524,IDBI Bank - Junagadh,Private Sector Bank,Gujarat,Junagadh,Junagadh,362001,21.519189,70.461366,MUDRA,true,Unknown,Unknown,Unknown,Unknown,Unknown,75,+919033044019,https://idbi.bank.in
P000525,DCB Bank - Bhuj,Private Sector Bank,Gujarat,Kachchh,Kachchh,370001,23.4965839,69.5337517,MUDRA,true,Unknown,Unknown,Unknown,Unknown,Unknown,75,+912832653101,https://dcb.bank.in
P000526,Punjab & Sind Bank - Madhapar,Public Sector Bank,Gujarat,Kachchh,Kachchh,370020,23.2623976,69.8201536,PMEGP; MUDRA,true,Unknown,Unknown,Unknown,Unknown,Unknown,100,+919484489664,https://punjabandsind.bank.in
P000527,UCO Bank - Kalol,Public Sector Bank,Gujarat,Kalol,Kalol,382721,23.2422778,72.499,PMEGP; MUDRA,true,Unknown,Unknown,Unknown,Unknown,Unknown,100,+9179223327,https://uco.bank.in
P000528,ICICI Bank - Kheda,Private Sector Bank,Gujarat,Kheda,Kheda,387411,22.7525,72.6844722,MUDRA,true,Unknown,Unknown,Unknown,Unknown,Unknown,75,+917573007439,https://icici.bank.in
P000529,IDBI Bank - Kheda,Private Sector Bank,Gujarat,Kheda,Kheda,387411,22.7525,72.6844722,MUDRA,true,Unknown,Unknown,Unknown,Unknown,Unknown,75,+919879584887,https://idbi.bank.in
P000530,Indian Bank - Microsate Kathlal,Public Sector Bank,Gujarat,Kheda,Kheda,387630,23.0305833,65.7245944,PMEGP; MUDRA,true,Unknown,Unknown,Unknown,Unknown,Unknown,100,+912691243850,https://indianbank.bank.in
P000531,Canara Bank - Mehsana,Public Sector Bank,Gujarat,Mahesana,Mahesana,384002,23.588142,72.370791,PMEGP; MUDRA,true,Unknown,Unknown,Unknown,Unknown,Unknown,100,+912762241191,https://canarabank.bank.in
P000532,DCB Bank - Mahesana,Private Sector Bank,Gujarat,Mahesana,Mahesana,384002,23.588142,72.370791,MUDRA,true,Unknown,Unknown,Unknown,Unknown,Unknown,75,+919904809246,https://dcb.bank.in
P000533,IDBI Bank - Mehsana,Private Sector Bank,Gujarat,Mahesana,Mahesana,384002,23.588142,72.370791,MUDRA,true,Unknown,Unknown,Unknown,Unknown,Unknown,75,+919601351941,https://idbi.bank.in
P000534,Bank of Baroda - Balasinor,Public Sector Bank,Gujarat,Mahisagar,Mahisagar,388255,22.9743734,73.3231357,PMEGP; MUDRA,true,Unknown,Unknown,Unknown,Unknown,Unknown,90,Unknown,https://bankofbaroda.bank.in
P000535,Punjab National Bank - Balasinor,Public Sector Bank,Gujarat,Mahisagar,Mahisagar,388255,22.9743734,73.3231357,PMEGP; MUDRA,true,Unknown,Unknown,Unknown,Unknown,Unknown,90,Unknown,https://pnb.bank.in
P000536,Axis Bank - Modhera Road,Private Sector Bank,Gujarat,Mehsana,Mehsana,384002,23.6230185,72.2446645,MUDRA,true,Unknown,Unknown,Unknown,Unknown,Unknown,75,+917069091512,https://axis.bank.in
P000537,Indian Bank - Dediyasan,Public Sector Bank,Gujarat,Mehsana,Mehsana,384002,23.6230185,72.2446645,PMEGP; MUDRA,true,Unknown,Unknown,Unknown,Unknown,Unknown,100,+912762224027,https://indianbank.bank.in
P000538,State Bank of India - Spl Govt Branch Mehsana,Public Sector Bank,Gujarat,Mehsana,Mehsana,384001,23.652472,72.41729,PMEGP; MUDRA,true,Unknown,Unknown,Unknown,Unknown,Unknown,100,+912762221115,https://sbi.bank.in
P000539,State Bank of India - Racc Modasa,Public Sector Bank,Gujarat,Modasa,Modasa,383315,23.4646944,73.2969444,PMEGP; MUDRA,true,Unknown,Unknown,Unknown,Unknown,Unknown,100,+919829738460,https://sbi.bank.in
P000540,Bank of Maharashtra - Sakat Sanala,Public Sector Bank,Gujarat,Morbi,Morbi,363641,22.2986944,70.7997778,PMEGP; MUDRA,true,Unknown,Unknown,Unknown,Unknown,Unknown,100,+916357300612,https://bankofmaharashtra.bank.in
P000541,DCB Bank - Morbi,Private Sector Bank,Gujarat,Morbi,Morbi,363641,22.2986944,70.7997778,MUDRA,true,Unknown,Unknown,Unknown,Unknown,Unknown,75,+919825974100,https://dcb.bank.in
P000542,Punjab & Sind Bank - Morbi,Public Sector Bank,Gujarat,Morbi,Morbi,363642,22.828332,70.847288,PMEGP; MUDRA,true,Unknown,Unknown,Unknown,Unknown,Unknown,100,+918109621213,https://punjabandsind.bank.in
P000543,Bank of India - Ravapar,Public Sector Bank,Gujarat,Morvi,Morvi,363641,23.0842449,70.3959673,PMEGP; MUDRA,true,Unknown,Unknown,Unknown,Unknown,Unknown,100,+919044864980,https://bankofindia.bank.in
P000544,State Bank of India - Cac Morvi,Public Sector Bank,Gujarat,Morvi,Morvi,363641,23.0842449,70.3959673,PMEGP; MUDRA,true,Unknown,Unknown,Unknown,Unknown,Unknown,100,+919898170038,https://sbi.bank.in
P000545,State Bank of India - Piplag,Public Sector Bank,Gujarat,Nadiad,Nadiad,387355,22.6074103,72.7763218,PMEGP; MUDRA,true,Unknown,Unknown,Unknown,Unknown,Unknown,100,+919643061805,https://sbi.bank.in
P000546,Bandhan Bank - Navsari,Private Sector Bank,Gujarat,Navsari,Navsari,396445,20.95,72.92,MUDRA,true,Unknown,Unknown,Unknown,Unknown,Unknown,75,+916290919021,https://bandhan.bank.in
P000547,Bank of India - Gundevi,Public Sector Bank,Gujarat,Navsari,Navsari,396360,20.826,73.018,PMEGP; MUDRA,true,Unknown,Unknown,Unknown,Unknown,Unknown,100,+912634263264,https://bankofindia.bank.in
P000548,Canara Bank - Navsari,Public Sector Bank,Gujarat,Navsari,Navsari,396445,20.95,72.92,PMEGP; MUDRA,true,Unknown,Unknown,Unknown,Unknown,Unknown,100,+9126372586692,https://canarabank.bank.in
P000549,Bank of India - Delhi Gate,Public Sector Bank,Gujarat,Palanpur,Palanpur,385001,24.170092,72.424777,PMEGP; MUDRA,true,Unknown,Unknown,Unknown,Unknown,Unknown,100,+912742245524,https://bankofindia.bank.in
P000550,State Bank of India - Cac Banaskantha,Public Sector Bank,Gujarat,Palanpur,Palanpur,385001,24.170092,72.424777,PMEGP; MUDRA,true,Unknown,Unknown,Unknown,Unknown,Unknown,100,+917600229758,https://sbi.bank.in
P000551,Bandhan Bank - Patan,Private Sector Bank,Gujarat,Patan,Patan,384265,23.852903,72.128809,MUDRA,true,Unknown,Unknown,Unknown,Unknown,Unknown,75,+916290919351,https://bandhan.bank.in
P000552,DCB Bank - Sidhpur,Private Sector Bank,Gujarat,Patan,Patan,384151,23.8394933,72.4824232,MUDRA,true,Unknown,Unknown,Unknown,Unknown,Unknown,75,+912767650180,https://dcb.bank.in
P000553,IDBI Bank - Patan,Private Sector Bank,Gujarat,Patan,Patan,384265,23.852903,72.128809,MUDRA,true,Unknown,Unknown,Unknown,Unknown,Unknown,75,+918460091601,https://idbi.bank.in
P000554,Bandhan Bank - Porbandar,Private Sector Bank,Gujarat,Porbandar,Porbandar,360575,21.6380556,69.6056944,MUDRA,true,Unknown,Unknown,Unknown,Unknown,Unknown,75,+918511118061,https://bandhan.bank.in
P000555,Canara Bank - Porbandar,Public Sector Bank,Gujarat,Porbandar,Porbandar,360575,21.6380556,69.6056944,PMEGP; MUDRA,true,Unknown,Unknown,Unknown,Unknown,Unknown,100,+912862242591,https://canarabank.bank.in
P000556,IDBI Bank - Porbandar Main Branch,Private Sector Bank,Gujarat,Porbandar,Porbandar,360575,21.6380556,69.6056944,MUDRA,true,Unknown,Unknown,Unknown,Unknown,Unknown,75,+919725598668,https://idbi.bank.in
P000557,Bandhan Bank - Rajkot,Private Sector Bank,Gujarat,Rajkot,Rajkot,360001,22.2986997,70.7996256,MUDRA,true,Unknown,Unknown,Unknown,Unknown,Unknown,75,+917043418361,https://bandhan.bank.in
P000558,Bank of India - Panchnath,Public Sector Bank,Gujarat,Rajkot,Rajkot,360001,22.2986997,70.7996256,PMEGP; MUDRA,true,Unknown,Unknown,Unknown,Unknown,Unknown,100,+912812456150,https://bankofindia.bank.in
P000559,"Canara Bank - Rajkot, Gujrat",Public Sector Bank,Gujarat,Rajkot,Rajkot,360001,22.2986997,70.7996256,PMEGP; MUDRA,true,Unknown,Unknown,Unknown,Unknown,Unknown,100,+912812234688,https://canarabank.bank.in
P000560,Canara Bank - Msme Sulabh Rajkot,Public Sector Bank,Gujarat,Rajkot,Rajkot,360005,22.2757222,70.7548889,PMEGP; MUDRA,true,Unknown,Unknown,Unknown,Unknown,Unknown,100,+918511106651,https://canarabank.bank.in
P000561,Kotak Mahindra Bank - Vijay Commercial Co Op Bank Ltd Marketing Yard,Private Sector Bank,Gujarat,Rajkot,Rajkot,360003,22.3067222,70.8114444,MUDRA,true,Unknown,Unknown,Unknown,Unknown,Unknown,75,+912812483775,https://kotak.bank.in
P000562,Kotak Mahindra Bank - Vijay Commercial Co Op Bank Ltd Sorthiyawadi,Private Sector Bank,Gujarat,Rajkot,Rajkot,360002,22.2810278,70.8031944,MUDRA,true,Unknown,Unknown,Unknown,Unknown,Unknown,75,+912812234201,https://kotak.bank.in
P000563,State Bank of India - Commercial Branch Rajkot,Public Sector Bank,Gujarat,Rajkot,Rajkot,360001,22.2986997,70.7996256,PMEGP; MUDRA,true,Unknown,Unknown,Unknown,Unknown,Unknown,100,+912812476836,https://sbi.bank.in
P000564,State Bank of India - Regional Business Office I Rajkot,Public Sector Bank,Gujarat,Rajkot,Rajkot,360001,22.2986997,70.7996256,PMEGP; MUDRA,true,Unknown,Unknown,Unknown,Unknown,Unknown,100,+912812232293,https://sbi.bank.in
P000565,UCO Bank - Rajkot Main,Public Sector Bank,Gujarat,Rajkot,Rajkot,360001,22.2986997,70.7996256,PMEGP; MUDRA,true,Unknown,Unknown,Unknown,Unknown,Unknown,100,+912812222869,https://uco.bank.in
P000566,Union Bank of India - Rajkot Ssi,Public Sector Bank,Gujarat,Rajkot,Rajkot,360002,22.2810278,70.8031944,PMEGP; MUDRA,true,Unknown,Unknown,Unknown,Unknown,Unknown,100,+912812465796,https://unionbankofindia.bank.in
P000567,Bandhan Bank - Surat,Private Sector Bank,Gujarat,Surat,Surat,395003,21.1984722,72.8342778,MUDRA,true,Unknown,Unknown,Unknown,Unknown,Unknown,75,+917434815571,https://bandhan.bank.in
P000568,Bandhan Bank - Sarthana Surat,Private Sector Bank,Gujarat,Surat,Surat,395006,21.2145833,72.8529167,MUDRA,true,Unknown,Unknown,Unknown,Unknown,Unknown,75,+919903424911,https://bandhan.bank.in
P000569,Bank of India - Palanpur,Public Sector Bank,Gujarat,Surat,Surat,395009,21.216401,72.788768,PMEGP; MUDRA,true,Unknown,Unknown,Unknown,Unknown,Unknown,100,+918126171313,https://bankofindia.bank.in
P000570,Bank of India - Adajan Hazira Road,Public Sector Bank,Gujarat,Surat,Surat,395009,21.216401,72.788768,PMEGP; MUDRA,true,Unknown,Unknown,Unknown,Unknown,Unknown,100,+917698759076,https://bankofindia.bank.in
P000571,Bank of Maharashtra - Mid Corporate Branch Surat,Public Sector Bank,Gujarat,Surat,Surat,395009,21.216401,72.788768,PMEGP; MUDRA,true,Unknown,Unknown,Unknown,Unknown,Unknown,100,+919213018180,https://bankofmaharashtra.bank.in
P000572,"Canara Bank - K M Road, Surat",Public Sector Bank,Gujarat,Surat,Surat,395003,21.1984722,72.8342778,PMEGP; MUDRA,true,Unknown,Unknown,Unknown,Unknown,Unknown,100,+912612443293,https://canarabank.bank.in
P000573,"Canara Bank - Ring Road, Surat",Public Sector Bank,Gujarat,Surat,Surat,395003,21.1984722,72.8342778,PMEGP; MUDRA,true,Unknown,Unknown,Unknown,Unknown,Unknown,100,+912612323966,https://canarabank.bank.in
P000574,DCB Bank - Surat,Private Sector Bank,Gujarat,Surat,Surat,395002,21.1957222,72.8454722,MUDRA,true,Unknown,Unknown,Unknown,Unknown,Unknown,75,+912616691418,https://dcb.bank.in
P000575,DCB Bank - Mandvi,Private Sector Bank,Gujarat,Surat,Surat,394160,21.3670813,73.7060682,MUDRA,true,Unknown,Unknown,Unknown,Unknown,Unknown,75,+912616691418,https://dcb.bank.in
P000576,ICICI Bank - Surat City Light,Private Sector Bank,Gujarat,Surat,Surat,395007,12.1668056,72.7981941,MUDRA,true,Unknown,Unknown,Unknown,Unknown,Unknown,75,+919727781461,https://icici.bank.in
P000577,"ICICI Bank - Varachha, Main Road",Private Sector Bank,Gujarat,Surat,Surat,395006,21.2145833,72.8529167,MUDRA,true,Unknown,Unknown,Unknown,Unknown,Unknown,75,+919879599555,https://icici.bank.in
P000578,IDBI Bank - Surat Corporate Banking Branch,Private Sector Bank,Gujarat,Surat,Surat,395001,21.5436945,72.8118611,MUDRA,true,Unknown,Unknown,Unknown,Unknown,Unknown,75,+919033002468,https://idbi.bank.in
P000579,IDBI Bank - Surat,Private Sector Bank,Gujarat,Surat,Surat,395003,21.1984722,72.8342778,MUDRA,true,Unknown,Unknown,Unknown,Unknown,Unknown,75,+916265406598,https://idbi.bank.in
P000580,IDBI Bank - Adajan,Private Sector Bank,Gujarat,Surat,Surat,395009,21.216401,72.788768,MUDRA,true,Unknown,Unknown,Unknown,Unknown,Unknown,75,+919998944927,https://idbi.bank.in
P000581,IDFC FIRST Bank - Surat Branch,Private Sector Bank,Gujarat,Surat,Surat,360005,22.2708901,70.7446656,MUDRA,true,Unknown,Unknown,Unknown,Unknown,Unknown,75,+917045752054,https://idfcfirst.bank.in
P000582,Indian Bank - Athwa Lines,Public Sector Bank,Gujarat,Surat,Surat,395007,12.1668056,72.7981941,PMEGP; MUDRA,true,Unknown,Unknown,Unknown,Unknown,Unknown,100,+912612252475,https://indianbank.bank.in
P000583,Indian Bank - Adajan,Public Sector Bank,Gujarat,Surat,Surat,395009,21.216401,72.788768,PMEGP; MUDRA,true,Unknown,Unknown,Unknown,Unknown,Unknown,100,+912612782670,https://indianbank.bank.in
P000584,Indian Bank - Specialised Msme Branch Surat,Public Sector Bank,Gujarat,Surat,Surat,395007,12.1668056,72.7981941,PMEGP; MUDRA,true,Unknown,Unknown,Unknown,Unknown,Unknown,100,+919769613265,https://indianbank.bank.in
P000585,Indian Overseas Bank - Surat,Public Sector Bank,Gujarat,Surat,Surat,395003,21.1984722,72.8342778,PMEGP; MUDRA,true,Unknown,Unknown,Unknown,Unknown,Unknown,100,+912612322209,https://www.iob.in
P000586,Indian Overseas Bank - Varachha,Public Sector Bank,Gujarat,Surat,Surat,395013,21.2584432,72.8333155,PMEGP; MUDRA,true,Unknown,Unknown,Unknown,Unknown,Unknown,100,+918002455496,https://www.iob.in
P000587,"State Bank of India - Spl Commercial Branch, Surat",Public Sector Bank,Gujarat,Surat,Surat,395002,21.1957222,72.8454722,PMEGP; MUDRA,true,Unknown,Unknown,Unknown,Unknown,Unknown,100,+912614804083,https://sbi.bank.in
P000588,"State Bank of India - Commercial Branch, Surat",Public Sector Bank,Gujarat,Surat,Surat,395007,12.1668056,72.7981941,PMEGP; MUDRA,true,Unknown,Unknown,Unknown,Unknown,Unknown,100,+917900039222,https://sbi.bank.in
P000589,UCO Bank - Mid Corporate Surat,Public Sector Bank,Gujarat,Surat,Surat,395013,21.2584432,72.8333155,PMEGP; MUDRA,true,Unknown,Unknown,Unknown,Unknown,Unknown,100,+912612491298,https://uco.bank.in
P000590,Union Bank of India - Mid Corporate Branch,Public Sector Bank,Gujarat,Surat,Surat,395001,21.5436945,72.8118611,PMEGP; MUDRA,true,Unknown,Unknown,Unknown,Unknown,Unknown,100,+919727755816,https://unionbankofindia.bank.in
P000591,Bandhan Bank - Surendranagar,Private Sector Bank,Gujarat,Surendranagar,Surendranagar,363001,22.724768,71.627375,MUDRA,true,Unknown,Unknown,Unknown,Unknown,Unknown,75,+919726814781,https://bandhan.bank.in
P000592,"Canara Bank - Surendranagar, Dist Hq",Public Sector Bank,Gujarat,Surendranagar,Surendranagar,363001,22.724768,71.627375,PMEGP; MUDRA,true,Unknown,Unknown,Unknown,Unknown,Unknown,100,+912752224040,https://canarabank.bank.in
P000593,IDBI Bank - Surendranagar,Private Sector Bank,Gujarat,Surendranagar,Surendranagar,363002,,,MUDRA,true,Unknown,Unknown,Unknown,Unknown,Unknown,75,+919228710730,https://idbi.bank.in
P000594,Axis Bank - Dandia Bazar,Private Sector Bank,Gujarat,Vadodara,Vadodara,390001,22.3035833,73.1976944,MUDRA,true,Unknown,Unknown,Unknown,Unknown,Unknown,75,+919824908671,https://axis.bank.in
P000595,Bandhan Bank - Vadodara,Private Sector Bank,Gujarat,Vadodara,Vadodara,390007,22.3065027,73.1668167,MUDRA,true,Unknown,Unknown,Unknown,Unknown,Unknown,75,+919978914801,https://bandhan.bank.in
P000596,Bank of Maharashtra - Mid Corporate Branch Vadodara,Public Sector Bank,Gujarat,Vadodara,Vadodara,390007,22.3065027,73.1668167,PMEGP; MUDRA,true,Unknown,Unknown,Unknown,Unknown,Unknown,100,+916352616819,https://bankofmaharashtra.bank.in
P000597,Canara Bank - Msme Sulabh Vadodara,Public Sector Bank,Gujarat,Vadodara,Vadodara,390010,18.9252417,73.0477166,PMEGP; MUDRA,true,Unknown,Unknown,Unknown,Unknown,Unknown,100,+912652636200,https://canarabank.bank.in
P000598,ICICI Bank - Ankhol L And T Knowledge City,Private Sector Bank,Gujarat,Vadodara,Vadodara,390019,21.11818,72.9738467,MUDRA,true,Unknown,Unknown,Unknown,Unknown,Unknown,75,+919909916653,https://icici.bank.in
P000599,IDBI Bank - Baroda Corporate Banking Branch,Private Sector Bank,Gujarat,Vadodara,Vadodara,390007,22.3065027,73.1668167,MUDRA,true,Unknown,Unknown,Unknown,Unknown,Unknown,75,+919819876593,https://idbi.bank.in
P000600,Indian Overseas Bank - Baroda Dandia Bazaar,Public Sector Bank,Gujarat,Vadodara,Vadodara,390001,22.3035833,73.1976944,PMEGP; MUDRA,true,Unknown,Unknown,Unknown,Unknown,Unknown,100,+912652410573,https://www.iob.in
P000601,"State Bank of India - Vadodara, Ssi",Public Sector Bank,Gujarat,Vadodara,Vadodara,390015,,,PMEGP; MUDRA,true,Unknown,Unknown,Unknown,Unknown,Unknown,100,+912652637271,https://sbi.bank.in
P000602,UCO Bank - Dandia Bazar Baroda,Public Sector Bank,Gujarat,Vadodara,Vadodara,390001,22.3035833,73.1976944,PMEGP; MUDRA,true,Unknown,Unknown,Unknown,Unknown,Unknown,100,+912652410043,https://uco.bank.in
P000603,Union Bank of India - Vadodara Main,Public Sector Bank,Gujarat,Vadodara,Vadodara,390001,22.3035833,73.1976944,PMEGP; MUDRA,true,Unknown,Unknown,Unknown,Unknown,Unknown,100,+91265424372,https://unionbankofindia.bank.in
P000604,Bank of India - Gorwa,Public Sector Bank,Gujarat,Vadodra,Vadodra,390016,22.3035833,73.1976944,PMEGP; MUDRA,true,Unknown,Unknown,Unknown,Unknown,Unknown,100,+912652280356,https://bankofindia.bank.in
P000605,Punjab & Sind Bank - Channi Road Vadodra,Public Sector Bank,Gujarat,Vadodra,Vadodra,390024,22.3415,73.1786944,PMEGP; MUDRA,true,Unknown,Unknown,Unknown,Unknown,Unknown,100,+917838517031,https://punjabandsind.bank.in
P000606,State Bank of India - Canal Road Chhani,Public Sector Bank,Gujarat,Vadodra,Vadodra,390024,22.3415,73.1786944,PMEGP; MUDRA,true,Unknown,Unknown,Unknown,Unknown,Unknown,100,+918511192544,https://sbi.bank.in
P000607,Bank of Maharashtra - Umargaon,Public Sector Bank,Gujarat,Valsad,Valsad,396171,20.164658,72.772515,PMEGP; MUDRA,true,Unknown,Unknown,Unknown,Unknown,Unknown,100,+919773476279,https://bankofmaharashtra.bank.in
P000608,DCB Bank - Vapi,Private Sector Bank,Gujarat,Valsad,Valsad,396191,20.4080898,72.9183204,MUDRA,true,Unknown,Unknown,Unknown,Unknown,Unknown,75,+912606540003,https://dcb.bank.in
P000609,Indian Bank - Valsad,Public Sector Bank,Gujarat,Valsad,Valsad,396001,20.607618,72.926581,PMEGP; MUDRA,true,Unknown,Unknown,Unknown,Unknown,Unknown,100,+912632242736,https://indianbank.bank.in
P000610,Bank of Baroda - Vapi Branch,Public Sector Bank,Gujarat,Vapi,Vapi,396195,20.361747,72.919822,PMEGP; MUDRA,true,Unknown,Unknown,Unknown,Unknown,Unknown,90,Unknown,https://bankofbaroda.bank.in
P000611,HDFC Bank - Vapi - Chala Road,Private Sector Bank,Gujarat,Vapi,Vapi,396191,20.371906,72.905209,MUDRA,true,Unknown,Unknown,Unknown,Unknown,Unknown,65,Unknown,https://hdfc.bank.in
P000612,State Bank of India - Cac Gir Somnath,Public Sector Bank,Gujarat,Veraval,Veraval,362265,20.911308,70.365808,PMEGP; MUDRA,true,Unknown,Unknown,Unknown,Unknown,Unknown,100,+917600040841,https://sbi.bank.in
P000613,"Canara Bank - Ambala Cantonment ,Main",Public Sector Bank,Haryana,Ambala,Ambala,133001,30.4943333,76.8345,PMEGP; MUDRA,true,Unknown,Unknown,Unknown,Unknown,Unknown,100,+911712643130,https://canarabank.bank.in
P000614,ICICI Bank - New Grain Market Ambala City,Private Sector Bank,Haryana,Ambala,Ambala,134003,30.38425,76.7716667,MUDRA,true,Unknown,Unknown,Unknown,Unknown,Unknown,75,+918295949966,https://icici.bank.in
P000615,Punjab & Sind Bank - Ambala City,Public Sector Bank,Haryana,Ambala,Ambala,134404,,,PMEGP; MUDRA,true,Unknown,Unknown,Unknown,Unknown,Unknown,100,+911712510777,https://punjabandsind.bank.in
P000616,Canara Bank - Bahadurgarh Ii,Public Sector Bank,Haryana,Bahadurgarh,Bahadurgarh,124507,28.636391,76.921349,PMEGP; MUDRA,true,Unknown,Unknown,Unknown,Unknown,Unknown,90,Unknown,https://canarabank.bank.in
P000617,State Bank of India - R And Db Racc Bahadurgarh,Public Sector Bank,Haryana,Bahadurgarh,Bahadurgarh,124507,28.636391,76.921349,PMEGP; MUDRA,true,Unknown,Unknown,Unknown,Unknown,Unknown,90,Unknown,https://sbi.bank.in
P000618,Bandhan Bank - Bhiwani,Private Sector Bank,Haryana,Bhiwani,Bhiwani,127021,28.7752,75.9928,MUDRA,true,Unknown,Unknown,Unknown,Unknown,Unknown,75,+916290819161,https://bandhan.bank.in
P000619,Bank of India - Govindpura,Public Sector Bank,Haryana,Bhiwani,Bhiwani,127021,28.7752,75.9928,PMEGP; MUDRA,true,Unknown,Unknown,Unknown,Unknown,Unknown,100,+917283233211,https://bankofindia.bank.in
P000620,Canara Bank - Bhiwani,Public Sector Bank,Haryana,Bhiwani,Bhiwani,127021,28.7752,75.9928,PMEGP; MUDRA,true,Unknown,Unknown,Unknown,Unknown,Unknown,100,+911664242617,https://canarabank.bank.in
P000621,Indian Bank - Charkhi Dadri,Public Sector Bank,Haryana,Charkhi Dadri,Charkhi Dadri,127306,28.5921,76.2653,PMEGP; MUDRA,true,Unknown,Unknown,Unknown,Unknown,Unknown,100,+911250222352,https://indianbank.bank.in
P000622,Indian Overseas Bank - Charkhi Dadri,Public Sector Bank,Haryana,Charkhi Dadri,Charkhi Dadri,127306,28.5921,76.2653,PMEGP; MUDRA,true,Unknown,Unknown,Unknown,Unknown,Unknown,100,+919384414143,https://www.iob.in
P000623,Bandhan Bank - Faridabad,Private Sector Bank,Haryana,Faridabad,Faridabad,121002,28.3917778,77.3021389,MUDRA,true,Unknown,Unknown,Unknown,Unknown,Unknown,75,+919050117791,https://bandhan.bank.in
P000624,Bank of India - Badrola,Public Sector Bank,Haryana,Faridabad,Faridabad,121101,28.9784968,77.1906526,PMEGP; MUDRA,true,Unknown,Unknown,Unknown,Unknown,Unknown,100,+911292401248,https://bankofindia.bank.in
P000625,"Canara Bank - Railway Road,Faridabad",Public Sector Bank,Haryana,Faridabad,Faridabad,121001,28.3917778,77.3021389,PMEGP; MUDRA,true,Unknown,Unknown,Unknown,Unknown,Unknown,100,+911292430004,https://canarabank.bank.in
P000626,Canara Bank - Faridabad Sme,Public Sector Bank,Haryana,Faridabad,Faridabad,121004,28.3509444,77.3455556,PMEGP; MUDRA,true,Unknown,Unknown,Unknown,Unknown,Unknown,100,+918130922033,https://canarabank.bank.in
P000627,DCB Bank - Faridabad,Private Sector Bank,Haryana,Faridabad,Faridabad,121001,28.3917778,77.3021389,MUDRA,true,Unknown,Unknown,Unknown,Unknown,Unknown,75,+919953900059,https://dcb.bank.in
P000628,HDFC Bank - Huda Market Sec Viii,Private Sector Bank,Haryana,Faridabad,Faridabad,121006,28.3917778,77.3021389,MUDRA,true,Unknown,Unknown,Unknown,Unknown,Unknown,75,+9112961606161,https://hdfc.bank.in
P000629,ICICI Bank - Faridabadsector Xv,Private Sector Bank,Haryana,Faridabad,Faridabad,121007,28.3832778,77.3258889,MUDRA,true,Unknown,Unknown,Unknown,Unknown,Unknown,75,+918800375151,https://icici.bank.in
P000630,IDBI Bank - Ballabgarh,Private Sector Bank,Haryana,Faridabad,Faridabad,121004,28.3509444,77.3455556,MUDRA,true,Unknown,Unknown,Unknown,Unknown,Unknown,75,+919779720017,https://idbi.bank.in
P000631,Indian Bank - Ind Msme Faridabad,Public Sector Bank,Haryana,Faridabad,Faridabad,121005,28.3917778,77.3021389,PMEGP; MUDRA,true,Unknown,Unknown,Unknown,Unknown,Unknown,100,+918570003379,https://indianbank.bank.in
P000632,UCO Bank - Faridabad Main,Public Sector Bank,Haryana,Faridabad,Faridabad,121002,28.3917778,77.3021389,PMEGP; MUDRA,true,Unknown,Unknown,Unknown,Unknown,Unknown,100,+911292413170,https://uco.bank.in
P000633,Bandhan Bank - Fatehabad Branch,Private Sector Bank,Haryana,Fatehabad,Fatehabad,125050,29.508192,75.453516,MUDRA,true,Unknown,Unknown,Unknown,Unknown,Unknown,75,+919230523001,https://bandhan.bank.in
P000634,DCB Bank - Fatehabad,Private Sector Bank,Haryana,Fatehabad,Fatehabad,125050,29.508192,75.453516,MUDRA,true,Unknown,Unknown,Unknown,Unknown,Unknown,75,+91166768997777,https://dcb.bank.in
P000635,ICICI Bank - Fatehabad,Private Sector Bank,Haryana,Fatehabad,Fatehabad,125050,29.508192,75.453516,MUDRA,true,Unknown,Unknown,Unknown,Unknown,Unknown,75,+917082118189,https://icici.bank.in
P000636,Axis Bank - Sadar Bazaar Gurgaon,Private Sector Bank,Haryana,Gurugram,Gurugram,122001,28.4682703,77.0297706,MUDRA,true,Unknown,Unknown,Unknown,Unknown,Unknown,75,+919609025888,https://axis.bank.in
P000637,Axis Bank - South City Ii Gurgaon,Private Sector Bank,Haryana,Gurugram,Gurugram,122018,28.462,77.0316389,MUDRA,true,Unknown,Unknown,Unknown,Unknown,Unknown,75,+919560177724,https://axis.bank.in
P000638,Axis Bank - Vatika Business Park,Private Sector Bank,Haryana,Gurugram,Gurugram,122018,28.462,77.0316389,MUDRA,true,Unknown,Unknown,Unknown,Unknown,Unknown,75,+919718759277,https://axis.bank.in
P000639,Bandhan Bank - Gurgaon,Private Sector Bank,Haryana,Gurugram,Gurugram,122001,28.4682703,77.0297706,MUDRA,true,Unknown,Unknown,Unknown,Unknown,Unknown,75,+918818013481,https://bandhan.bank.in
P000640,Bandhan Bank - Sector,Private Sector Bank,Haryana,Gurugram,Gurugram,122018,28.462,77.0316389,MUDRA,true,Unknown,Unknown,Unknown,Unknown,Unknown,75,+919330419601,https://bandhan.bank.in
P000641,Bank of India - Gurgaon Sector Fiftysix,Public Sector Bank,Haryana,Gurugram,Gurugram,122011,28.462,77.0316389,PMEGP; MUDRA,true,Unknown,Unknown,Unknown,Unknown,Unknown,100,+911242573066,https://bankofindia.bank.in
P000642,Bank of India - Farukhnagar,Public Sector Bank,Haryana,Gurugram,Gurugram,122506,28.4513347,76.8710194,PMEGP; MUDRA,true,Unknown,Unknown,Unknown,Unknown,Unknown,100,+919992800530,https://bankofindia.bank.in
P000643,Canara Bank - Sme Sulabh Gurgaon,Public Sector Bank,Haryana,Gurugram,Gurugram,122015,28.4973611,77.0630556,PMEGP; MUDRA,true,Unknown,Unknown,Unknown,Unknown,Unknown,100,+911242657507,https://canarabank.bank.in
P000644,Canara Bank - Gurgaon Rstc,Public Sector Bank,Haryana,Gurugram,Gurugram,122015,28.4973611,77.0630556,PMEGP; MUDRA,true,Unknown,Unknown,Unknown,Unknown,Unknown,100,+911242341589,https://canarabank.bank.in
P000645,Canara Bank - Gurgaon New Palam Vihar,Public Sector Bank,Haryana,Gurugram,Gurugram,122017,28.462,77.0316389,PMEGP; MUDRA,true,Unknown,Unknown,Unknown,Unknown,Unknown,100,+911242469400,https://canarabank.bank.in
P000646,DCB Bank - Jharsa,Private Sector Bank,Haryana,Gurugram,Gurugram,122001,28.4682703,77.0297706,MUDRA,true,Unknown,Unknown,Unknown,Unknown,Unknown,75,+911246461721,https://dcb.bank.in
P000647,DCB Bank - Gurgaon Sector Fourteen,Private Sector Bank,Haryana,Gurugram,Gurugram,122001,28.4682703,77.0297706,MUDRA,true,Unknown,Unknown,Unknown,Unknown,Unknown,75,+919899894484,https://dcb.bank.in
P000648,"ICICI Bank - Civil Linesgurgaon, Haryana",Private Sector Bank,Haryana,Gurugram,Gurugram,122001,28.4682703,77.0297706,MUDRA,true,Unknown,Unknown,Unknown,Unknown,Unknown,75,+917304902391,https://icici.bank.in
P000649,ICICI Bank - South City One,Private Sector Bank,Haryana,Gurugram,Gurugram,122001,28.4669415,77.0397639,MUDRA,true,Unknown,Unknown,Unknown,Unknown,Unknown,75,+911241111111,https://icici.bank.in
P000650,IDBI Bank - Sushant Lok Gurgaon,Private Sector Bank,Haryana,Gurugram,Gurugram,122002,28.466093,77.1058349,MUDRA,true,Unknown,Unknown,Unknown,Unknown,Unknown,75,+918239640640,https://idbi.bank.in
P000651,IDBI Bank - Manesar,Private Sector Bank,Haryana,Gurugram,Gurugram,122050,,,MUDRA,true,Unknown,Unknown,Unknown,Unknown,Unknown,75,+917506540880,https://idbi.bank.in
P000652,IDFC FIRST Bank - Gurgoan Arjun Marg Dlf - Phase One Branch,Private Sector Bank,Haryana,Gurugram,Gurugram,122002,28.466093,77.1058349,MUDRA,true,Unknown,Unknown,Unknown,Unknown,Unknown,75,+918454046153,https://idfcfirst.bank.in
P000653,IDFC FIRST Bank - Gurgaon - Golf Course Road Branch,Private Sector Bank,Haryana,Gurugram,Gurugram,122002,28.466093,77.1058349,MUDRA,true,Unknown,Unknown,Unknown,Unknown,Unknown,75,+918595357606,https://idfcfirst.bank.in
P000654,Indian Bank - Bajghera,Public Sector Bank,Haryana,Gurugram,Gurugram,122017,28.462,77.0316389,PMEGP; MUDRA,true,Unknown,Unknown,Unknown,Unknown,Unknown,100,+919801259400,https://indianbank.bank.in
P000655,State Bank of India - Sme Manesar,Public Sector Bank,Haryana,Gurugram,Gurugram,122051,28.3431235,76.9401834,PMEGP; MUDRA,true,Unknown,Unknown,Unknown,Unknown,Unknown,100,+919910067125,https://sbi.bank.in
P000656,UCO Bank - Gurgaon Main,Public Sector Bank,Haryana,Gurugram,Gurugram,122001,28.4682703,77.0297706,PMEGP; MUDRA,true,Unknown,Unknown,Unknown,Unknown,Unknown,100,+91112320787,https://uco.bank.in
P000657,UCO Bank - South City Gurgaon Hr,Public Sector Bank,Haryana,Gurugram,Gurugram,122001,28.4669415,77.0397639,PMEGP; MUDRA,true,Unknown,Unknown,Unknown,Unknown,Unknown,100,+911123736132,https://uco.bank.in
P000658,"Yes Bank - Dlf Cyber City,Gurgaon",Private Sector Bank,Haryana,Gurugram,Gurugram,122002,28.466093,77.1058349,MUDRA,true,Unknown,Unknown,Unknown,Unknown,Unknown,75,+911243001900,https://yes.bank.in
P000659,"Yes Bank - Vatika City Point, Gurgaon",Private Sector Bank,Haryana,Gurugram,Gurugram,122001,28.4682703,77.0297706,MUDRA,true,Unknown,Unknown,Unknown,Unknown,Unknown,75,+911243859000,https://yes.bank.in
P000660,Bandhan Bank - Hisar,Private Sector Bank,Haryana,Hisar,Hisar,125001,29.159395,75.721343,MUDRA,true,Unknown,Unknown,Unknown,Unknown,Unknown,75,+919991918261,https://bandhan.bank.in
P000661,Canara Bank - Hissar Sec,Public Sector Bank,Haryana,Hisar,Hisar,125005,29.1323056,75.7426111,PMEGP; MUDRA,true,Unknown,Unknown,Unknown,Unknown,Unknown,100,+918572812222,https://canarabank.bank.in
P000662,Punjab National Bank - Hisar City,Public Sector Bank,Haryana,Hisar,Hisar,125001,29.159395,75.721343,PMEGP; MUDRA,true,Unknown,Unknown,Unknown,Unknown,Unknown,100,+919466241971,https://pnb.bank.in
P000663,Indian Overseas Bank - Sector Hissar,Public Sector Bank,Haryana,Hissar,Hissar,125001,29.2137364,75.7253146,PMEGP; MUDRA,true,Unknown,Unknown,Unknown,Unknown,Unknown,100,+919877386334,https://www.iob.in
P000664,Punjab National Bank - Luvas Hau Univ.,Public Sector Bank,Haryana,Hissar,Hissar,125001,29.2137364,75.7253146,PMEGP; MUDRA,true,Unknown,Unknown,Unknown,Unknown,Unknown,100,+918295488677,https://pnb.bank.in
P000665,State Bank of India - Racc Fimm Hissar,Public Sector Bank,Haryana,Hissar,Hissar,125001,29.2137364,75.7253146,PMEGP; MUDRA,true,Unknown,Unknown,Unknown,Unknown,Unknown,100,+919729875292,https://sbi.bank.in
P000666,Bank of Maharashtra - Jhajjar,Public Sector Bank,Haryana,Jhajjar,Jhajjar,124103,28.728528,76.554108,PMEGP; MUDRA,true,Unknown,Unknown,Unknown,Unknown,Unknown,100,+919875993186,https://bankofmaharashtra.bank.in
P000667,"ICICI Bank - Jhajjar, Haryana",Private Sector Bank,Haryana,Jhajjar,Jhajjar,124103,28.728528,76.554108,MUDRA,true,Unknown,Unknown,Unknown,Unknown,Unknown,75,+919729533645,https://icici.bank.in
P000668,Indian Bank - Jhajjar,Public Sector Bank,Haryana,Jhajjar,Jhajjar,124103,28.728528,76.554108,PMEGP; MUDRA,true,Unknown,Unknown,Unknown,Unknown,Unknown,100,+911251254900,https://indianbank.bank.in
P000669,"Bandhan Bank - Civil Lines Branch, Jind",Private Sector Bank,Haryana,Jind,Jind,126102,29.3613,76.1912,MUDRA,true,Unknown,Unknown,Unknown,Unknown,Unknown,75,+916293222871,https://bandhan.bank.in
P000670,Bank of India - Pindara,Public Sector Bank,Haryana,Jind,Jind,126102,29.3613,76.1912,PMEGP; MUDRA,true,Unknown,Unknown,Unknown,Unknown,Unknown,100,+919638576461,https://bankofindia.bank.in
P000671,DCB Bank - Jind,Private Sector Bank,Haryana,Jind,Jind,126102,29.3613,76.1912,MUDRA,true,Unknown,Unknown,Unknown,Unknown,Unknown,75,+91168168997777,https://dcb.bank.in
P000672,Canara Bank - Chuhar Majra,Public Sector Bank,Haryana,Kaithal,Kaithal,136021,29.8463842,76.66316,PMEGP; MUDRA,true,Unknown,Unknown,Unknown,Unknown,Unknown,100,+918572839007,https://canarabank.bank.in
P000673,IDBI Bank - Peedal,Private Sector Bank,Haryana,Kaithal,Kaithal,136034,29.799859,76.4173,MUDRA,true,Unknown,Unknown,Unknown,Unknown,Unknown,75,+918059338333,https://idbi.bank.in
P000674,"State Bank of India - Sme Branch, Kaithal",Public Sector Bank,Haryana,Kaithal,Kaithal,136027,29.799859,76.4173,PMEGP; MUDRA,true,Unknown,Unknown,Unknown,Unknown,Unknown,100,+919729248811,https://sbi.bank.in
P000675,Bandhan Bank - Karnal,Private Sector Bank,Haryana,Karnal,Karnal,132001,29.6874444,76.9906667,MUDRA,true,Unknown,Unknown,Unknown,Unknown,Unknown,75,+919050613551,https://bandhan.bank.in
P000676,Bank of India - Chappra Khera,Public Sector Bank,Haryana,Karnal,Karnal,132001,29.6874444,76.9906667,PMEGP; MUDRA,true,Unknown,Unknown,Unknown,Unknown,Unknown,100,+919729400203,https://bankofindia.bank.in
P000677,Canara Bank - Upli,Public Sector Bank,Haryana,Karnal,Karnal,132114,30.8501666,57.95995,PMEGP; MUDRA,true,Unknown,Unknown,Unknown,Unknown,Unknown,100,+918572825323,https://canarabank.bank.in
P000678,DCB Bank - Karnal,Private Sector Bank,Haryana,Karnal,Karnal,132001,29.6874444,76.9906667,MUDRA,true,Unknown,Unknown,Unknown,Unknown,Unknown,75,+919814973942,https://dcb.bank.in
P000679,"ICICI Bank - City Centre, Karnal",Private Sector Bank,Haryana,Karnal,Karnal,132001,29.6874444,76.9906667,MUDRA,true,Unknown,Unknown,Unknown,Unknown,Unknown,75,+919999020472,https://icici.bank.in
P000680,"ICICI Bank - Assandh, Haryana",Private Sector Bank,Haryana,Karnal,Karnal,132039,29.5212222,76.6070278,MUDRA,true,Unknown,Unknown,Unknown,Unknown,Unknown,75,+918097569316,https://icici.bank.in
P000681,Indian Bank - Main Branch Karnal,Public Sector Bank,Haryana,Karnal,Karnal,132001,29.6874444,76.9906667,PMEGP; MUDRA,true,Unknown,Unknown,Unknown,Unknown,Unknown,100,+911842272140,https://indianbank.bank.in
P000682,Indian Bank - Sector Six Karnal,Public Sector Bank,Haryana,Karnal,Karnal,132001,29.6874444,76.9906667,PMEGP; MUDRA,true,Unknown,Unknown,Unknown,Unknown,Unknown,100,+919997430082,https://indianbank.bank.in
P000683,Indian Overseas Bank - Karnal,Public Sector Bank,Haryana,Karnal,Karnal,132114,30.8501666,57.95995,PMEGP; MUDRA,true,Unknown,Unknown,Unknown,Unknown,Unknown,100,+919899292565,https://www.iob.in
P000684,Punjab National Bank - Karnal-Sadar Bazar,Public Sector Bank,Haryana,Karnal,Karnal,132001,29.6878333,76.9817778,PMEGP; MUDRA,true,Unknown,Unknown,Unknown,Unknown,Unknown,100,+911842272907,https://pnb.bank.in
P000685,Bandhan Bank - Kurukshetra,Private Sector Bank,Haryana,Kurukshetra,Kurukshetra,136118,29.973217,76.8469722,MUDRA,true,Unknown,Unknown,Unknown,Unknown,Unknown,75,+918981520671,https://bandhan.bank.in
P000686,Canara Bank - Ismailabad,Public Sector Bank,Haryana,Kurukshetra,Kurukshetra,136129,30.115686,76.666405,PMEGP; MUDRA,true,Unknown,Unknown,Unknown,Unknown,Unknown,100,+919416458406,https://canarabank.bank.in
P000687,State Bank of India - Regional Business Office,Public Sector Bank,Haryana,Kurukshetra,Kurukshetra,136119,29.955549,76.812926,PMEGP; MUDRA,true,Unknown,Unknown,Unknown,Unknown,Unknown,100,+919729540551,https://sbi.bank.in
P000688,ICICI Bank - Mahendragarh,Private Sector Bank,Haryana,Mahendragarh,Mahendragarh,123029,28.2653333,76.1439444,MUDRA,true,Unknown,Unknown,Unknown,Unknown,Unknown,75,+919813724870,https://icici.bank.in
P000689,UCO Bank - Narnaul,Public Sector Bank,Haryana,Mahendragarh,Mahendragarh,123001,28.1258034,76.2955273,PMEGP; MUDRA,true,Unknown,Unknown,Unknown,Unknown,Unknown,100,+9118466547342,https://uco.bank.in
P000690,Union Bank of India - Mahendergarh,Public Sector Bank,Haryana,Mahendragarh,Mahendragarh,123029,28.2653333,76.1439444,PMEGP; MUDRA,true,Unknown,Unknown,Unknown,Unknown,Unknown,100,+911285222187,https://unionbankofindia.bank.in
P000691,State Bank of India - Taoru,Public Sector Bank,Haryana,Mewat,Mewat,122105,28.3308889,76.7835833,PMEGP; MUDRA,true,Unknown,Unknown,Unknown,Unknown,Unknown,90,Unknown,https://sbi.bank.in
P000692,Bandhan Bank - Palwal,Private Sector Bank,Haryana,Palwal,Palwal,121102,28.1416667,77.3276667,MUDRA,true,Unknown,Unknown,Unknown,Unknown,Unknown,75,+917044720681,https://bandhan.bank.in
P000693,Indian Bank - Palwal,Public Sector Bank,Haryana,Palwal,Palwal,121102,28.1416667,77.3276667,PMEGP; MUDRA,true,Unknown,Unknown,Unknown,Unknown,Unknown,100,+917419700155,https://indianbank.bank.in
P000694,Punjab National Bank - Palwal,Public Sector Bank,Haryana,Palwal,Palwal,121002,28.4655424,77.3296429,PMEGP; MUDRA,true,Unknown,Unknown,Unknown,Unknown,Unknown,100,+911275252329,https://pnb.bank.in
P000695,Bank of India - Panchkula,Public Sector Bank,Haryana,Panchkula,Panchkula,134112,30.565659,76.937756,PMEGP; MUDRA,true,Unknown,Unknown,Unknown,Unknown,Unknown,100,+918427571876,https://bankofindia.bank.in
P000696,Canara Bank - Panchkula Sec,Public Sector Bank,Haryana,Panchkula,Panchkula,134109,30.565659,76.937756,PMEGP; MUDRA,true,Unknown,Unknown,Unknown,Unknown,Unknown,100,+919781929227,https://canarabank.bank.in
P000697,Indian Bank - Panchkula Main,Public Sector Bank,Haryana,Panchkula,Panchkula,134109,30.565659,76.937756,PMEGP; MUDRA,true,Unknown,Unknown,Unknown,Unknown,Unknown,100,+911725044401,https://indianbank.bank.in
P000698,Bandhan Bank - Panipat,Private Sector Bank,Haryana,Panipat,Panipat,132103,29.3961111,76.9603333,MUDRA,true,Unknown,Unknown,Unknown,Unknown,Unknown,75,+916290813411,https://bandhan.bank.in
P000699,Punjab National Bank - Panipat-Ssi,Public Sector Bank,Haryana,Panipat,Panipat,132103,29.3961111,76.9603333,PMEGP; MUDRA,true,Unknown,Unknown,Unknown,Unknown,Unknown,100,+911802650399,https://pnb.bank.in
P000700,State Bank of India - Ansal Sushant City Panipat,Public Sector Bank,Haryana,Panipat,Panipat,132103,29.3961111,76.9603333,PMEGP; MUDRA,true,Unknown,Unknown,Unknown,Unknown,Unknown,100,+919996223035,https://sbi.bank.in
P000701,Bandhan Bank - Rewari,Private Sector Bank,Haryana,Rewari,Rewari,123401,28.0501111,76.1168889,MUDRA,true,Unknown,Unknown,Unknown,Unknown,Unknown,75,+919671613431,https://bandhan.bank.in
P000702,IDBI Bank - Rewari,Private Sector Bank,Haryana,Rewari,Rewari,123401,28.0501111,76.1168889,MUDRA,true,Unknown,Unknown,Unknown,Unknown,Unknown,75,+919643795944,https://idbi.bank.in
P000703,State Bank of India - Regional Business Office Rewari,Public Sector Bank,Haryana,Rewari,Rewari,123401,28.0501111,76.1168889,PMEGP; MUDRA,true,Unknown,Unknown,Unknown,Unknown,Unknown,100,+918571999935,https://sbi.bank.in
P000704,Bandhan Bank - Rohtak,Private Sector Bank,Haryana,Rohtak,Rohtak,124001,28.895515,76.606613,MUDRA,true,Unknown,Unknown,Unknown,Unknown,Unknown,75,+919991218251,https://bandhan.bank.in
P000705,Bank of India - Chamaria,Public Sector Bank,Haryana,Rohtak,Rohtak,124001,28.895515,76.606613,PMEGP; MUDRA,true,Unknown,Unknown,Unknown,Unknown,Unknown,100,+917283233210,https://bankofindia.bank.in
P000706,Canara Bank - Msme Sulabh Rohtak,Public Sector Bank,Haryana,Rohtak,Rohtak,124001,28.895515,76.606613,PMEGP; MUDRA,true,Unknown,Unknown,Unknown,Unknown,Unknown,100,+911262273430,https://canarabank.bank.in
P000707,Bandhan Bank - Dabwali Road Branch Sirsa,Private Sector Bank,Haryana,Sirsa,Sirsa,125005,28.8018519,75.7460926,MUDRA,true,Unknown,Unknown,Unknown,Unknown,Unknown,75,+918981823311,https://bandhan.bank.in
P000708,Canara Bank - Mandi Dabwali,Public Sector Bank,Haryana,Sirsa,Sirsa,125104,29.9591389,74.6981111,PMEGP; MUDRA,true,Unknown,Unknown,Unknown,Unknown,Unknown,100,+918684843443,https://canarabank.bank.in
P000709,Punjab National Bank - Sirsa-City Thana Road,Public Sector Bank,Haryana,Sirsa,Sirsa,125055,29.5347778,75.0320833,PMEGP; MUDRA,true,Unknown,Unknown,Unknown,Unknown,Unknown,100,+911666228744,https://pnb.bank.in
P000710,Bank of India - Gohana,Public Sector Bank,Haryana,Sonepat,Sonepat,131301,29.1322611,76.6946555,PMEGP; MUDRA,true,Unknown,Unknown,Unknown,Unknown,Unknown,100,+918901151004,https://bankofindia.bank.in
P000711,State Bank of India - Sector Sonepat,Public Sector Bank,Haryana,Sonepat,Sonepat,131001,29.0065389,76.9715944,PMEGP; MUDRA,true,Unknown,Unknown,Unknown,Unknown,Unknown,100,+919813380551,https://sbi.bank.in
P000712,Central Bank of India - Janti Kalan,Public Sector Bank,Haryana,Sonipat,Sonipat,131028,29.0038472,76.9641458,PMEGP; MUDRA,true,Unknown,Unknown,Unknown,Unknown,Unknown,100,+911302335085,https://centralbank.bank.in
P000713,DCB Bank - Sonipat,Private Sector Bank,Haryana,Sonipat,Sonipat,131001,28.9926944,77.0179722,MUDRA,true,Unknown,Unknown,Unknown,Unknown,Unknown,75,+919350380609,https://dcb.bank.in
P000714,IDBI Bank - Sonepat,Private Sector Bank,Haryana,Sonipat,Sonipat,131001,28.9926944,77.0179722,MUDRA,true,Unknown,Unknown,Unknown,Unknown,Unknown,75,+918742987878,https://idbi.bank.in
P000715,DCB Bank - Yamuna Nagar,Private Sector Bank,Haryana,Yamuna Nagar,Yamuna Nagar,135001,18.6636256,73.780869,MUDRA,true,Unknown,Unknown,Unknown,Unknown,Unknown,75,+919355512391,https://dcb.bank.in
P000716,"State Bank of India - Racpc, Yamuna Nagar",Public Sector Bank,Haryana,Yamuna Nagar,Yamuna Nagar,135001,18.6636256,73.780869,PMEGP; MUDRA,true,Unknown,Unknown,Unknown,Unknown,Unknown,100,+919463331964,https://sbi.bank.in
P000717,UCO Bank - Chhachrouli,Public Sector Bank,Haryana,Yamuna Nagar,Yamuna Nagar,135103,30.3379598,77.412808,PMEGP; MUDRA,true,Unknown,Unknown,Unknown,Unknown,Unknown,100,+918814848706,https://uco.bank.in
P000718,Bandhan Bank - Yamunanagar,Private Sector Bank,Haryana,Yamunanagar,Yamunanagar,135001,30.136043,77.276951,MUDRA,true,Unknown,Unknown,Unknown,Unknown,Unknown,75,+916291517811,https://bandhan.bank.in
P000719,Bank of India - Kathwaka,Public Sector Bank,Haryana,Yamunanagar,Yamunanagar,135003,30.2960091,77.251143,PMEGP; MUDRA,true,Unknown,Unknown,Unknown,Unknown,Unknown,100,+918053190542,https://bankofindia.bank.in
P000720,ICICI Bank - Yamuna Nagar,Private Sector Bank,Haryana,Yamunanagar,Yamunanagar,135001,30.136043,77.276951,MUDRA,true,Unknown,Unknown,Unknown,Unknown,Unknown,75,+919729533832,https://icici.bank.in
P000721,Bank of Maharashtra - Bilaspur H.P,Public Sector Bank,Himachal Pradesh,Bilaspur,Bilaspur,174001,31.3406,76.7864,PMEGP; MUDRA,true,Unknown,Unknown,Unknown,Unknown,Unknown,100,+919875993198,https://bankofmaharashtra.bank.in
P000722,ICICI Bank - Bilaspur,Private Sector Bank,Himachal Pradesh,Bilaspur,Bilaspur,174001,31.3406,76.7864,MUDRA,true,Unknown,Unknown,Unknown,Unknown,Unknown,75,+918628999799,https://icici.bank.in
P000723,Punjab National Bank - Majhwar Distt Bilaspur,Public Sector Bank,Himachal Pradesh,Bilaspur,Bilaspur,174003,31.4544112,76.7585378,PMEGP; MUDRA,true,Unknown,Unknown,Unknown,Unknown,Unknown,100,+919805417765,https://pnb.bank.in
P000724,Bank of India - Chamba,Public Sector Bank,Himachal Pradesh,Chamba,Chamba,176318,32.6159938,76.079873,PMEGP; MUDRA,true,Unknown,Unknown,Unknown,Unknown,Unknown,100,+918082346735,https://bankofindia.bank.in
P000725,Bank of Maharashtra - Chamba,Public Sector Bank,Himachal Pradesh,Chamba,Chamba,176314,32.669942,76.140016,PMEGP; MUDRA,true,Unknown,Unknown,Unknown,Unknown,Unknown,100,+919875993199,https://bankofmaharashtra.bank.in
P000726,Punjab & Sind Bank - Chamba,Public Sector Bank,Himachal Pradesh,Chamba,Chamba,176318,32.6159938,76.079873,PMEGP; MUDRA,true,Unknown,Unknown,Unknown,Unknown,Unknown,100,+911899220033,https://punjabandsind.bank.in
P000727,ICICI Bank - Hamirpur,Private Sector Bank,Himachal Pradesh,Hamirpur,Hamirpur,177001,31.6861,76.5213,MUDRA,true,Unknown,Unknown,Unknown,Unknown,Unknown,75,+918894783523,https://icici.bank.in
P000728,IDBI Bank - Hamirpur,Private Sector Bank,Himachal Pradesh,Hamirpur,Hamirpur,177001,31.6861,76.5213,MUDRA,true,Unknown,Unknown,Unknown,Unknown,Unknown,75,+919736465808,https://idbi.bank.in
P000729,Indian Bank - Dosarka,Public Sector Bank,Himachal Pradesh,Hamirpur,Hamirpur,177001,31.6861,76.5213,PMEGP; MUDRA,true,Unknown,Unknown,Unknown,Unknown,Unknown,100,+918894659217,https://indianbank.bank.in
P000730,HDFC Bank - Dramman,Private Sector Bank,Himachal Pradesh,Kangra,Kangra,176206,32.21354,76.18267,MUDRA,true,Unknown,Unknown,Unknown,Unknown,Unknown,75,+9122261616160,https://hdfc.bank.in
P000731,"ICICI Bank - Kangra, Himachal Pradesh",Private Sector Bank,Himachal Pradesh,Kangra,Kangra,176001,32.104911,76.274157,MUDRA,true,Unknown,Unknown,Unknown,Unknown,Unknown,75,+919805933984,https://icici.bank.in
P000732,IDBI Bank - Kangra,Private Sector Bank,Himachal Pradesh,Kangra,Kangra,176001,32.104911,76.274157,MUDRA,true,Unknown,Unknown,Unknown,Unknown,Unknown,75,+917307203232,https://idbi.bank.in
P000733,Indian Bank - Kullu,Public Sector Bank,Himachal Pradesh,Kullu,Kullu,175101,31.960965,77.107898,PMEGP; MUDRA,true,Unknown,Unknown,Unknown,Unknown,Unknown,100,+911902222289,https://indianbank.bank.in
P000734,Punjab National Bank - Kullu,Public Sector Bank,Himachal Pradesh,Kullu,Kullu,175101,31.960965,77.107898,PMEGP; MUDRA,true,Unknown,Unknown,Unknown,Unknown,Unknown,100,+911902224108,https://pnb.bank.in
P000735,State Bank of India - Bajaura,Public Sector Bank,Himachal Pradesh,Kullu,Kullu,175125,31.8760452,77.1482136,PMEGP; MUDRA,true,Unknown,Unknown,Unknown,Unknown,Unknown,100,+911905287701,https://sbi.bank.in
P000736,Canara Bank - Mandi,Public Sector Bank,Himachal Pradesh,Mandi,Mandi,175001,31.70885,76.93337,PMEGP; MUDRA,true,Unknown,Unknown,Unknown,Unknown,Unknown,100,+911905222089,https://canarabank.bank.in
P000737,ICICI Bank - Mandi,Private Sector Bank,Himachal Pradesh,Mandi,Mandi,175001,31.70885,76.93337,MUDRA,true,Unknown,Unknown,Unknown,Unknown,Unknown,75,+918894729579,https://icici.bank.in
P000738,IDBI Bank - Sunder Nagar,Private Sector Bank,Himachal Pradesh,Mandi,Mandi,174101,31.0393572,76.7201321,MUDRA,true,Unknown,Unknown,Unknown,Unknown,Unknown,75,+919736386254,https://idbi.bank.in
P000739,Axis Bank - Shimla The Mall,Private Sector Bank,Himachal Pradesh,Shimla,Shimla,171001,31.10549,77.170373,MUDRA,true,Unknown,Unknown,Unknown,Unknown,Unknown,75,+919988454015,https://axis.bank.in
P000740,Bandhan Bank - Shimla,Private Sector Bank,Himachal Pradesh,Shimla,Shimla,171006,31.13715,77.26785,MUDRA,true,Unknown,Unknown,Unknown,Unknown,Unknown,75,+917834017311,https://bandhan.bank.in
P000741,IDBI Bank - Sanjauli,Private Sector Bank,Himachal Pradesh,Shimla,Shimla,171006,31.13715,77.26785,MUDRA,true,Unknown,Unknown,Unknown,Unknown,Unknown,75,+917888638364,https://idbi.bank.in
P000742,Indian Bank - Mashobra,Public Sector Bank,Himachal Pradesh,Shimla,Shimla,171007,31.1942222,77.3694512,PMEGP; MUDRA,true,Unknown,Unknown,Unknown,Unknown,Unknown,100,+911772740282,https://indianbank.bank.in
P000743,Punjab & Sind Bank - Shimla Ro,Public Sector Bank,Himachal Pradesh,Shimla,Shimla,171001,31.10549,77.170373,PMEGP; MUDRA,true,Unknown,Unknown,Unknown,Unknown,Unknown,100,+919873753994,https://punjabandsind.bank.in
P000744,Punjab National Bank - Shimla,Public Sector Bank,Himachal Pradesh,Shimla,Shimla,171001,31.10549,77.170373,PMEGP; MUDRA,true,Unknown,Unknown,Unknown,Unknown,Unknown,100,+911772652440,https://pnb.bank.in
P000745,State Bank of India - Shingla Dakolar,Public Sector Bank,Himachal Pradesh,Shimla,Shimla,172001,31.47335,77.75305,PMEGP; MUDRA,true,Unknown,Unknown,Unknown,Unknown,Unknown,100,+919816126791,https://sbi.bank.in
P000746,UCO Bank - Shimla Main,Public Sector Bank,Himachal Pradesh,Shimla,Shimla,171001,31.10549,77.170373,PMEGP; MUDRA,true,Unknown,Unknown,Unknown,Unknown,Unknown,100,+911772653035,https://uco.bank.in
P000747,UCO Bank - Rambazar Shimla,Public Sector Bank,Himachal Pradesh,Shimla,Shimla,171001,31.10549,77.170373,PMEGP; MUDRA,true,Unknown,Unknown,Unknown,Unknown,Unknown,100,+911772653169,https://uco.bank.in
P000748,Union Bank of India - Ghanahatti Parhech,Public Sector Bank,Himachal Pradesh,Shimla,Shimla,171011,31.13234,77.25094,PMEGP; MUDRA,true,Unknown,Unknown,Unknown,Unknown,Unknown,100,+919817425075,https://unionbankofindia.bank.in
P000749,Canara Bank - Shimla,Public Sector Bank,Himachal Pradesh,Simla,Simla,171001,31.1030591,77.1749857,PMEGP; MUDRA,true,Unknown,Unknown,Unknown,Unknown,Unknown,100,+911772650542,https://canarabank.bank.in
P000750,ICICI Bank - Sanjauli,Private Sector Bank,Himachal Pradesh,Simla,Simla,171006,31.13715,77.26785,MUDRA,true,Unknown,Unknown,Unknown,Unknown,Unknown,75,+917021293789,https://icici.bank.in
P000751,IDBI Bank - Meheli,Private Sector Bank,Himachal Pradesh,Simla,Simla,171009,31.1221333,77.2576667,MUDRA,true,Unknown,Unknown,Unknown,Unknown,Unknown,75,+919736000808,https://idbi.bank.in
P000752,"Canara Bank - The Mall,Solan",Public Sector Bank,Himachal Pradesh,Solan,Solan,173212,30.9045,77.0967,PMEGP; MUDRA,true,Unknown,Unknown,Unknown,Unknown,Unknown,100,+911792223778,https://canarabank.bank.in
P000753,ICICI Bank - Solan,Private Sector Bank,Himachal Pradesh,Solan,Solan,173212,30.9045,77.0967,MUDRA,true,Unknown,Unknown,Unknown,Unknown,Unknown,75,+911725063891,https://icici.bank.in
P000754,IDBI Bank - Solan,Private Sector Bank,Himachal Pradesh,Solan,Solan,173212,30.9045,77.0967,MUDRA,true,Unknown,Unknown,Unknown,Unknown,Unknown,75,+918725800646,https://idbi.bank.in
P000755,"Canara Bank - Aurobindo Road,Una",Public Sector Bank,Himachal Pradesh,Una,Una,174303,31.46,76.27,PMEGP; MUDRA,true,Unknown,Unknown,Unknown,Unknown,Unknown,100,+911975227224,https://canarabank.bank.in
P000756,ICICI Bank - Una,Private Sector Bank,Himachal Pradesh,Una,Una,174303,31.46,76.27,MUDRA,true,Unknown,Unknown,Unknown,Unknown,Unknown,75,+919736194184,https://icici.bank.in
P000757,IDBI Bank - Una,Private Sector Bank,Himachal Pradesh,Una,Una,174303,31.46,76.27,MUDRA,true,Unknown,Unknown,Unknown,Unknown,Unknown,75,+919815222200,https://idbi.bank.in
P000758,"Canara Bank - Court Road,Anantnag",Public Sector Bank,Jammu and Kashmir,Anantnag,Anantnag,192109,,,PMEGP; MUDRA,true,Unknown,Unknown,Unknown,Unknown,Unknown,100,+911932225005,https://canarabank.bank.in
P000759,"ICICI Bank - Anantnag, Jammuandkashmir",Private Sector Bank,Jammu and Kashmir,Anantnag,Anantnag,192101,33.7308611,75.1501944,MUDRA,true,Unknown,Unknown,Unknown,Unknown,Unknown,75,+919100962123,https://icici.bank.in
P000760,Punjab National Bank - Anantnag,Public Sector Bank,Jammu and Kashmir,Anantnag,Anantnag,192101,33.7308611,75.1501944,PMEGP; MUDRA,true,Unknown,Unknown,Unknown,Unknown,Unknown,100,+911932228392,https://pnb.bank.in
P000761,ICICI Bank - Baramulla Cantt,Private Sector Bank,Jammu and Kashmir,Baramulla,Baramulla,193101,34.205,74.3504167,MUDRA,true,Unknown,Unknown,Unknown,Unknown,Unknown,75,+917304902105,https://icici.bank.in
P000762,Punjab & Sind Bank - Baramulla,Public Sector Bank,Jammu and Kashmir,Baramulla,Baramulla,193101,34.205,74.3504167,PMEGP; MUDRA,true,Unknown,Unknown,Unknown,Unknown,Unknown,100,+911952234319,https://punjabandsind.bank.in
P000763,State Bank of India - Kanispora,Public Sector Bank,Jammu and Kashmir,Baramulla,Baramulla,193101,34.205,74.3504167,PMEGP; MUDRA,true,Unknown,Unknown,Unknown,Unknown,Unknown,100,+919419037858,https://sbi.bank.in
P000764,Canara Bank - Chelen Chunt Nar,Public Sector Bank,Jammu and Kashmir,Budgam,Budgam,191112,76.0622,78.55776,PMEGP; MUDRA,true,Unknown,Unknown,Unknown,Unknown,Unknown,100,+919419400225,https://canarabank.bank.in
P000765,State Bank of India - Beerwah,Public Sector Bank,Jammu and Kashmir,Budgam,Budgam,193411,53.1882241,85.7327233,PMEGP; MUDRA,true,Unknown,Unknown,Unknown,Unknown,Unknown,100,+919419157663,https://sbi.bank.in
P000766,UCO Bank - Budgam,Public Sector Bank,Jammu and Kashmir,Budgam,Budgam,191111,34.01525,74.7239722,PMEGP; MUDRA,true,Unknown,Unknown,Unknown,Unknown,Unknown,100,+919501888668,https://uco.bank.in
P000767,ICICI Bank - Doda,Private Sector Bank,Jammu and Kashmir,Doda,Doda,182202,33.14057,75.555689,MUDRA,true,Unknown,Unknown,Unknown,Unknown,Unknown,75,+916006935548,https://icici.bank.in
P000768,State Bank of India - R And Db Racc Doda,Public Sector Bank,Jammu and Kashmir,Doda,Doda,182202,33.14057,75.555689,PMEGP; MUDRA,true,Unknown,Unknown,Unknown,Unknown,Unknown,100,+918427663306,https://sbi.bank.in
P000769,State Bank of India - Gund,Public Sector Bank,Jammu and Kashmir,Ganderbal,Ganderbal,191202,34.2708209,75.1273044,PMEGP; MUDRA,true,Unknown,Unknown,Unknown,Unknown,Unknown,100,+919797741900,https://sbi.bank.in
P000770,Bandhan Bank - Jammu,Private Sector Bank,Jammu and Kashmir,Jammu,Jammu,180001,32.6984722,74.8575833,MUDRA,true,Unknown,Unknown,Unknown,Unknown,Unknown,75,+916289517301,https://bandhan.bank.in
P000771,Bank of India - Channi Himmat Branch,Public Sector Bank,Jammu and Kashmir,Jammu,Jammu,180015,32.692392,74.894569,PMEGP; MUDRA,true,Unknown,Unknown,Unknown,Unknown,Unknown,100,+917827585722,https://bankofindia.bank.in
P000772,Bank of Maharashtra - Jammu Branch,Public Sector Bank,Jammu and Kashmir,Jammu,Jammu,180020,32.69575,74.87556,PMEGP; MUDRA,true,Unknown,Unknown,Unknown,Unknown,Unknown,100,+919115566917,https://bankofmaharashtra.bank.in
P000773,"Canara Bank - Shalimar Road,Main",Public Sector Bank,Jammu and Kashmir,Jammu,Jammu,180001,32.6984722,74.8575833,PMEGP; MUDRA,true,Unknown,Unknown,Unknown,Unknown,Unknown,100,+911912543262,https://canarabank.bank.in
P000774,Canara Bank - Bari Brahmana Jammu,Public Sector Bank,Jammu and Kashmir,Jammu,Jammu,181133,32.6163366,74.7861752,PMEGP; MUDRA,true,Unknown,Unknown,Unknown,Unknown,Unknown,100,+911923220843,https://canarabank.bank.in
P000775,ICICI Bank - Jammuresidency Road,Private Sector Bank,Jammu and Kashmir,Jammu,Jammu,180001,32.6984722,74.8575833,MUDRA,true,Unknown,Unknown,Unknown,Unknown,Unknown,75,+919906063312,https://icici.bank.in
P000776,Indian Bank - Jammu Gandhi Nagar,Public Sector Bank,Jammu and Kashmir,Jammu,Jammu,180004,32.694451,74.865495,PMEGP; MUDRA,true,Unknown,Unknown,Unknown,Unknown,Unknown,100,+919650050570,https://indianbank.bank.in
P000777,Indian Overseas Bank - Jammu,Public Sector Bank,Jammu and Kashmir,Jammu,Jammu,181004,,,PMEGP; MUDRA,true,Unknown,Unknown,Unknown,Unknown,Unknown,100,+911912450276,https://www.iob.in
P000778,Punjab National Bank - Jammu-Raghunath Bazar,Public Sector Bank,Jammu and Kashmir,Jammu,Jammu,180001,32.6984722,74.8575833,PMEGP; MUDRA,true,Unknown,Unknown,Unknown,Unknown,Unknown,100,+911912573810,https://pnb.bank.in
P000779,UCO Bank - Jammu Main,Public Sector Bank,Jammu and Kashmir,Jammu,Jammu,180001,32.6984722,74.8575833,PMEGP; MUDRA,true,Unknown,Unknown,Unknown,Unknown,Unknown,100,+911912543125,https://uco.bank.in
P000780,ICICI Bank - Kargil,Private Sector Bank,Jammu and Kashmir,Kargil,Kargil,194103,34.553506,76.135043,MUDRA,true,Unknown,Unknown,Unknown,Unknown,Unknown,75,+919797444625,https://icici.bank.in
P000781,Punjab National Bank - Kargil Ladaakh,Public Sector Bank,Jammu and Kashmir,Kargil,Kargil,194103,34.553506,76.135043,PMEGP; MUDRA,true,Unknown,Unknown,Unknown,Unknown,Unknown,100,+919469258854,https://pnb.bank.in
P000782,State Bank of India - Bodh Kharboo,Public Sector Bank,Jammu and Kashmir,Kargil,Kargil,194109,34.3974139,76.394819,PMEGP; MUDRA,true,Unknown,Unknown,Unknown,Unknown,Unknown,100,+919419299088,https://sbi.bank.in
P000783,Bank of India - Kathua,Public Sector Bank,Jammu and Kashmir,Kathua,Kathua,184101,32.3673333,75.5223333,PMEGP; MUDRA,true,Unknown,Unknown,Unknown,Unknown,Unknown,100,+914560013420,https://bankofindia.bank.in
P000784,Canara Bank - Kathua,Public Sector Bank,Jammu and Kashmir,Kathua,Kathua,184101,32.3673333,75.5223333,PMEGP; MUDRA,true,Unknown,Unknown,Unknown,Unknown,Unknown,100,+911922232041,https://canarabank.bank.in
P000785,"ICICI Bank - Kathua, Jammuandkashmir",Private Sector Bank,Jammu and Kashmir,Kathua,Kathua,184102,32.38084,75.5271944,MUDRA,true,Unknown,Unknown,Unknown,Unknown,Unknown,75,+919324943851,https://icici.bank.in
P000786,Canara Bank - Kishtwar,Public Sector Bank,Jammu and Kashmir,Kishtwar,Kishtwar,182204,32.5941,75.42,PMEGP; MUDRA,true,Unknown,Unknown,Unknown,Unknown,Unknown,90,Unknown,https://canarabank.bank.in
P000787,State Bank of India - Helipad Kistwar,Public Sector Bank,Jammu and Kashmir,Kishtwar,Kishtwar,182204,32.5941,75.42,PMEGP; MUDRA,true,Unknown,Unknown,Unknown,Unknown,Unknown,90,Unknown,https://sbi.bank.in
P000788,ICICI Bank - Brinial Lamar Kulgam,Private Sector Bank,Jammu and Kashmir,Kulgam,Kulgam,192221,41.8817012,66.2922052,MUDRA,true,Unknown,Unknown,Unknown,Unknown,Unknown,75,+918493866700,https://icici.bank.in
P000789,Canara Bank - Gagal,Public Sector Bank,Jammu and Kashmir,Kupwara,Kupwara,193223,34.2995652,74.4170532,PMEGP; MUDRA,true,Unknown,Unknown,Unknown,Unknown,Unknown,100,+917889888932,https://canarabank.bank.in
P000790,ICICI Bank - Zangli Kupwara,Private Sector Bank,Jammu and Kashmir,Kupwara,Kupwara,193222,34.1011389,74.7713889,MUDRA,true,Unknown,Unknown,Unknown,Unknown,Unknown,75,+917304904168,https://icici.bank.in
P000791,State Bank of India - Zangli Cantt,Public Sector Bank,Jammu and Kashmir,Kupwara,Kupwara,193222,34.1011389,74.7713889,PMEGP; MUDRA,true,Unknown,Unknown,Unknown,Unknown,Unknown,100,+919419069532,https://sbi.bank.in
P000792,ICICI Bank - Near Post Office Road Main Bazar,Private Sector Bank,Jammu and Kashmir,Leh,Leh,194101,34.152838,77.577038,MUDRA,true,Unknown,Unknown,Unknown,Unknown,Unknown,75,+919596979684,https://icici.bank.in
P000793,Punjab & Sind Bank - Leh,Public Sector Bank,Jammu and Kashmir,Leh,Leh,194101,34.152838,77.577038,PMEGP; MUDRA,true,Unknown,Unknown,Unknown,Unknown,Unknown,100,+919103100601,https://punjabandsind.bank.in
P000794,State Bank of India - Sme Leh,Public Sector Bank,Jammu and Kashmir,Leh,Leh,194104,52.2178717,69.1137108,PMEGP; MUDRA,true,Unknown,Unknown,Unknown,Unknown,Unknown,100,+919906084069,https://sbi.bank.in
P000795,Canara Bank - Poonch,Public Sector Bank,Jammu and Kashmir,Poonch,Poonch,185101,33.4547,74.0543,PMEGP; MUDRA,true,Unknown,Unknown,Unknown,Unknown,Unknown,90,Unknown,https://canarabank.bank.in
P000796,HDFC Bank - Poonch,Private Sector Bank,Jammu and Kashmir,Poonch,Poonch,185101,33.4547,74.0543,MUDRA,true,Unknown,Unknown,Unknown,Unknown,Unknown,65,Unknown,https://hdfc.bank.in
P000797,State Bank of India - Poonch,Public Sector Bank,Jammu and Kashmir,Poonch,Poonch,185101,33.4547,74.0543,PMEGP; MUDRA,true,Unknown,Unknown,Unknown,Unknown,Unknown,90,Unknown,https://sbi.bank.in
P000798,ICICI Bank - Pulwama,Private Sector Bank,Jammu and Kashmir,Pulwama,Pulwama,192301,33.8676667,74.9003611,MUDRA,true,Unknown,Unknown,Unknown,Unknown,Unknown,75,+917051091759,https://icici.bank.in
P000799,State Bank of India - Kakapora,Public Sector Bank,Jammu and Kashmir,Pulwama,Pulwama,192304,33.9439481,74.9355138,PMEGP; MUDRA,true,Unknown,Unknown,Unknown,Unknown,Unknown,100,+919697972525,https://sbi.bank.in
P000800,Bank of Maharashtra - Rajouri,Public Sector Bank,Jammu and Kashmir,Rajouri,Rajouri,185132,7.4744056,15.6618389,PMEGP; MUDRA,true,Unknown,Unknown,Unknown,Unknown,Unknown,100,+919115566948,https://bankofmaharashtra.bank.in
P000801,ICICI Bank - Rajouri,Private Sector Bank,Jammu and Kashmir,Rajouri,Rajouri,185131,33.3720278,74.3091944,MUDRA,true,Unknown,Unknown,Unknown,Unknown,Unknown,75,+917006854406,https://icici.bank.in
P000802,State Bank of India - Thanamandi,Public Sector Bank,Jammu and Kashmir,Rajouri,Rajouri,185212,7.46456,16.24434,PMEGP; MUDRA,true,Unknown,Unknown,Unknown,Unknown,Unknown,100,+919419008418,https://sbi.bank.in
P000803,ICICI Bank - Reasi,Private Sector Bank,Jammu and Kashmir,Reasi,Reasi,182311,33.0827778,74.8333056,MUDRA,true,Unknown,Unknown,Unknown,Unknown,Unknown,75,+911815016148,https://icici.bank.in
P000804,ICICI Bank - Rakhambtalli,Private Sector Bank,Jammu and Kashmir,Samba,Samba,184121,32.553009,75.110753,MUDRA,true,Unknown,Unknown,Unknown,Unknown,Unknown,75,+919906072720,https://icici.bank.in
P000805,Indian Bank - Bari Brahmana,Public Sector Bank,Jammu and Kashmir,Samba,Samba,181133,32.6163366,74.7861752,PMEGP; MUDRA,true,Unknown,Unknown,Unknown,Unknown,Unknown,100,+919103261984,https://indianbank.bank.in
P000806,State Bank of India - Sme Samba,Public Sector Bank,Jammu and Kashmir,Samba,Samba,184121,32.553009,75.110753,PMEGP; MUDRA,true,Unknown,Unknown,Unknown,Unknown,Unknown,100,+919086038972,https://sbi.bank.in
P000807,State Bank of India - Keller,Public Sector Bank,Jammu and Kashmir,Shopian,Shopian,192303,33.7193889,74.8312778,PMEGP; MUDRA,true,Unknown,Unknown,Unknown,Unknown,Unknown,100,+919419075269,https://sbi.bank.in
P000808,Bank of India - Airport Road Srinagar,Public Sector Bank,Jammu and Kashmir,Srinagar,Srinagar,190021,34.0213056,74.7696944,PMEGP; MUDRA,true,Unknown,Unknown,Unknown,Unknown,Unknown,100,+917006308846,https://bankofindia.bank.in
P000809,Bank of Maharashtra - Srinagar,Public Sector Bank,Jammu and Kashmir,Srinagar,Srinagar,190001,34.0720833,74.8206667,PMEGP; MUDRA,true,Unknown,Unknown,Unknown,Unknown,Unknown,100,+919115566925,https://bankofmaharashtra.bank.in
P000810,"Canara Bank - B R Road Main,Srinagar",Public Sector Bank,Jammu and Kashmir,Srinagar,Srinagar,190001,34.0720833,74.8206667,PMEGP; MUDRA,true,Unknown,Unknown,Unknown,Unknown,Unknown,100,+911942475272,https://canarabank.bank.in
P000811,"Canara Bank - Badshah Chowk,Srinagar",Public Sector Bank,Jammu and Kashmir,Srinagar,Srinagar,190001,34.0720833,74.8206667,PMEGP; MUDRA,true,Unknown,Unknown,Unknown,Unknown,Unknown,100,+911942455343,https://canarabank.bank.in
P000812,ICICI Bank - Srinagar,Private Sector Bank,Jammu and Kashmir,Srinagar,Srinagar,190001,34.0720833,74.8206667,MUDRA,true,Unknown,Unknown,Unknown,Unknown,Unknown,75,+917051091714,https://icici.bank.in
P000813,ICICI Bank - Lal Bazaar,Private Sector Bank,Jammu and Kashmir,Srinagar,Srinagar,190011,34.0997043,74.7448803,MUDRA,true,Unknown,Unknown,Unknown,Unknown,Unknown,75,+919324804644,https://icici.bank.in
P000814,IDBI Bank - Srinagar,Private Sector Bank,Jammu and Kashmir,Srinagar,Srinagar,190010,34.061257,74.817321,MUDRA,true,Unknown,Unknown,Unknown,Unknown,Unknown,75,+918968057125,https://idbi.bank.in
P000815,Indian Bank - Srinagar,Public Sector Bank,Jammu and Kashmir,Srinagar,Srinagar,190001,34.0720833,74.8206667,PMEGP; MUDRA,true,Unknown,Unknown,Unknown,Unknown,Unknown,100,+919990073148,https://indianbank.bank.in
P000816,Indian Overseas Bank - Srinagar,Public Sector Bank,Jammu and Kashmir,Srinagar,Srinagar,190001,34.0720833,74.8206667,PMEGP; MUDRA,true,Unknown,Unknown,Unknown,Unknown,Unknown,100,+911942501632,https://www.iob.in
P000817,Punjab & Sind Bank - Srinagar Main,Public Sector Bank,Jammu and Kashmir,Srinagar,Srinagar,190001,34.0720833,74.8206667,PMEGP; MUDRA,true,Unknown,Unknown,Unknown,Unknown,Unknown,100,+911942455180,https://punjabandsind.bank.in
P000818,"Canara Bank - Udhampur,Dist Hq",Public Sector Bank,Jammu and Kashmir,Udhampur,Udhampur,182101,32.9258889,75.1381389,PMEGP; MUDRA,true,Unknown,Unknown,Unknown,Unknown,Unknown,100,+911992274306,https://canarabank.bank.in
P000819,ICICI Bank - Udhampur,Private Sector Bank,Jammu and Kashmir,Udhampur,Udhampur,182101,32.9258889,75.1381389,MUDRA,true,Unknown,Unknown,Unknown,Unknown,Unknown,75,+919796848285,https://icici.bank.in
P000820,IDBI Bank - Udhampur,Private Sector Bank,Jammu and Kashmir,Udhampur,Udhampur,182101,32.9258889,75.1381389,MUDRA,true,Unknown,Unknown,Unknown,Unknown,Unknown,75,+919646024461,https://idbi.bank.in
P000821,Bank of India - Sector Six Bs City,Public Sector Bank,Jharkhand,Bokaro,Bokaro,827006,23.6777222,86.1750278,PMEGP; MUDRA,true,Unknown,Unknown,Unknown,Unknown,Unknown,100,+916542268850,https://bankofindia.bank.in
P000822,Canara Bank - Bokaro Steel City,Public Sector Bank,Jharkhand,Bokaro,Bokaro,827001,23.6575556,86.1393333,PMEGP; MUDRA,true,Unknown,Unknown,Unknown,Unknown,Unknown,100,+916542240372,https://canarabank.bank.in
P000823,Indian Bank - Sector Five Bokaro Steel City,Public Sector Bank,Jharkhand,Bokaro,Bokaro,827006,23.6777222,86.1750278,PMEGP; MUDRA,true,Unknown,Unknown,Unknown,Unknown,Unknown,100,+916542269515,https://indianbank.bank.in
P000824,Bank of India - Nawadih,Public Sector Bank,Jharkhand,Chatra,Chatra,825408,24.9315178,85.1539729,PMEGP; MUDRA,true,Unknown,Unknown,Unknown,Unknown,Unknown,100,+918252216799,https://bankofindia.bank.in
P000825,Canara Bank - Chatra,Public Sector Bank,Jharkhand,Chatra,Chatra,833212,22.16795,85.59299,PMEGP; MUDRA,true,Unknown,Unknown,Unknown,Unknown,Unknown,100,+918797726714,https://canarabank.bank.in
P000826,ICICI Bank - Chatra,Private Sector Bank,Jharkhand,Chatra,Chatra,825401,24.220755,84.876812,MUDRA,true,Unknown,Unknown,Unknown,Unknown,Unknown,75,+919955895161,https://icici.bank.in
P000827,Bandhan Bank - Deoghar,Private Sector Bank,Jharkhand,Deoghar,Deoghar,814112,24.490417,86.690601,MUDRA,true,Unknown,Unknown,Unknown,Unknown,Unknown,75,+919523511231,https://bandhan.bank.in
P000828,Bank of India - Kunda,Public Sector Bank,Jharkhand,Deoghar,Deoghar,814143,24.490417,86.690601,PMEGP; MUDRA,true,Unknown,Unknown,Unknown,Unknown,Unknown,100,+918987447913,https://bankofindia.bank.in
P000829,State Bank of India - Sme Deoghar,Public Sector Bank,Jharkhand,Deoghar,Deoghar,814112,24.490417,86.690601,PMEGP; MUDRA,true,Unknown,Unknown,Unknown,Unknown,Unknown,100,+917761892600,https://sbi.bank.in
P000830,Axis Bank - Mohan Bazar,Private Sector Bank,Jharkhand,Dhanbad,Dhanbad,828119,23.6853889,86.4258056,MUDRA,true,Unknown,Unknown,Unknown,Unknown,Unknown,75,+919199705339,https://axis.bank.in
P000831,Indian Bank - Dhanbad Main,Public Sector Bank,Jharkhand,Dhanbad,Dhanbad,826001,23.7966944,86.4339167,PMEGP; MUDRA,true,Unknown,Unknown,Unknown,Unknown,Unknown,100,+918210223884,https://indianbank.bank.in
P000832,UCO Bank - Dhanbad Main,Public Sector Bank,Jharkhand,Dhanbad,Dhanbad,826001,23.7966944,86.4339167,PMEGP; MUDRA,true,Unknown,Unknown,Unknown,Unknown,Unknown,100,+913262303149,https://uco.bank.in
P000833,Bandhan Bank - Dumka,Private Sector Bank,Jharkhand,Dumka,Dumka,814101,24.264313,87.250339,MUDRA,true,Unknown,Unknown,Unknown,Unknown,Unknown,75,+916290818201,https://bandhan.bank.in
P000834,Indian Bank - Dumka Main,Public Sector Bank,Jharkhand,Dumka,Dumka,814101,24.264313,87.250339,PMEGP; MUDRA,true,Unknown,Unknown,Unknown,Unknown,Unknown,100,+919102965414,https://indianbank.bank.in
P000835,State Bank of India - Sme Dumka,Public Sector Bank,Jharkhand,Dumka,Dumka,814101,24.264313,87.250339,PMEGP; MUDRA,true,Unknown,Unknown,Unknown,Unknown,Unknown,100,+917766918593,https://sbi.bank.in
P000836,Indian Overseas Bank - Ghatsila,Public Sector Bank,Jharkhand,East Singhbhum,East Singhbhum,832303,22.7821665,86.2177553,PMEGP; MUDRA,true,Unknown,Unknown,Unknown,Unknown,Unknown,100,+918925954157,https://www.iob.in
P000837,Bandhan Bank - Garhwa Branch,Private Sector Bank,Jharkhand,Garhwa,Garhwa,822114,24.1591111,83.80725,MUDRA,true,Unknown,Unknown,Unknown,Unknown,Unknown,75,+918017823611,https://bandhan.bank.in
P000838,Canara Bank - Garhwa,Public Sector Bank,Jharkhand,Garhwa,Garhwa,822114,24.1591111,83.80725,PMEGP; MUDRA,true,Unknown,Unknown,Unknown,Unknown,Unknown,100,+919431926107,https://canarabank.bank.in
P000839,State Bank of India - Garhwa Bazar,Public Sector Bank,Jharkhand,Garhwa,Garhwa,822114,24.1591111,83.80725,PMEGP; MUDRA,true,Unknown,Unknown,Unknown,Unknown,Unknown,100,+917870382007,https://sbi.bank.in
P000840,Bandhan Bank - Giridih,Private Sector Bank,Jharkhand,Giridih,Giridih,815301,24.184713,86.302193,MUDRA,true,Unknown,Unknown,Unknown,Unknown,Unknown,75,+917970511351,https://bandhan.bank.in
P000841,IDBI Bank - Jharkhand State Co Op Bank Ishri Bazar Isb,Private Sector Bank,Jharkhand,Giridih,Giridih,825167,24.0556444,85.4124444,MUDRA,true,Unknown,Unknown,Unknown,Unknown,Unknown,75,+919304424612,https://idbi.bank.in
P000842,Indian Bank - Giridih Main,Public Sector Bank,Jharkhand,Giridih,Giridih,815301,24.184713,86.302193,PMEGP; MUDRA,true,Unknown,Unknown,Unknown,Unknown,Unknown,100,+919372766665,https://indianbank.bank.in
P000843,"ICICI Bank - Godda, Jharkhand",Private Sector Bank,Jharkhand,Godda,Godda,814133,24.8277908,87.2113759,MUDRA,true,Unknown,Unknown,Unknown,Unknown,Unknown,75,+919771438703,https://icici.bank.in
P000844,IDBI Bank - Godda,Private Sector Bank,Jharkhand,Godda,Godda,814133,24.8277908,87.2113759,MUDRA,true,Unknown,Unknown,Unknown,Unknown,Unknown,75,+919926561596,https://idbi.bank.in
P000845,State Bank of India - Mahagama Bazar Branch,Public Sector Bank,Jharkhand,Godda,Godda,814154,25.09314,87.38382,PMEGP; MUDRA,true,Unknown,Unknown,Unknown,Unknown,Unknown,100,+919771479915,https://sbi.bank.in
P000846,Bandhan Bank - Gumla Branch,Private Sector Bank,Jharkhand,Gumla,Gumla,835207,23.0441389,84.5413889,MUDRA,true,Unknown,Unknown,Unknown,Unknown,Unknown,75,+918092167683,https://bandhan.bank.in
P000847,ICICI Bank - Gumla,Private Sector Bank,Jharkhand,Gumla,Gumla,835207,23.0441389,84.5413889,MUDRA,true,Unknown,Unknown,Unknown,Unknown,Unknown,75,+917260899106,https://icici.bank.in
P000848,IDBI Bank - Jharkhand State Co Op Bank Jhb Main Branch Mbr Gumla,Private Sector Bank,Jharkhand,Gumla,Gumla,835207,23.0441389,84.5413889,MUDRA,true,Unknown,Unknown,Unknown,Unknown,Unknown,75,+918674829611,https://idbi.bank.in
P000849,Bandhan Bank - Hazaribag,Private Sector Bank,Jharkhand,Hazaribag,Hazaribag,825301,23.9926667,85.366,MUDRA,true,Unknown,Unknown,Unknown,Unknown,Unknown,75,+919523311421,https://bandhan.bank.in
P000850,Bank of India - Hazaribag Bazar,Public Sector Bank,Jharkhand,Hazaribagh,Hazaribagh,825301,23.9926667,85.366,PMEGP; MUDRA,true,Unknown,Unknown,Unknown,Unknown,Unknown,100,+916546222920,https://bankofindia.bank.in
P000851,Indian Bank - Hazaribagh Main,Public Sector Bank,Jharkhand,Hazaribagh,Hazaribagh,825301,23.9926667,85.366,PMEGP; MUDRA,true,Unknown,Unknown,Unknown,Unknown,Unknown,100,+918670294321,https://indianbank.bank.in
P000852,State Bank of India - Sme Hazaribagh,Public Sector Bank,Jharkhand,Hazaribagh,Hazaribagh,825301,23.9926667,85.366,PMEGP; MUDRA,true,Unknown,Unknown,Unknown,Unknown,Unknown,100,+919771458611,https://sbi.bank.in
P000853,Bank of India - Narga,Public Sector Bank,Jharkhand,Jamshedpur,Jamshedpur,831012,22.8763834,86.248745,PMEGP; MUDRA,true,Unknown,Unknown,Unknown,Unknown,Unknown,100,+917283233155,https://bankofindia.bank.in
P000854,State Bank of India - Sme Jugsalai,Public Sector Bank,Jharkhand,Jamshedpur,Jamshedpur,831006,22.7729,86.18761,PMEGP; MUDRA,true,Unknown,Unknown,Unknown,Unknown,Unknown,100,+918294630323,https://sbi.bank.in
P000855,UCO Bank - Jamshedpur Main,Public Sector Bank,Jharkhand,Jamshedpur,Jamshedpur,831001,22.7993,86.18486,PMEGP; MUDRA,true,Unknown,Unknown,Unknown,Unknown,Unknown,100,+916572431869,https://uco.bank.in
P000856,Bandhan Bank - Jamtara,Private Sector Bank,Jharkhand,Jamtara,Jamtara,815351,24.490417,86.690601,MUDRA,true,Unknown,Unknown,Unknown,Unknown,Unknown,75,+918521112211,https://bandhan.bank.in
P000857,ICICI Bank - Jamtara,Private Sector Bank,Jharkhand,Jamtara,Jamtara,815351,24.490417,86.690601,MUDRA,true,Unknown,Unknown,Unknown,Unknown,Unknown,75,+918527494996,https://icici.bank.in
P000858,Indian Bank - Jamtara,Public Sector Bank,Jharkhand,Jamtara,Jamtara,815351,24.490417,86.690601,PMEGP; MUDRA,true,Unknown,Unknown,Unknown,Unknown,Unknown,100,+917001783084,https://indianbank.bank.in
P000859,Bandhan Bank - Khunti,Private Sector Bank,Jharkhand,Khunti,Khunti,835210,23.07775,85.2786667,MUDRA,true,Unknown,Unknown,Unknown,Unknown,Unknown,75,+919162016931,https://bandhan.bank.in
P000860,Bank of India - Dcoffice Khunti,Public Sector Bank,Jharkhand,Khunti,Khunti,835210,23.07775,85.2786667,PMEGP; MUDRA,true,Unknown,Unknown,Unknown,Unknown,Unknown,100,+919431581366,https://bankofindia.bank.in
P000861,Indian Bank - Khunti,Public Sector Bank,Jharkhand,Khunti,Khunti,835201,23.011971,84.8536818,PMEGP; MUDRA,true,Unknown,Unknown,Unknown,Unknown,Unknown,100,+919113312735,https://indianbank.bank.in
P000862,Indian Bank - Koderma,Public Sector Bank,Jharkhand,Koderma,Koderma,825410,24.4636165,85.5831823,PMEGP; MUDRA,true,Unknown,Unknown,Unknown,Unknown,Unknown,100,+918789198137,https://indianbank.bank.in
P000863,State Bank of India - Cac Koderma Bazar,Public Sector Bank,Jharkhand,Koderma,Koderma,825410,24.4636165,85.5831823,PMEGP; MUDRA,true,Unknown,Unknown,Unknown,Unknown,Unknown,100,+919470598347,https://sbi.bank.in
P000864,ICICI Bank - Latehar,Private Sector Bank,Jharkhand,Latehar,Latehar,829206,23.7443333,84.5085,MUDRA,true,Unknown,Unknown,Unknown,Unknown,Unknown,75,+917389912375,https://icici.bank.in
P000865,IDBI Bank - Latehar,Private Sector Bank,Jharkhand,Latehar,Latehar,829206,23.7443333,84.5085,MUDRA,true,Unknown,Unknown,Unknown,Unknown,Unknown,75,+917564909645,https://idbi.bank.in
P000866,Indian Bank - Latehar,Public Sector Bank,Jharkhand,Latehar,Latehar,829206,23.7443333,84.5085,PMEGP; MUDRA,true,Unknown,Unknown,Unknown,Unknown,Unknown,100,+916280315176,https://indianbank.bank.in
P000867,Bank of India - Block More Lohardaga,Public Sector Bank,Jharkhand,Lohardaga,Lohardaga,835302,23.4458333,84.6899444,PMEGP; MUDRA,true,Unknown,Unknown,Unknown,Unknown,Unknown,100,+916526224065,https://bankofindia.bank.in
P000868,Bandhan Bank - Pakur,Private Sector Bank,Jharkhand,Pakur,Pakur,816107,24.244502,87.241744,MUDRA,true,Unknown,Unknown,Unknown,Unknown,Unknown,75,+917970312751,https://bandhan.bank.in
P000869,Bank of Maharashtra - Pakur,Public Sector Bank,Jharkhand,Pakur,Pakur,816107,24.244502,87.241744,PMEGP; MUDRA,true,Unknown,Unknown,Unknown,Unknown,Unknown,100,+919297936836,https://bankofmaharashtra.bank.in
P000870,Indian Bank - Pakur,Public Sector Bank,Jharkhand,Pakur,Pakur,816107,24.244502,87.241744,PMEGP; MUDRA,true,Unknown,Unknown,Unknown,Unknown,Unknown,100,+919631364243,https://indianbank.bank.in
P000871,Bandhan Bank - Panki Branch,Private Sector Bank,Jharkhand,Palamu,Palamu,822122,24.0589323,84.3728277,MUDRA,true,Unknown,Unknown,Unknown,Unknown,Unknown,75,+918235665691,https://bandhan.bank.in
P000872,State Bank of India - Ramgarh,Public Sector Bank,Jharkhand,Palamu,Palamu,822110,24.328986,84.067248,PMEGP; MUDRA,true,Unknown,Unknown,Unknown,Unknown,Unknown,100,+919430146719,https://sbi.bank.in
P000873,Bank of Maharashtra - Ramgarh,Public Sector Bank,Jharkhand,Ramgarh,Ramgarh,829122,23.6321389,85.5141944,PMEGP; MUDRA,true,Unknown,Unknown,Unknown,Unknown,Unknown,100,+919031032256,https://bankofmaharashtra.bank.in
P000874,IDBI Bank - Ramgarh Cant,Private Sector Bank,Jharkhand,Ramgarh,Ramgarh,829122,23.6321389,85.5141944,MUDRA,true,Unknown,Unknown,Unknown,Unknown,Unknown,75,+918819929970,https://idbi.bank.in
P000875,State Bank of India - Cac Ramgarh,Public Sector Bank,Jharkhand,Ramgarh,Ramgarh,829122,23.6321389,85.5141944,PMEGP; MUDRA,true,Unknown,Unknown,Unknown,Unknown,Unknown,100,+917903648057,https://sbi.bank.in
P000876,Bandhan Bank - Ranchi,Private Sector Bank,Jharkhand,Ranchi,Ranchi,834001,23.344101,85.309563,MUDRA,true,Unknown,Unknown,Unknown,Unknown,Unknown,75,+919199310881,https://bandhan.bank.in
P000877,Bank of India - Kanke Road,Public Sector Bank,Jharkhand,Ranchi,Ranchi,834008,23.3922222,85.31375,PMEGP; MUDRA,true,Unknown,Unknown,Unknown,Unknown,Unknown,100,+916512233998,https://bankofindia.bank.in
P000878,Bank of Maharashtra - Upper Bazar Ranchi,Public Sector Bank,Jharkhand,Ranchi,Ranchi,834011,23.366531,85.327301,PMEGP; MUDRA,true,Unknown,Unknown,Unknown,Unknown,Unknown,100,+917360020171,https://bankofmaharashtra.bank.in
P000879,"Canara Bank - Dhurwa ,Hatia,Ranchi",Public Sector Bank,Jharkhand,Ranchi,Ranchi,834004,23.3074139,85.2612393,PMEGP; MUDRA,true,Unknown,Unknown,Unknown,Unknown,Unknown,100,+916512408740,https://canarabank.bank.in
P000880,ICICI Bank - Ranchi,Private Sector Bank,Jharkhand,Ranchi,Ranchi,834001,23.344101,85.309563,MUDRA,true,Unknown,Unknown,Unknown,Unknown,Unknown,75,+917766906528,https://icici.bank.in
P000881,"ICICI Bank - Upper Bazarranchi, Jharkhand",Private Sector Bank,Jharkhand,Ranchi,Ranchi,834001,23.344101,85.309563,MUDRA,true,Unknown,Unknown,Unknown,Unknown,Unknown,75,+917070894919,https://icici.bank.in
P000882,IDBI Bank - Kanke Road,Private Sector Bank,Jharkhand,Ranchi,Ranchi,830008,,,MUDRA,true,Unknown,Unknown,Unknown,Unknown,Unknown,75,+918208028744,https://idbi.bank.in
P000883,Indian Bank - Ranchi Main,Public Sector Bank,Jharkhand,Ranchi,Ranchi,834001,23.344101,85.309563,PMEGP; MUDRA,true,Unknown,Unknown,Unknown,Unknown,Unknown,100,+9165120208034,https://indianbank.bank.in
P000884,State Bank of India - Sme Plaza Chowk Ranchi,Public Sector Bank,Jharkhand,Ranchi,Ranchi,834001,23.344101,85.309563,PMEGP; MUDRA,true,Unknown,Unknown,Unknown,Unknown,Unknown,100,+919556242762,https://sbi.bank.in
P000885,UCO Bank - Upper Bazar,Public Sector Bank,Jharkhand,Ranchi,Ranchi,834001,23.344101,85.309563,PMEGP; MUDRA,true,Unknown,Unknown,Unknown,Unknown,Unknown,100,+918252980763,https://uco.bank.in
P000886,Bandhan Bank - Sahibganj,Private Sector Bank,Jharkhand,Sahibganj,Sahibganj,816101,24.244502,87.241744,MUDRA,true,Unknown,Unknown,Unknown,Unknown,Unknown,75,+917319913371,https://bandhan.bank.in
P000887,Bank of Baroda - Adityapur,Public Sector Bank,Jharkhand,Seraikela-Kharsawan,Seraikela-Kharsawan,831013,22.78632,86.1662,PMEGP; MUDRA,true,Unknown,Unknown,Unknown,Unknown,Unknown,90,Unknown,https://bankofbaroda.bank.in
P000888,IDBI Bank - Simdega Branch,Private Sector Bank,Jharkhand,Simdega,Simdega,835223,22.5511944,84.5020278,MUDRA,true,Unknown,Unknown,Unknown,Unknown,Unknown,75,+917087426020,https://idbi.bank.in
P000889,Indian Bank - Simdega,Public Sector Bank,Jharkhand,Simdega,Simdega,835223,22.5511944,84.5020278,PMEGP; MUDRA,true,Unknown,Unknown,Unknown,Unknown,Unknown,100,+919142211685,https://indianbank.bank.in
P000890,Indian Overseas Bank - Simdega,Public Sector Bank,Jharkhand,Simdega,Simdega,835235,22.7166954,84.6506882,PMEGP; MUDRA,true,Unknown,Unknown,Unknown,Unknown,Unknown,100,+918328555874,https://www.iob.in
P000891,Indian Bank - Bagalkot,Public Sector Bank,Karnataka,Bagalkot,Bagalkot,587103,16.1604722,75.6709722,PMEGP; MUDRA,true,Unknown,Unknown,Unknown,Unknown,Unknown,100,+918354235234,https://indianbank.bank.in
P000892,State Bank of India - Terdal,Public Sector Bank,Karnataka,Bagalkot,Bagalkot,587315,16.5027131,75.2442771,PMEGP; MUDRA,true,Unknown,Unknown,Unknown,Unknown,Unknown,100,+919945500779,https://sbi.bank.in
P000893,Bank of India - Badanahatti,Public Sector Bank,Karnataka,Ballari,Ballari,583116,15.3426914,76.8317177,PMEGP; MUDRA,true,Unknown,Unknown,Unknown,Unknown,Unknown,100,+918971734141,https://bankofindia.bank.in
P000894,"Canara Bank - Specialised Sme Branch, Hospet",Public Sector Bank,Karnataka,Ballari,Ballari,583201,15.2717341,76.3879236,PMEGP; MUDRA,true,Unknown,Unknown,Unknown,Unknown,Unknown,100,+918394230900,https://canarabank.bank.in
P000895,Karnataka Gramin Bank - Cowl Bazar,Regional Rural Bank,Karnataka,Ballari,Ballari,583102,15.1417778,76.8943611,PMEGP; MUDRA,true,Unknown,Unknown,Unknown,Unknown,Unknown,100,+918392240395,Unknown
P000896,State Bank of India - Cowl Bazar Bellary,Public Sector Bank,Karnataka,Ballari,Ballari,583102,15.1417778,76.8943611,PMEGP; MUDRA,true,Unknown,Unknown,Unknown,Unknown,Unknown,100,+918392240992,https://sbi.bank.in
P000897,Punjab National Bank - Clpc Bangalore,Public Sector Bank,Karnataka,Banglore,Banglore,560002,12.9025101,77.6252896,PMEGP; MUDRA,true,Unknown,Unknown,Unknown,Unknown,Unknown,100,+918022108399,https://pnb.bank.in
P000898,State Bank of India - Lottegollahalli,Public Sector Bank,Karnataka,Banglore,Banglore,560094,12.5368244,77.5729076,PMEGP; MUDRA,true,Unknown,Unknown,Unknown,Unknown,Unknown,100,+919343764937,https://sbi.bank.in
P000899,"Yes Bank - Basaveshwara Nagar, Bangalore",Private Sector Bank,Karnataka,Banglore,Banglore,560086,13.0067565,77.5464325,MUDRA,true,Unknown,Unknown,Unknown,Unknown,Unknown,75,+918046577912,https://yes.bank.in
P000900,Bandhan Bank - Belgaum,Private Sector Bank,Karnataka,Belagavi,Belagavi,590006,15.8218333,74.4964537,MUDRA,true,Unknown,Unknown,Unknown,Unknown,Unknown,75,+916290919371,https://bandhan.bank.in
P000901,"Canara Bank - Khade Bazaar ,Main,Belgaum",Public Sector Bank,Karnataka,Belagavi,Belagavi,590002,,,PMEGP; MUDRA,true,Unknown,Unknown,Unknown,Unknown,Unknown,100,+918312420080,https://canarabank.bank.in
P000902,State Bank of India - Belgaum City,Public Sector Bank,Karnataka,Belagavi,Belagavi,590002,,,PMEGP; MUDRA,true,Unknown,Unknown,Unknown,Unknown,Unknown,100,+919480397996,https://sbi.bank.in
P000903,Axis Bank - Kaggadasapura Main Road,Private Sector Bank,Karnataka,Bengaluru,Bengaluru,560093,12.9861389,77.6521667,MUDRA,true,Unknown,Unknown,Unknown,Unknown,Unknown,75,+918025345382,https://axis.bank.in
P000904,Axis Bank - Gandhibazaar,Private Sector Bank,Karnataka,Bengaluru,Bengaluru,560004,12.948536,77.573275,MUDRA,true,Unknown,Unknown,Unknown,Unknown,Unknown,75,+918026602320,https://axis.bank.in
P000905,Bandhan Bank - Kumara Park Layout Branch Bangalore,Private Sector Bank,Karnataka,Bengaluru,Bengaluru,560020,12.988456,77.574647,MUDRA,true,Unknown,Unknown,Unknown,Unknown,Unknown,75,+918017523791,https://bandhan.bank.in
P000906,Bandhan Bank - Btm Layout Branch Bangalore,Private Sector Bank,Karnataka,Bengaluru,Bengaluru,560076,12.8914551,77.5978292,MUDRA,true,Unknown,Unknown,Unknown,Unknown,Unknown,75,+918697224181,https://bandhan.bank.in
P000907,Bank of India - Bangalore Mid Corporate Peeny,Public Sector Bank,Karnataka,Bengaluru,Bengaluru,560058,13.0205833,77.5190203,PMEGP; MUDRA,true,Unknown,Unknown,Unknown,Unknown,Unknown,100,+91323221791,https://bankofindia.bank.in
P000908,Bank of India - Bengaluru Eccb,Public Sector Bank,Karnataka,Bengaluru,Bengaluru,560009,12.972862,77.583299,PMEGP; MUDRA,true,Unknown,Unknown,Unknown,Unknown,Unknown,100,+919527737001,https://bankofindia.bank.in
P000909,Bank of India - Cantonment,Public Sector Bank,Karnataka,Bengaluru,Bengaluru,560001,12.971599,77.594563,PMEGP; MUDRA,true,Unknown,Unknown,Unknown,Unknown,Unknown,100,+919400592541,https://bankofindia.bank.in
P000910,Canara Bank - Agricultural Innovation Centre,Public Sector Bank,Karnataka,Bengaluru,Bengaluru,560002,12.839909,77.662968,PMEGP; MUDRA,true,Unknown,Unknown,Unknown,Unknown,Unknown,100,+918022236020,https://canarabank.bank.in
P000911,Canara Bank - Msme Sulabh Bengaluru Central,Public Sector Bank,Karnataka,Bengaluru,Bengaluru,560052,,,PMEGP; MUDRA,true,Unknown,Unknown,Unknown,Unknown,Unknown,100,+918022879533,https://canarabank.bank.in
P000912,Canara Bank - Spld Mid Corp Br Bengaluru Townhall,Public Sector Bank,Karnataka,Bengaluru,Bengaluru,560027,12.9593498,77.595903,PMEGP; MUDRA,true,Unknown,Unknown,Unknown,Unknown,Unknown,100,+918022220758,https://canarabank.bank.in
P000913,DCB Bank - Bangalore,Private Sector Bank,Karnataka,Bengaluru,Bengaluru,560001,12.971599,77.594563,MUDRA,true,Unknown,Unknown,Unknown,Unknown,Unknown,75,+918066310500,https://dcb.bank.in
P000914,DCB Bank - Rajaji Nagar,Private Sector Bank,Karnataka,Bengaluru,Bengaluru,560010,12.977667,77.549488,MUDRA,true,Unknown,Unknown,Unknown,Unknown,Unknown,75,+918065360256,https://dcb.bank.in
P000915,ICICI Bank - M C Layout Vijayanagar,Private Sector Bank,Karnataka,Bengaluru,Bengaluru,560040,12.971385,77.536849,MUDRA,true,Unknown,Unknown,Unknown,Unknown,Unknown,75,+917259539061,https://icici.bank.in
P000916,IDBI Bank - Dollars Colony,Private Sector Bank,Karnataka,Bengaluru,Bengaluru,560094,12.5368244,77.5729076,MUDRA,true,Unknown,Unknown,Unknown,Unknown,Unknown,75,+919845326269,https://idbi.bank.in
P000917,IDBI Bank - Hsr Layout Branch Bangalore,Private Sector Bank,Karnataka,Bengaluru,Bengaluru,560102,12.9141099,77.6371518,MUDRA,true,Unknown,Unknown,Unknown,Unknown,Unknown,75,+917907532405,https://idbi.bank.in
P000918,Indian Bank - Large Corporate Branch Bangalore,Public Sector Bank,Karnataka,Bengaluru,Bengaluru,560042,12.982047,77.61238,PMEGP; MUDRA,true,Unknown,Unknown,Unknown,Unknown,Unknown,100,+918025590932,https://indianbank.bank.in
P000919,Indian Bank - Manyata Business Park,Public Sector Bank,Karnataka,Bengaluru,Bengaluru,560045,13.0325833,77.6208056,PMEGP; MUDRA,true,Unknown,Unknown,Unknown,Unknown,Unknown,100,+917338685413,https://indianbank.bank.in
P000920,Indian Overseas Bank - Bangalore Large Corporate,Public Sector Bank,Karnataka,Bengaluru,Bengaluru,560009,12.972862,77.583299,PMEGP; MUDRA,true,Unknown,Unknown,Unknown,Unknown,Unknown,100,+918022950250,https://www.iob.in
P000921,Punjab National Bank - Raja Rajewsari Nagar,Public Sector Bank,Karnataka,Bengaluru,Bengaluru,560098,12.913238,77.5165483,PMEGP; MUDRA,true,Unknown,Unknown,Unknown,Unknown,Unknown,100,+918870347278,https://pnb.bank.in
P000922,Punjab National Bank - Devanahalli,Public Sector Bank,Karnataka,Bengaluru,Bengaluru,562110,13.2608944,77.6702556,PMEGP; MUDRA,true,Unknown,Unknown,Unknown,Unknown,Unknown,100,+918027682013,https://pnb.bank.in
P000923,"State Bank of India - Ccgro, Bengaluru",Public Sector Bank,Karnataka,Bengaluru,Bengaluru,560001,12.971599,77.594563,PMEGP; MUDRA,true,Unknown,Unknown,Unknown,Unknown,Unknown,100,+919606448424,https://sbi.bank.in
P000924,"State Bank of India - Sbild, Bengaluru",Public Sector Bank,Karnataka,Bengaluru,Bengaluru,560004,12.948536,77.573275,PMEGP; MUDRA,true,Unknown,Unknown,Unknown,Unknown,Unknown,100,+918971676020,https://sbi.bank.in
P000925,State Bank of India - Sme Electronic City,Public Sector Bank,Karnataka,Bengaluru,Bengaluru,560100,12.8400702,77.6635448,PMEGP; MUDRA,true,Unknown,Unknown,Unknown,Unknown,Unknown,100,+919448993126,https://sbi.bank.in
P000926,UCO Bank - Bangalore City,Public Sector Bank,Karnataka,Bengaluru,Bengaluru,560009,12.972862,77.583299,PMEGP; MUDRA,true,Unknown,Unknown,Unknown,Unknown,Unknown,100,+918022876954,https://uco.bank.in
P000927,Indian Bank - Jayanagar Fourth T Block,Public Sector Bank,Karnataka,Bengaluru Urban,Bengaluru Urban,560041,12.9230005,77.5900165,PMEGP; MUDRA,true,Unknown,Unknown,Unknown,Unknown,Unknown,100,+918050291621,https://indianbank.bank.in
P000928,Bank of India - Bidar,Public Sector Bank,Karnataka,Bidar,Bidar,585401,17.9116389,77.5193611,PMEGP; MUDRA,true,Unknown,Unknown,Unknown,Unknown,Unknown,100,+918482220195,https://bankofindia.bank.in
P000929,Canara Bank - Bidar Old City,Public Sector Bank,Karnataka,Bidar,Bidar,585101,17.340941,76.8328492,PMEGP; MUDRA,true,Unknown,Unknown,Unknown,Unknown,Unknown,100,+918482228828,https://canarabank.bank.in
P000930,IDBI Bank - Bidar,Private Sector Bank,Karnataka,Bidar,Bidar,585401,17.9116389,77.5193611,MUDRA,true,Unknown,Unknown,Unknown,Unknown,Unknown,75,+919966554666,https://idbi.bank.in
P000931,Bandhan Bank - Bijapur,Private Sector Bank,Karnataka,Bijapur,Bijapur,586101,16.8306575,75.7142599,MUDRA,true,Unknown,Unknown,Unknown,Unknown,Unknown,75,+917596019381,https://bandhan.bank.in
P000932,Bank of India - Kambagi,Public Sector Bank,Karnataka,Bijapur,Bijapur,586125,16.7000805,75.6099494,PMEGP; MUDRA,true,Unknown,Unknown,Unknown,Unknown,Unknown,100,+919448230959,https://bankofindia.bank.in
P000933,Canara Bank - Bijapur,Public Sector Bank,Karnataka,Bijapur,Bijapur,586101,16.8306575,75.7142599,PMEGP; MUDRA,true,Unknown,Unknown,Unknown,Unknown,Unknown,100,+9183522210002,https://canarabank.bank.in
P000934,State Bank of India - Chamarajanagar,Public Sector Bank,Karnataka,Chamarajanagar,Chamarajanagar,571313,12.1613889,77.1105833,PMEGP; MUDRA,true,Unknown,Unknown,Unknown,Unknown,Unknown,100,+918226222044,https://sbi.bank.in
P000935,State Bank of India - Zilla Adalitha Bhavana,Public Sector Bank,Karnataka,Chikballapur,Chikballapur,562101,13.4913186,77.7499164,PMEGP; MUDRA,true,Unknown,Unknown,Unknown,Unknown,Unknown,100,+918156277045,https://sbi.bank.in
P000936,Canara Bank - Chikmagalur,Public Sector Bank,Karnataka,Chikkamagaluru,Chikkamagaluru,577101,13.3153055,75.7742222,PMEGP; MUDRA,true,Unknown,Unknown,Unknown,Unknown,Unknown,100,+918262230019,https://canarabank.bank.in
P000937,ICICI Bank - Chikmagalur,Private Sector Bank,Karnataka,Chikkamagaluru,Chikkamagaluru,577101,13.3153055,75.7742222,MUDRA,true,Unknown,Unknown,Unknown,Unknown,Unknown,75,+919844051001,https://icici.bank.in
P000938,IDBI Bank - Chikmagalur,Private Sector Bank,Karnataka,Chikkamagaluru,Chikkamagaluru,577101,13.3153055,75.7742222,MUDRA,true,Unknown,Unknown,Unknown,Unknown,Unknown,75,+919686354154,https://idbi.bank.in
P000939,Bandhan Bank - Chitradurga,Private Sector Bank,Karnataka,Chitradurga,Chitradurga,577501,14.2215833,76.3974167,MUDRA,true,Unknown,Unknown,Unknown,Unknown,Unknown,75,+916290819391,https://bandhan.bank.in
P000940,Bank of India - Chitradurga,Public Sector Bank,Karnataka,Chitradurga,Chitradurga,577501,14.2215833,76.3974167,PMEGP; MUDRA,true,Unknown,Unknown,Unknown,Unknown,Unknown,100,+918884543559,https://bankofindia.bank.in
P000941,Canara Bank - Chitradurga,Public Sector Bank,Karnataka,Chitradurga,Chitradurga,577501,14.2215833,76.3974167,PMEGP; MUDRA,true,Unknown,Unknown,Unknown,Unknown,Unknown,100,+918194220203,https://canarabank.bank.in
P000942,Karnataka Gramin Bank - Bahaddurghatta,Regional Rural Bank,Karnataka,Chitradurga,Chitradurga,577519,17.5042846,76.5731586,PMEGP; MUDRA,true,Unknown,Unknown,Unknown,Unknown,Unknown,100,+918194247607,Unknown
P000943,Indian Bank - Pumpwell,Public Sector Bank,Karnataka,Dakshina Kannada,Dakshina Kannada,575002,12.8690638,74.8596328,PMEGP; MUDRA,true,Unknown,Unknown,Unknown,Unknown,Unknown,100,+918917393886,https://indianbank.bank.in
P000944,Axis Bank - City Co Operative Bank Ltd,Private Sector Bank,Karnataka,Davangere,Davangere,577002,14.4557478,75.913422,MUDRA,true,Unknown,Unknown,Unknown,Unknown,Unknown,75,+918192255974,https://axis.bank.in
P000945,Bank of India - Kempanahalli,Public Sector Bank,Karnataka,Davangere,Davangere,577544,14.2257111,75.90495,PMEGP; MUDRA,true,Unknown,Unknown,Unknown,Unknown,Unknown,100,+918180276188,https://bankofindia.bank.in
P000946,"Canara Bank - Mandipet ,Main,Davangere",Public Sector Bank,Karnataka,Davangere,Davangere,577001,14.4688889,75.9197778,PMEGP; MUDRA,true,Unknown,Unknown,Unknown,Unknown,Unknown,100,+918192276856,https://canarabank.bank.in
P000947,Karnataka Gramin Bank - Attigere,Regional Rural Bank,Karnataka,Davangere,Davangere,577574,,,PMEGP; MUDRA,true,Unknown,Unknown,Unknown,Unknown,Unknown,100,+918192267267,Unknown
P000948,Indian Bank - Dharwad,Public Sector Bank,Karnataka,Dharwad,Dharwad,580001,15.4518333,75.00625,PMEGP; MUDRA,true,Unknown,Unknown,Unknown,Unknown,Unknown,100,+919449864161,https://indianbank.bank.in
P000949,"State Bank of India - Sbild, Dharwad",Public Sector Bank,Karnataka,Dharwad,Dharwad,580001,15.4518333,75.00625,PMEGP; MUDRA,true,Unknown,Unknown,Unknown,Unknown,Unknown,100,+919448991881,https://sbi.bank.in
P000950,Union Bank of India - Hubli Service,Public Sector Bank,Karnataka,Dharwad,Dharwad,580020,15.3462946,75.145521,PMEGP; MUDRA,true,Unknown,Unknown,Unknown,Unknown,Unknown,100,+919949209944,https://unionbankofindia.bank.in
P000951,Canara Bank - Gadag,Public Sector Bank,Karnataka,Gadag,Gadag,582101,15.4328056,75.6361389,PMEGP; MUDRA,true,Unknown,Unknown,Unknown,Unknown,Unknown,100,+918372259450,https://canarabank.bank.in
P000952,ICICI Bank - Belthady,Private Sector Bank,Karnataka,Gadag,Gadag,582103,15.4262192,75.6280874,MUDRA,true,Unknown,Unknown,Unknown,Unknown,Unknown,75,+919108993529,https://icici.bank.in
P000953,IDBI Bank - Gadag,Private Sector Bank,Karnataka,Gadag,Gadag,582101,15.4328056,75.6361389,MUDRA,true,Unknown,Unknown,Unknown,Unknown,Unknown,75,+919886645643,https://idbi.bank.in
P000954,State Bank of India - Retail Asset Credit Centre-Gangavathi,Public Sector Bank,Karnataka,Gangavathi,Gangavathi,583227,15.4552436,76.524108,PMEGP; MUDRA,true,Unknown,Unknown,Unknown,Unknown,Unknown,90,Unknown,https://sbi.bank.in
P000955,"Canara Bank - Ssi Branch,Hassan",Public Sector Bank,Karnataka,Hassan,Hassan,573201,13.0053333,76.1000556,PMEGP; MUDRA,true,Unknown,Unknown,Unknown,Unknown,Unknown,100,+918172265836,https://canarabank.bank.in
P000956,DCB Bank - Hassan,Private Sector Bank,Karnataka,Hassan,Hassan,573201,13.0053333,76.1000556,MUDRA,true,Unknown,Unknown,Unknown,Unknown,Unknown,75,+917304548614,https://dcb.bank.in
P000957,IDBI Bank - Hassan,Private Sector Bank,Karnataka,Hassan,Hassan,573201,13.0053333,76.1000556,MUDRA,true,Unknown,Unknown,Unknown,Unknown,Unknown,75,+919886635878,https://idbi.bank.in
P000958,Bank of India - Ranjanagi,Public Sector Bank,Karnataka,Haveri,Haveri,587313,16.333256,75.286694,PMEGP; MUDRA,true,Unknown,Unknown,Unknown,Unknown,Unknown,100,+918350277177,https://bankofindia.bank.in
P000959,Canara Bank - Hiremoraba,Public Sector Bank,Karnataka,Haveri,Haveri,581210,14.3756258,75.4573355,PMEGP; MUDRA,true,Unknown,Unknown,Unknown,Unknown,Unknown,100,+919482237071,https://canarabank.bank.in
P000960,ICICI Bank - Haveri,Private Sector Bank,Karnataka,Haveri,Haveri,581110,14.7908241,75.4080982,MUDRA,true,Unknown,Unknown,Unknown,Unknown,Unknown,75,+919964727522,https://icici.bank.in
P000961,State Bank of India - Cac-Taluk Office Hospet,Public Sector Bank,Karnataka,Hospet,Hospet,583201,15.2717341,76.3879236,PMEGP; MUDRA,true,Unknown,Unknown,Unknown,Unknown,Unknown,100,+919973363151,https://sbi.bank.in
P000962,UCO Bank - Hubli Branch,Public Sector Bank,Karnataka,Hubballi,Hubballi,580020,15.352303,75.144945,PMEGP; MUDRA,true,Unknown,Unknown,Unknown,Unknown,Unknown,100,+9180369369,https://uco.bank.in
P000963,"Canara Bank - Adarshnagar, Gulbarga",Public Sector Bank,Karnataka,Kalaburagi,Kalaburagi,585105,17.3271458,76.8444722,PMEGP; MUDRA,true,Unknown,Unknown,Unknown,Unknown,Unknown,100,+918472273703,https://canarabank.bank.in
P000964,IDBI Bank - Gulbarga,Private Sector Bank,Karnataka,Kalaburagi,Kalaburagi,585104,17.532,76.784,MUDRA,true,Unknown,Unknown,Unknown,Unknown,Unknown,75,+919535422577,https://idbi.bank.in
P000965,Union Bank of India - Gulbarga Shah Bazar,Public Sector Bank,Karnataka,Kalaburagi,Kalaburagi,585103,17.3301556,76.8005833,PMEGP; MUDRA,true,Unknown,Unknown,Unknown,Unknown,Unknown,100,+918472235982,https://unionbankofindia.bank.in
P000966,State Bank of India - Rbo Five Karwar,Public Sector Bank,Karnataka,Karwar,Karwar,581301,14.816357,74.134433,PMEGP; MUDRA,true,Unknown,Unknown,Unknown,Unknown,Unknown,100,+919901255569,https://sbi.bank.in
P000967,Bank of Maharashtra - Murnad Kanthur,Public Sector Bank,Karnataka,Kodagu,Kodagu,571252,12.3289896,75.7671536,PMEGP; MUDRA,true,Unknown,Unknown,Unknown,Unknown,Unknown,100,+918956939451,https://bankofmaharashtra.bank.in
P000968,State Bank of India - Rbo-Two Kodagu,Public Sector Bank,Karnataka,Kodagu,Kodagu,575004,12.886648,74.841299,PMEGP; MUDRA,true,Unknown,Unknown,Unknown,Unknown,Unknown,100,+919739009958,https://sbi.bank.in
P000969,Canara Bank - Kolar,Public Sector Bank,Karnataka,Kolar,Kolar,563101,13.1356389,78.1342222,PMEGP; MUDRA,true,Unknown,Unknown,Unknown,Unknown,Unknown,100,+9181522256512,https://canarabank.bank.in
P000970,ICICI Bank - Bangarpet,Private Sector Bank,Karnataka,Kolar,Kolar,563114,13.0296221,78.1565852,MUDRA,true,Unknown,Unknown,Unknown,Unknown,Unknown,75,+919989582231,https://icici.bank.in
P000971,Indian Bank - Bangarpet,Public Sector Bank,Karnataka,Kolar,Kolar,563114,13.0296221,78.1565852,PMEGP; MUDRA,true,Unknown,Unknown,Unknown,Unknown,Unknown,100,+919449864109,https://indianbank.bank.in
P000972,Karnataka Gramin Bank - Harati,Regional Rural Bank,Karnataka,Kolar,Kolar,563102,,,PMEGP; MUDRA,true,Unknown,Unknown,Unknown,Unknown,Unknown,100,+918152234673,Unknown
P000973,Bank of India - Koppal,Public Sector Bank,Karnataka,Koppal,Koppal,583231,15.3493762,76.1537858,PMEGP; MUDRA,true,Unknown,Unknown,Unknown,Unknown,Unknown,100,+918539220289,https://bankofindia.bank.in
P000974,Canara Bank - Koppal,Public Sector Bank,Karnataka,Koppal,Koppal,583231,15.3493762,76.1537858,PMEGP; MUDRA,true,Unknown,Unknown,Unknown,Unknown,Unknown,100,+9185392207332,https://canarabank.bank.in
P000975,IDBI Bank - Koppal,Private Sector Bank,Karnataka,Koppal,Koppal,583231,15.3493762,76.1537858,MUDRA,true,Unknown,Unknown,Unknown,Unknown,Unknown,75,+919886986553,https://idbi.bank.in
P000976,Karnataka Gramin Bank - Budugumpak,Regional Rural Bank,Karnataka,Koppal,Koppal,583228,15.4015257,76.2896518,PMEGP; MUDRA,true,Unknown,Unknown,Unknown,Unknown,Unknown,100,+918539277772,Unknown
P000977,Bandhan Bank - Mandya,Private Sector Bank,Karnataka,Mandya,Mandya,571401,12.53,76.89,MUDRA,true,Unknown,Unknown,Unknown,Unknown,Unknown,75,+916290919421,https://bandhan.bank.in
P000978,Canara Bank - Mandya,Public Sector Bank,Karnataka,Mandya,Mandya,571401,12.53,76.89,PMEGP; MUDRA,true,Unknown,Unknown,Unknown,Unknown,Unknown,100,+918232220029,https://canarabank.bank.in
P000979,ICICI Bank - Mandya,Private Sector Bank,Karnataka,Mandya,Mandya,571403,12.526281,76.913753,MUDRA,true,Unknown,Unknown,Unknown,Unknown,Unknown,75,+919740644655,https://icici.bank.in
P000980,Karnataka Gramin Bank - Mandya,Regional Rural Bank,Karnataka,Mandya,Mandya,571401,12.53,76.89,PMEGP; MUDRA,true,Unknown,Unknown,Unknown,Unknown,Unknown,100,+918232225773,Unknown
P000981,State Bank of India - Mangaladevi,Public Sector Bank,Karnataka,Mangaluru,Mangaluru,575001,12.8583611,74.8374722,PMEGP; MUDRA,true,Unknown,Unknown,Unknown,Unknown,Unknown,100,+919739372491,https://sbi.bank.in
P000982,UCO Bank - Mangalore,Public Sector Bank,Karnataka,Mangaluru,Mangaluru,575001,12.8583611,74.8374722,PMEGP; MUDRA,true,Unknown,Unknown,Unknown,Unknown,Unknown,100,+91802441351,https://uco.bank.in
P000983,Union Bank of India - Ulp Mangalore,Public Sector Bank,Karnataka,Mangaluru,Mangaluru,575002,12.8690638,74.8596328,PMEGP; MUDRA,true,Unknown,Unknown,Unknown,Unknown,Unknown,100,+919449037100,https://unionbankofindia.bank.in
P000984,Canara Bank - Mysore Ssi,Public Sector Bank,Karnataka,Mysuru,Mysuru,570016,12.3430417,76.6232083,PMEGP; MUDRA,true,Unknown,Unknown,Unknown,Unknown,Unknown,100,+918212528292,https://canarabank.bank.in
P000985,Canara Bank - Msme Sulabh Mysuru-I,Public Sector Bank,Karnataka,Mysuru,Mysuru,570010,12.286543,76.7188048,PMEGP; MUDRA,true,Unknown,Unknown,Unknown,Unknown,Unknown,100,+918212528216,https://canarabank.bank.in
P000986,DCB Bank - Mysore,Private Sector Bank,Karnataka,Mysuru,Mysuru,570004,12.296744,76.644964,MUDRA,true,Unknown,Unknown,Unknown,Unknown,Unknown,75,+919739032891,https://dcb.bank.in
P000987,ICICI Bank - Mysore,Private Sector Bank,Karnataka,Mysuru,Mysuru,570002,12.3272778,76.6283889,MUDRA,true,Unknown,Unknown,Unknown,Unknown,Unknown,75,+918197085656,https://icici.bank.in
P000988,ICICI Bank - Mysore Main,Private Sector Bank,Karnataka,Mysuru,Mysuru,570024,,,MUDRA,true,Unknown,Unknown,Unknown,Unknown,Unknown,75,+919844395938,https://icici.bank.in
P000989,IDBI Bank - Saraswathipuram Mysuru,Private Sector Bank,Karnataka,Mysuru,Mysuru,570009,12.3027222,76.6311389,MUDRA,true,Unknown,Unknown,Unknown,Unknown,Unknown,75,+919585516955,https://idbi.bank.in
P000990,Indian Bank - Microsate Branch Mysuru,Public Sector Bank,Karnataka,Mysuru,Mysuru,570028,12.2993611,76.7011389,PMEGP; MUDRA,true,Unknown,Unknown,Unknown,Unknown,Unknown,100,+918212473348,https://indianbank.bank.in
P000991,Indian Overseas Bank - Mysore Jayalakshmipuram,Public Sector Bank,Karnataka,Mysuru,Mysuru,570012,12.323287,76.619653,PMEGP; MUDRA,true,Unknown,Unknown,Unknown,Unknown,Unknown,100,22950127,https://www.iob.in
P000992,Karnataka Gramin Bank - Sharadadevinagara,Regional Rural Bank,Karnataka,Mysuru,Mysuru,570022,12.3141667,76.6565556,PMEGP; MUDRA,true,Unknown,Unknown,Unknown,Unknown,Unknown,100,+918212469566,Unknown
P000993,State Bank of India - Ssi Mysore,Public Sector Bank,Karnataka,Mysuru,Mysuru,570021,,,PMEGP; MUDRA,true,Unknown,Unknown,Unknown,Unknown,Unknown,100,+918212411136,https://sbi.bank.in
P000994,Union Bank of India - Mysore Main,Public Sector Bank,Karnataka,Mysuru,Mysuru,570001,12.3141667,76.6565556,PMEGP; MUDRA,true,Unknown,Unknown,Unknown,Unknown,Unknown,100,+918212520516,https://unionbankofindia.bank.in
P000995,"State Bank of India - Cac Paramana Layout, Nelamangala",Public Sector Bank,Karnataka,Nelamangala,Nelamangala,562123,13.0957222,77.39325,PMEGP; MUDRA,true,Unknown,Unknown,Unknown,Unknown,Unknown,100,+919606437755,https://sbi.bank.in
P000996,Canara Bank - Raichur,Public Sector Bank,Karnataka,Raichur,Raichur,584102,16.2156667,77.3563056,PMEGP; MUDRA,true,Unknown,Unknown,Unknown,Unknown,Unknown,100,+9185322500112,https://canarabank.bank.in
P000997,ICICI Bank - Raichur,Private Sector Bank,Karnataka,Raichur,Raichur,584101,16.2032778,77.3487778,MUDRA,true,Unknown,Unknown,Unknown,Unknown,Unknown,75,+917349644082,https://icici.bank.in
P000998,IDBI Bank - Raichur,Private Sector Bank,Karnataka,Raichur,Raichur,584101,16.2032778,77.3487778,MUDRA,true,Unknown,Unknown,Unknown,Unknown,Unknown,75,+919945347979,https://idbi.bank.in
P000999,Karnataka Gramin Bank - Chandrabanda,Regional Rural Bank,Karnataka,Raichur,Raichur,584102,16.2156667,77.3563056,PMEGP; MUDRA,true,Unknown,Unknown,Unknown,Unknown,Unknown,100,+918532280193,Unknown
P001000,Canara Bank - Sheshagirihalli,Public Sector Bank,Karnataka,Ramanagara,Ramanagara,562109,12.8294056,77.4067667,PMEGP; MUDRA,true,Unknown,Unknown,Unknown,Unknown,Unknown,100,+919740088529,https://canarabank.bank.in
P001001,State Bank of India - Honganur,Public Sector Bank,Karnataka,Ramanagara,Ramanagara,562138,12.5737778,77.2202167,PMEGP; MUDRA,true,Unknown,Unknown,Unknown,Unknown,Unknown,100,+918027203219,https://sbi.bank.in
P001002,Union Bank of India - Ajjanahalli,Public Sector Bank,Karnataka,Ramanagara,Ramanagara,560201,,,PMEGP; MUDRA,true,Unknown,Unknown,Unknown,Unknown,Unknown,100,+919449698740,https://unionbankofindia.bank.in
P001003,Bank of India - Shimoga,Public Sector Bank,Karnataka,Shivamogga,Shivamogga,577201,13.9587778,75.5866667,PMEGP; MUDRA,true,Unknown,Unknown,Unknown,Unknown,Unknown,100,+918182222182,https://bankofindia.bank.in
P001004,"Canara Bank - Ssi Branch,Shimoga",Public Sector Bank,Karnataka,Shivamogga,Shivamogga,577201,13.9587778,75.5866667,PMEGP; MUDRA,true,Unknown,Unknown,Unknown,Unknown,Unknown,100,+918182222300,https://canarabank.bank.in
P001005,State Bank of India - Shimoga Main,Public Sector Bank,Karnataka,Shivamogga,Shivamogga,577201,13.9587778,75.5866667,PMEGP; MUDRA,true,Unknown,Unknown,Unknown,Unknown,Unknown,100,+918182260100,https://sbi.bank.in
P001006,Canara Bank - Tumkur Main,Public Sector Bank,Karnataka,Tumakuru,Tumakuru,572101,13.3168611,77.1086389,PMEGP; MUDRA,true,Unknown,Unknown,Unknown,Unknown,Unknown,100,+918162252331,https://canarabank.bank.in
P001007,IDBI Bank - Tumkur,Private Sector Bank,Karnataka,Tumakuru,Tumakuru,572102,13.3417778,77.0985278,MUDRA,true,Unknown,Unknown,Unknown,Unknown,Unknown,75,+917045421788,https://idbi.bank.in
P001008,UCO Bank - Tumkur City Municipal Council,Public Sector Bank,Karnataka,Tumakuru,Tumakuru,572101,13.3168611,77.1086389,PMEGP; MUDRA,true,Unknown,Unknown,Unknown,Unknown,Unknown,100,+919449051334,https://uco.bank.in
P001009,"Canara Bank - Town Branch, Udupi",Public Sector Bank,Karnataka,Udupi,Udupi,576101,13.3405,74.7488333,PMEGP; MUDRA,true,Unknown,Unknown,Unknown,Unknown,Unknown,100,+918202520546,https://canarabank.bank.in
P001010,IDBI Bank - Udipi,Private Sector Bank,Karnataka,Udupi,Udupi,576101,13.3405,74.7488333,MUDRA,true,Unknown,Unknown,Unknown,Unknown,Unknown,75,+918202526701,https://idbi.bank.in
P001011,Indian Bank - Udupi,Public Sector Bank,Karnataka,Udupi,Udupi,576101,13.3405,74.7488333,PMEGP; MUDRA,true,Unknown,Unknown,Unknown,Unknown,Unknown,100,+918202526287,https://indianbank.bank.in
P001012,Canara Bank - Yadgir Rah,Public Sector Bank,Karnataka,Yadgir,Yadgir,585202,16.7510833,77.1356667,PMEGP; MUDRA,true,Unknown,Unknown,Unknown,Unknown,Unknown,100,+918473252520,https://canarabank.bank.in
P001013,ICICI Bank - Yadgir,Private Sector Bank,Karnataka,Yadgir,Yadgir,585202,16.7510833,77.1356667,MUDRA,true,Unknown,Unknown,Unknown,Unknown,Unknown,75,+917022151407,https://icici.bank.in
P001014,Indian Bank - Yadgir,Public Sector Bank,Karnataka,Yadgir,Yadgir,585202,16.7510833,77.1356667,PMEGP; MUDRA,true,Unknown,Unknown,Unknown,Unknown,Unknown,100,+918473250469,https://indianbank.bank.in
P001015,Karnataka Gramin Bank - Yelheri,Regional Rural Bank,Karnataka,Yadgir,Yadgir,585321,16.7615556,77.1353056,PMEGP; MUDRA,true,Unknown,Unknown,Unknown,Unknown,Unknown,100,+918194234215,Unknown
P001016,Canara Bank - Msme Sulabh Alapuzha,Public Sector Bank,Kerala,Alappuzha,Alappuzha,688010,,,PMEGP; MUDRA,true,Unknown,Unknown,Unknown,Unknown,Unknown,100,+914772950500,https://canarabank.bank.in
P001017,Indian Bank - Alappuzha,Public Sector Bank,Kerala,Alappuzha,Alappuzha,688011,9.4909444,76.3443889,PMEGP; MUDRA,true,Unknown,Unknown,Unknown,Unknown,Unknown,100,+914772252474,https://indianbank.bank.in
P001018,Kerala Gramin Bank - Alappuzha,Regional Rural Bank,Kerala,Alappuzha,Alappuzha,688001,9.4995,76.3381944,PMEGP; MUDRA,true,Unknown,Unknown,Unknown,Unknown,Unknown,100,+91477237557,Unknown
P001019,"State Bank of India - Rasmeccc, Alappuzha",Public Sector Bank,Kerala,Alappuzha,Alappuzha,688012,,,PMEGP; MUDRA,true,Unknown,Unknown,Unknown,Unknown,Unknown,100,+919947357200,https://sbi.bank.in
P001020,State Bank of India - Racc Aluva,Public Sector Bank,Kerala,Aluva,Aluva,683101,10.110296,76.359474,PMEGP; MUDRA,true,Unknown,Unknown,Unknown,Unknown,Unknown,100,+919562062716,https://sbi.bank.in
P001021,Axis Bank - West Hill,Private Sector Bank,Kerala,Calicut,Calicut,673005,11.2773728,75.7749784,MUDRA,true,Unknown,Unknown,Unknown,Unknown,Unknown,75,+914952386680,https://axis.bank.in
P001022,DCB Bank - Calicut,Private Sector Bank,Kerala,Calicut,Calicut,673001,11.255757,75.778253,MUDRA,true,Unknown,Unknown,Unknown,Unknown,Unknown,75,+919947274777,https://dcb.bank.in
P001023,"State Bank of India - Cac, Calicut",Public Sector Bank,Kerala,Calicut,Calicut,673020,11.284956,75.790712,PMEGP; MUDRA,true,Unknown,Unknown,Unknown,Unknown,Unknown,100,+914952725005,https://sbi.bank.in
P001024,Axis Bank - South Bazar Branch Kannur,Private Sector Bank,Kerala,Cannur,Cannur,670002,11.874535,75.37019,MUDRA,true,Unknown,Unknown,Unknown,Unknown,Unknown,75,+914972760766,https://axis.bank.in
P001025,Canara Bank - Sme Kannur,Public Sector Bank,Kerala,Cannur,Cannur,670006,11.8747537,75.4102702,PMEGP; MUDRA,true,Unknown,Unknown,Unknown,Unknown,Unknown,100,+914972725572,https://canarabank.bank.in
P001026,IDBI Bank - The Kannur Co Operative Urban Bank Ltd,Private Sector Bank,Kerala,Cannur,Cannur,670002,11.874535,75.37019,MUDRA,true,Unknown,Unknown,Unknown,Unknown,Unknown,75,+914972706642,https://idbi.bank.in
P001027,Bandhan Bank - Kollancheri Branch,Private Sector Bank,Kerala,Ernakulam,Ernakulam,682311,9.9830604,76.4800534,MUDRA,true,Unknown,Unknown,Unknown,Unknown,Unknown,75,+918056024102,https://bandhan.bank.in
P001028,Bank of Maharashtra - Corporate Finance Branch Ernakulam,Public Sector Bank,Kerala,Ernakulam,Ernakulam,682025,10.0021667,76.3043889,PMEGP; MUDRA,true,Unknown,Unknown,Unknown,Unknown,Unknown,100,+917907304721,https://bankofmaharashtra.bank.in
P001029,DCB Bank - Kochi,Private Sector Bank,Kerala,Ernakulam,Ernakulam,682031,9.9876389,76.2811111,MUDRA,true,Unknown,Unknown,Unknown,Unknown,Unknown,75,+914846069001,https://dcb.bank.in
P001030,IDBI Bank - Maradu,Private Sector Bank,Kerala,Ernakulam,Ernakulam,682304,9.9378333,76.3233611,MUDRA,true,Unknown,Unknown,Unknown,Unknown,Unknown,75,+914842702429,https://idbi.bank.in
P001031,Indian Bank - Angamaly,Public Sector Bank,Kerala,Ernakulam,Ernakulam,683572,14.5137222,76.3558163,PMEGP; MUDRA,true,Unknown,Unknown,Unknown,Unknown,Unknown,100,+914842456001,https://indianbank.bank.in
P001032,Indian Overseas Bank - Specialised Arm Branch,Public Sector Bank,Kerala,Ernakulam,Ernakulam,682035,9.9823889,76.2693056,PMEGP; MUDRA,true,Unknown,Unknown,Unknown,Unknown,Unknown,100,+914842360944,https://www.iob.in
P001033,Kerala Gramin Bank - Ernakulam Main,Regional Rural Bank,Kerala,Ernakulam,Ernakulam,682011,9.9718611,76.2823056,PMEGP; MUDRA,true,Unknown,Unknown,Unknown,Unknown,Unknown,100,+914842375217,Unknown
P001034,"State Bank of India - Commercial Branch, Ernakulam",Public Sector Bank,Kerala,Ernakulam,Ernakulam,682017,9.9957222,76.2920556,PMEGP; MUDRA,true,Unknown,Unknown,Unknown,Unknown,Unknown,100,+914842340027,https://sbi.bank.in
P001035,State Bank of India - Ssi Ernakulam,Public Sector Bank,Kerala,Ernakulam,Ernakulam,682011,9.9718611,76.2823056,PMEGP; MUDRA,true,Unknown,Unknown,Unknown,Unknown,Unknown,100,+914842355133,https://sbi.bank.in
P001036,UCO Bank - Ernakulam Main,Public Sector Bank,Kerala,Ernakulam,Ernakulam,682031,9.9876389,76.2811111,PMEGP; MUDRA,true,Unknown,Unknown,Unknown,Unknown,Unknown,100,+914842353586,https://uco.bank.in
P001037,Indian Bank - Thodupuzha,Public Sector Bank,Kerala,Idukki,Idukki,685584,9.8969283,76.7107972,PMEGP; MUDRA,true,Unknown,Unknown,Unknown,Unknown,Unknown,100,+914862225020,https://indianbank.bank.in
P001038,Kerala Gramin Bank - Thodupuzha,Regional Rural Bank,Kerala,Idukki,Idukki,685584,9.8969283,76.7107972,PMEGP; MUDRA,true,Unknown,Unknown,Unknown,Unknown,Unknown,100,+914862224050,Unknown
P001039,State Bank of India - Racc Thodupuzha,Public Sector Bank,Kerala,Idukki,Idukki,685584,9.8969283,76.7107972,PMEGP; MUDRA,true,Unknown,Unknown,Unknown,Unknown,Unknown,100,+919656672222,https://sbi.bank.in
P001040,Union Bank of India - Santhanpara,Public Sector Bank,Kerala,Idukki,Idukki,685619,9.975908,77.174222,PMEGP; MUDRA,true,Unknown,Unknown,Unknown,Unknown,Unknown,100,+919783801625,https://unionbankofindia.bank.in
P001041,Bandhan Bank - Kannur,Private Sector Bank,Kerala,Kannur,Kannur,670001,11.874535,75.37019,MUDRA,true,Unknown,Unknown,Unknown,Unknown,Unknown,75,+919874418671,https://bandhan.bank.in
P001042,Canara Bank - Ro Kannur South,Public Sector Bank,Kerala,Kannur,Kannur,670001,11.874535,75.37019,PMEGP; MUDRA,true,Unknown,Unknown,Unknown,Unknown,Unknown,100,+914972705019,https://canarabank.bank.in
P001043,Indian Bank - South Bazar Kannur,Public Sector Bank,Kerala,Kannur,Kannur,670002,11.874535,75.37019,PMEGP; MUDRA,true,Unknown,Unknown,Unknown,Unknown,Unknown,100,+919447967215,https://indianbank.bank.in
P001044,Kerala Gramin Bank - Kannur Main,Regional Rural Bank,Kerala,Kannur,Kannur,670001,11.874535,75.37019,PMEGP; MUDRA,true,Unknown,Unknown,Unknown,Unknown,Unknown,100,+914972712377,Unknown
P001045,Canara Bank - Sme Kasargod,Public Sector Bank,Kerala,Kasaragod,Kasaragod,671123,12.535901,75.0297829,PMEGP; MUDRA,true,Unknown,Unknown,Unknown,Unknown,Unknown,100,+914994256670,https://canarabank.bank.in
P001046,ICICI Bank - Kasaragod,Private Sector Bank,Kerala,Kasaragod,Kasaragod,671121,12.510552,74.985688,MUDRA,true,Unknown,Unknown,Unknown,Unknown,Unknown,75,+919745001281,https://icici.bank.in
P001047,IDBI Bank - Kasaragod,Private Sector Bank,Kerala,Kasaragod,Kasaragod,671121,12.510552,74.985688,MUDRA,true,Unknown,Unknown,Unknown,Unknown,Unknown,75,+919901846533,https://idbi.bank.in
P001048,Kerala Gramin Bank - Periya Bazar,Regional Rural Bank,Kerala,Kasaragod,Kasaragod,671316,12.3847953,75.0571985,PMEGP; MUDRA,true,Unknown,Unknown,Unknown,Unknown,Unknown,100,+914672234050,Unknown
P001049,"Bank of Baroda - Vyttila , Ernakulam",Public Sector Bank,Kerala,Kochi,Kochi,682019,9.9666111,76.3179444,PMEGP; MUDRA,true,Unknown,Unknown,Unknown,Unknown,Unknown,90,Unknown,https://bankofbaroda.bank.in
P001050,Union Bank of India - Palarivattom,Public Sector Bank,Kerala,Kochi,Kochi,682025,10.0021667,76.3043889,PMEGP; MUDRA,true,Unknown,Unknown,Unknown,Unknown,Unknown,90,Unknown,https://unionbankofindia.bank.in
P001051,Bandhan Bank - Kollam,Private Sector Bank,Kerala,Kollam,Kollam,691008,8.89,76.6,MUDRA,true,Unknown,Unknown,Unknown,Unknown,Unknown,75,+917594818011,https://bandhan.bank.in
P001052,Bank of India - Punalur,Public Sector Bank,Kerala,Kollam,Kollam,689533,9.3178593,76.6809363,PMEGP; MUDRA,true,Unknown,Unknown,Unknown,Unknown,Unknown,100,+914752229751,https://bankofindia.bank.in
P001053,"Canara Bank - Convent Road Main,Kollam",Public Sector Bank,Kerala,Kollam,Kollam,691001,8.89,76.59,PMEGP; MUDRA,true,Unknown,Unknown,Unknown,Unknown,Unknown,100,+914742749912,https://canarabank.bank.in
P001054,"Canara Bank - Anandavalleswaram,Kollam",Public Sector Bank,Kerala,Kollam,Kollam,691013,8.89,76.58,PMEGP; MUDRA,true,Unknown,Unknown,Unknown,Unknown,Unknown,100,+914742791826,https://canarabank.bank.in
P001055,ICICI Bank - Chinnakkada,Private Sector Bank,Kerala,Kollam,Kollam,691001,8.89,76.59,MUDRA,true,Unknown,Unknown,Unknown,Unknown,Unknown,75,+918943334699,https://icici.bank.in
P001056,IDBI Bank - Kollam,Private Sector Bank,Kerala,Kollam,Kollam,691012,8.9,76.57,MUDRA,true,Unknown,Unknown,Unknown,Unknown,Unknown,75,+918606087077,https://idbi.bank.in
P001057,IDBI Bank - Main,Private Sector Bank,Kerala,Kollam,Kollam,691013,8.89,76.58,MUDRA,true,Unknown,Unknown,Unknown,Unknown,Unknown,75,+914742751147,https://idbi.bank.in
P001058,Indian Bank - Ayur,Public Sector Bank,Kerala,Kollam,Kollam,691533,9.084,76.744,PMEGP; MUDRA,true,Unknown,Unknown,Unknown,Unknown,Unknown,100,+914752292119,https://indianbank.bank.in
P001059,Kerala Gramin Bank - Kollam,Regional Rural Bank,Kerala,Kollam,Kollam,691008,8.89,76.6,PMEGP; MUDRA,true,Unknown,Unknown,Unknown,Unknown,Unknown,100,+914742764212,Unknown
P001060,"State Bank of India - Commercial Branch, Kollam",Public Sector Bank,Kerala,Kollam,Kollam,691001,8.89,76.59,PMEGP; MUDRA,true,Unknown,Unknown,Unknown,Unknown,Unknown,100,+914742764782,https://sbi.bank.in
P001061,State Bank of India - Rbo Sme Kollam,Public Sector Bank,Kerala,Kollam,Kollam,691001,8.89,76.59,PMEGP; MUDRA,true,Unknown,Unknown,Unknown,Unknown,Unknown,100,+919745720300,https://sbi.bank.in
P001062,Bandhan Bank - Kottayam,Private Sector Bank,Kerala,Kottayam,Kottayam,686001,9.591238,76.521798,MUDRA,true,Unknown,Unknown,Unknown,Unknown,Unknown,75,+917594817901,https://bandhan.bank.in
P001063,"Canara Bank - K K Road Main,Kottayam",Public Sector Bank,Kerala,Kottayam,Kottayam,686001,9.591238,76.521798,PMEGP; MUDRA,true,Unknown,Unknown,Unknown,Unknown,Unknown,100,+914812563645,https://canarabank.bank.in
P001064,Canara Bank - Palai Arunapuram,Public Sector Bank,Kerala,Kottayam,Kottayam,686574,14.4151873,76.6982865,PMEGP; MUDRA,true,Unknown,Unknown,Unknown,Unknown,Unknown,100,+914822212615,https://canarabank.bank.in
P001065,DCB Bank - Kottayam,Private Sector Bank,Kerala,Kottayam,Kottayam,686004,11.088712,76.5270623,MUDRA,true,Unknown,Unknown,Unknown,Unknown,Unknown,75,+918848661006,https://dcb.bank.in
P001066,ICICI Bank - Kottayam,Private Sector Bank,Kerala,Kottayam,Kottayam,686001,9.591238,76.521798,MUDRA,true,Unknown,Unknown,Unknown,Unknown,Unknown,75,+914844022467,https://icici.bank.in
P001067,"IDBI Bank - Sh Mount,Kottayam",Private Sector Bank,Kerala,Kottayam,Kottayam,686006,9.605192,76.52954,MUDRA,true,Unknown,Unknown,Unknown,Unknown,Unknown,75,+919597221355,https://idbi.bank.in
P001068,Indian Bank - Changanassery,Public Sector Bank,Kerala,Kottayam,Kottayam,686101,9.4471157,76.53905,PMEGP; MUDRA,true,Unknown,Unknown,Unknown,Unknown,Unknown,100,+914812410579,https://indianbank.bank.in
P001069,Indian Overseas Bank - Kottayam,Public Sector Bank,Kerala,Kottayam,Kottayam,686001,9.591238,76.521798,PMEGP; MUDRA,true,Unknown,Unknown,Unknown,Unknown,Unknown,100,+914812562004,https://www.iob.in
P001070,Kerala Gramin Bank - Palai,Regional Rural Bank,Kerala,Kottayam,Kottayam,686575,9.711655,76.6827093,PMEGP; MUDRA,true,Unknown,Unknown,Unknown,Unknown,Unknown,100,+914822200833,Unknown
P001071,State Bank of India - Rasmeccc Kottayam,Public Sector Bank,Kerala,Kottayam,Kottayam,686001,9.591238,76.521798,PMEGP; MUDRA,true,Unknown,Unknown,Unknown,Unknown,Unknown,100,+914812303510,https://sbi.bank.in
P001072,State Bank of India - Sme Rbo Kottayam,Public Sector Bank,Kerala,Kottayam,Kottayam,686002,9.5930969,76.5353107,PMEGP; MUDRA,true,Unknown,Unknown,Unknown,Unknown,Unknown,100,+919447177704,https://sbi.bank.in
P001073,Bandhan Bank - Kozhikode,Private Sector Bank,Kerala,Kozhikode,Kozhikode,673016,11.2516133,75.8257862,MUDRA,true,Unknown,Unknown,Unknown,Unknown,Unknown,75,+917594816221,https://bandhan.bank.in
P001074,Bank of Maharashtra - Thamarassery,Public Sector Bank,Kerala,Kozhikode,Kozhikode,673573,11.478,75.928,PMEGP; MUDRA,true,Unknown,Unknown,Unknown,Unknown,Unknown,100,+917907304723,https://bankofmaharashtra.bank.in
P001075,Canara Bank - Spld Mid Corporate Br Kozhikode,Public Sector Bank,Kerala,Kozhikode,Kozhikode,673001,11.2481463,75.7784313,PMEGP; MUDRA,true,Unknown,Unknown,Unknown,Unknown,Unknown,100,+914952722278,https://canarabank.bank.in
P001076,"ICICI Bank - Kozhikodemavoor Road, Kerala",Private Sector Bank,Kerala,Kozhikode,Kozhikode,673017,11.2632573,75.8284023,MUDRA,true,Unknown,Unknown,Unknown,Unknown,Unknown,75,+919946955521,https://icici.bank.in
P001077,IDBI Bank - Idbi Bank Ltd Thamarasserry,Private Sector Bank,Kerala,Kozhikode,Kozhikode,673573,11.478,75.928,MUDRA,true,Unknown,Unknown,Unknown,Unknown,Unknown,75,+918189983366,https://idbi.bank.in
P001078,Indian Bank - Kallai Road,Public Sector Bank,Kerala,Kozhikode,Kozhikode,673007,11.2388183,75.827676,PMEGP; MUDRA,true,Unknown,Unknown,Unknown,Unknown,Unknown,100,+914952331331,https://indianbank.bank.in
P001079,Indian Overseas Bank - West Hill,Public Sector Bank,Kerala,Kozhikode,Kozhikode,673006,11.2787457,75.7811009,PMEGP; MUDRA,true,Unknown,Unknown,Unknown,Unknown,Unknown,100,+9144495236732,https://www.iob.in
P001080,Kerala Gramin Bank - Calicut City,Regional Rural Bank,Kerala,Kozhikode,Kozhikode,673001,11.2481463,75.7784313,PMEGP; MUDRA,true,Unknown,Unknown,Unknown,Unknown,Unknown,100,+914952361474,Unknown
P001081,Kerala Gramin Bank - Nandi Bazar,Regional Rural Bank,Kerala,Kozhikode,Kozhikode,673531,,,PMEGP; MUDRA,true,Unknown,Unknown,Unknown,Unknown,Unknown,100,+914962691241,Unknown
P001082,Punjab & Sind Bank - Kozhikode,Public Sector Bank,Kerala,Kozhikode,Kozhikode,673005,11.2773728,75.7749784,PMEGP; MUDRA,true,Unknown,Unknown,Unknown,Unknown,Unknown,100,+919500162755,https://punjabandsind.bank.in
P001083,Canara Bank - Malapuram,Public Sector Bank,Kerala,Malappuram,Malappuram,676505,11.050976,76.071097,PMEGP; MUDRA,true,Unknown,Unknown,Unknown,Unknown,Unknown,100,+914832101363,https://canarabank.bank.in
P001084,Canara Bank - Tirurangadi,Public Sector Bank,Kerala,Malappuram,Malappuram,676306,11.0440464,75.917065,PMEGP; MUDRA,true,Unknown,Unknown,Unknown,Unknown,Unknown,100,+914942460796,https://canarabank.bank.in
P001085,"ICICI Bank - Malappuram, Kerala",Private Sector Bank,Kerala,Malappuram,Malappuram,676519,11.05283,76.0608383,MUDRA,true,Unknown,Unknown,Unknown,Unknown,Unknown,75,+919895978987,https://icici.bank.in
P001086,ICICI Bank - Changaramkulam,Private Sector Bank,Kerala,Malappuram,Malappuram,679575,10.5681926,76.1289258,MUDRA,true,Unknown,Unknown,Unknown,Unknown,Unknown,75,+917736197773,https://icici.bank.in
P001087,IDBI Bank - Tucbl Karinkallathani,Private Sector Bank,Kerala,Malappuram,Malappuram,679322,10.9670202,76.2402312,MUDRA,true,Unknown,Unknown,Unknown,Unknown,Unknown,75,+914933251231,https://idbi.bank.in
P001088,IDBI Bank - Tucbl Malappuram Main,Private Sector Bank,Kerala,Malappuram,Malappuram,676505,11.050976,76.071097,MUDRA,true,Unknown,Unknown,Unknown,Unknown,Unknown,75,+914832737138,https://idbi.bank.in
P001089,Indian Bank - Manjeri,Public Sector Bank,Kerala,Malappuram,Malappuram,676121,11.1207284,76.1158812,PMEGP; MUDRA,true,Unknown,Unknown,Unknown,Unknown,Unknown,100,+914832767576,https://indianbank.bank.in
P001090,Indian Overseas Bank - Edapal,Public Sector Bank,Kerala,Malappuram,Malappuram,679576,10.791944,75.9886815,PMEGP; MUDRA,true,Unknown,Unknown,Unknown,Unknown,Unknown,100,+911633269009,https://www.iob.in
P001091,Kerala Gramin Bank - Nettikulam Bazar,Regional Rural Bank,Kerala,Malappuram,Malappuram,679354,,,PMEGP; MUDRA,true,Unknown,Unknown,Unknown,Unknown,Unknown,100,+914931243424,Unknown
P001092,Kerala Gramin Bank - Pallikkal Bazar,Regional Rural Bank,Kerala,Malappuram,Malappuram,673653,,,PMEGP; MUDRA,true,Unknown,Unknown,Unknown,Unknown,Unknown,100,+914832790479,Unknown
P001093,Bandhan Bank - Palakkad,Private Sector Bank,Kerala,Palakkad,Palakkad,678013,10.799571,76.642318,MUDRA,true,Unknown,Unknown,Unknown,Unknown,Unknown,75,+919748620721,https://bandhan.bank.in
P001094,Canara Bank - Msme Sulabh Palakkad,Public Sector Bank,Kerala,Palakkad,Palakkad,678001,10.799571,76.642318,PMEGP; MUDRA,true,Unknown,Unknown,Unknown,Unknown,Unknown,100,+914912547460,https://canarabank.bank.in
P001095,Kerala Gramin Bank - Palakkad Main,Regional Rural Bank,Kerala,Palakkad,Palakkad,678014,10.799571,76.642318,PMEGP; MUDRA,true,Unknown,Unknown,Unknown,Unknown,Unknown,100,+914912535811,Unknown
P001096,State Bank of India - Rasmeccc Shoranur,Public Sector Bank,Kerala,Palakkad,Palakkad,679101,10.7708266,76.3793866,PMEGP; MUDRA,true,Unknown,Unknown,Unknown,Unknown,Unknown,100,+919447485485,https://sbi.bank.in
P001097,Bank of India - Pathanamthitta,Public Sector Bank,Kerala,Pathanamthitta,Pathanamthitta,689645,9.2642778,76.78725,PMEGP; MUDRA,true,Unknown,Unknown,Unknown,Unknown,Unknown,100,+914682321346,https://bankofindia.bank.in
P001098,Canara Bank - Pathanamthitta,Public Sector Bank,Kerala,Pathanamthitta,Pathanamthitta,689645,9.2642778,76.78725,PMEGP; MUDRA,true,Unknown,Unknown,Unknown,Unknown,Unknown,100,+914682320332,https://canarabank.bank.in
P001099,Kerala Gramin Bank - Thiruvalla,Regional Rural Bank,Kerala,Pathanamthitta,Pathanamthitta,689107,9.495103,76.7287465,PMEGP; MUDRA,true,Unknown,Unknown,Unknown,Unknown,Unknown,100,+914692602485,Unknown
P001100,"State Bank of India - Rasmeccc, Pathanamthitta",Public Sector Bank,Kerala,Pathanamthitta,Pathanamthitta,689645,9.2642778,76.78725,PMEGP; MUDRA,true,Unknown,Unknown,Unknown,Unknown,Unknown,100,+918330010224,https://sbi.bank.in
P001101,State Bank of India - Racc Thiruvalla,Public Sector Bank,Kerala,Thiruvalla,Thiruvalla,689101,9.3344722,76.5694861,PMEGP; MUDRA,true,Unknown,Unknown,Unknown,Unknown,Unknown,100,+919495022643,https://sbi.bank.in
P001102,Bandhan Bank - Thiruvananthapuram,Private Sector Bank,Kerala,Thiruvananthapuram,Thiruvananthapuram,695009,8.4723232,76.954865,MUDRA,true,Unknown,Unknown,Unknown,Unknown,Unknown,75,+917594816211,https://bandhan.bank.in
P001103,Bank of India - Udiyankulangara,Public Sector Bank,Kerala,Thiruvananthapuram,Thiruvananthapuram,695122,22.4098924,77.0954049,PMEGP; MUDRA,true,Unknown,Unknown,Unknown,Unknown,Unknown,100,+919865625078,https://bankofindia.bank.in
P001104,"Canara Bank - Chalai, Thiruvananthapuram",Public Sector Bank,Kerala,Thiruvananthapuram,Thiruvananthapuram,695036,8.482872,76.948762,PMEGP; MUDRA,true,Unknown,Unknown,Unknown,Unknown,Unknown,100,+914712462261,https://canarabank.bank.in
P001105,Canara Bank - Specializes Govt Business Branch,Public Sector Bank,Kerala,Thiruvananthapuram,Thiruvananthapuram,695001,8.495269,76.947695,PMEGP; MUDRA,true,Unknown,Unknown,Unknown,Unknown,Unknown,100,+914712333996,https://canarabank.bank.in
P001106,DCB Bank - Thiruvananthapuram,Private Sector Bank,Kerala,Thiruvananthapuram,Thiruvananthapuram,695010,8.5120278,76.9707222,MUDRA,true,Unknown,Unknown,Unknown,Unknown,Unknown,75,+918248877646,https://dcb.bank.in
P001107,HDFC Bank - Venpalavattom,Private Sector Bank,Kerala,Thiruvananthapuram,Thiruvananthapuram,695029,8.5,76.92,MUDRA,true,Unknown,Unknown,Unknown,Unknown,Unknown,75,+914712676161,https://hdfc.bank.in
P001108,Kerala Gramin Bank - Manacaud,Regional Rural Bank,Kerala,Thiruvananthapuram,Thiruvananthapuram,695009,8.4723232,76.954865,PMEGP; MUDRA,true,Unknown,Unknown,Unknown,Unknown,Unknown,100,+914712465699,Unknown
P001109,Kotak Mahindra Bank - Nedumangad Co Op Urban Bank Ltd Main Branch,Private Sector Bank,Kerala,Thiruvananthapuram,Thiruvananthapuram,695541,8.6309278,77.0326056,MUDRA,true,Unknown,Unknown,Unknown,Unknown,Unknown,75,+914712802447,https://kotak.bank.in
P001110,State Bank of India - Rasmeccc Kazhakoottam,Public Sector Bank,Kerala,Thiruvananthapuram,Thiruvananthapuram,695582,8.5615833,76.8714722,PMEGP; MUDRA,true,Unknown,Unknown,Unknown,Unknown,Unknown,100,+919495555400,https://sbi.bank.in
P001111,"State Bank of India - Rasmecc,Trivandrum",Public Sector Bank,Kerala,Thiruvananthapuram,Thiruvananthapuram,695033,8.507839,76.955446,PMEGP; MUDRA,true,Unknown,Unknown,Unknown,Unknown,Unknown,100,+914712192228,https://sbi.bank.in
P001112,UCO Bank - Trivandrum Main Branch,Public Sector Bank,Kerala,Thiruvananthapuram,Thiruvananthapuram,695001,8.495269,76.947695,PMEGP; MUDRA,true,Unknown,Unknown,Unknown,Unknown,Unknown,100,+914712330610,https://uco.bank.in
P001113,Bandhan Bank - Thrissur,Private Sector Bank,Kerala,Thrissur,Thrissur,680022,10.5356,76.211339,MUDRA,true,Unknown,Unknown,Unknown,Unknown,Unknown,75,+917594817521,https://bandhan.bank.in
P001114,Canara Bank - Konathu Kunnu,Public Sector Bank,Kerala,Thrissur,Thrissur,680123,10.2730926,76.2073981,PMEGP; MUDRA,true,Unknown,Unknown,Unknown,Unknown,Unknown,100,+914802860284,https://canarabank.bank.in
P001115,Canara Bank - Padoor,Public Sector Bank,Kerala,Thrissur,Thrissur,680524,10.5255944,76.0703988,PMEGP; MUDRA,true,Unknown,Unknown,Unknown,Unknown,Unknown,100,+914872260357,https://canarabank.bank.in
P001116,DCB Bank - Thrissur,Private Sector Bank,Kerala,Thrissur,Thrissur,680004,10.520833,76.20151,MUDRA,true,Unknown,Unknown,Unknown,Unknown,Unknown,75,+919745013001,https://dcb.bank.in
P001117,HDFC Bank - Po Road Branch Thrissur,Private Sector Bank,Kerala,Thrissur,Thrissur,680001,10.512442,76.2163,MUDRA,true,Unknown,Unknown,Unknown,Unknown,Unknown,75,+914872676161,https://hdfc.bank.in
P001118,"ICICI Bank - Thrissurii, Kerala",Private Sector Bank,Kerala,Thrissur,Thrissur,680004,10.520833,76.20151,MUDRA,true,Unknown,Unknown,Unknown,Unknown,Unknown,75,+917021300917,https://icici.bank.in
P001119,IDBI Bank - Thrissur,Private Sector Bank,Kerala,Thrissur,Thrissur,680005,10.521225,76.227285,MUDRA,true,Unknown,Unknown,Unknown,Unknown,Unknown,75,+919446576490,https://idbi.bank.in
P001120,Indian Bank - Thrissur,Public Sector Bank,Kerala,Thrissur,Thrissur,680001,10.512442,76.2163,PMEGP; MUDRA,true,Unknown,Unknown,Unknown,Unknown,Unknown,100,+914872331244,https://indianbank.bank.in
P001121,Kerala Gramin Bank - Thrissur,Regional Rural Bank,Kerala,Thrissur,Thrissur,680001,10.512442,76.2163,PMEGP; MUDRA,true,Unknown,Unknown,Unknown,Unknown,Unknown,100,+914872334053,Unknown
P001122,State Bank of India - Rasmeccc Guruvayoor,Public Sector Bank,Kerala,Thrissur,Thrissur,680005,10.521225,76.227285,PMEGP; MUDRA,true,Unknown,Unknown,Unknown,Unknown,Unknown,100,+919619527706,https://sbi.bank.in
P001123,State Bank of India - Sme Rbo Thrissur,Public Sector Bank,Kerala,Thrissur,Thrissur,680022,10.5356,76.211339,PMEGP; MUDRA,true,Unknown,Unknown,Unknown,Unknown,Unknown,100,+918281692846,https://sbi.bank.in
P001124,Bandhan Bank - Sulthan Bathery Branch,Private Sector Bank,Kerala,Wayanad,Wayanad,673592,11.7051698,76.2511486,MUDRA,true,Unknown,Unknown,Unknown,Unknown,Unknown,75,+919230522301,https://bandhan.bank.in
P001125,Indian Bank - Panamaram,Public Sector Bank,Kerala,Wayanad,Wayanad,670721,11.752,76.086,PMEGP; MUDRA,true,Unknown,Unknown,Unknown,Unknown,Unknown,100,+917007307433,https://indianbank.bank.in
P001126,Kerala Gramin Bank - Ambalavayal,Regional Rural Bank,Kerala,Wayanad,Wayanad,673593,11.6136837,76.2144294,PMEGP; MUDRA,true,Unknown,Unknown,Unknown,Unknown,Unknown,100,+914936260479,Unknown
P001127,Canara Bank - Currency Chest Kalpeni,Public Sector Bank,Lakshadweep,Kalpeni,Kalpeni,682557,10.067286,73.64425,PMEGP; MUDRA,true,Unknown,Unknown,Unknown,Unknown,Unknown,100,+914895252278,https://canarabank.bank.in
P001128,Canara Bank - Currency Chest Kavaratti,Public Sector Bank,Lakshadweep,Kavaratti,Kavaratti,682555,,,PMEGP; MUDRA,true,Unknown,Unknown,Unknown,Unknown,Unknown,100,+914896262362,https://canarabank.bank.in
P001129,Bank of Maharashtra - Agar Malwa,Public Sector Bank,Madhya Pradesh,Agar Malwa,Agar Malwa,465441,23.7132222,76.0112778,PMEGP; MUDRA,true,Unknown,Unknown,Unknown,Unknown,Unknown,100,+918516937249,https://bankofmaharashtra.bank.in
P001130,Bank of Maharashtra - Alirajpur,Public Sector Bank,Madhya Pradesh,Alirajpur,Alirajpur,457887,22.3063333,74.3555278,PMEGP; MUDRA,true,Unknown,Unknown,Unknown,Unknown,Unknown,100,+918516937250,https://bankofmaharashtra.bank.in
P001131,Union Bank of India - Alirajpur,Public Sector Bank,Madhya Pradesh,Alirajpur,Alirajpur,457887,22.3063333,74.3555278,PMEGP; MUDRA,true,Unknown,Unknown,Unknown,Unknown,Unknown,100,+919329762053,https://unionbankofindia.bank.in
P001132,Bank of India - Mpgb Sakola,Public Sector Bank,Madhya Pradesh,Anuppur,Anuppur,484334,23.772,81.784,PMEGP; MUDRA,true,Unknown,Unknown,Unknown,Unknown,Unknown,100,+918226010209,https://bankofindia.bank.in
P001133,Indian Bank - Anuppur,Public Sector Bank,Madhya Pradesh,Anuppur,Anuppur,484224,23.7108889,81.6975556,PMEGP; MUDRA,true,Unknown,Unknown,Unknown,Unknown,Unknown,100,+917609918907,https://indianbank.bank.in
P001134,State Bank of India - Collectorate Area Anuppur,Public Sector Bank,Madhya Pradesh,Anuppur,Anuppur,484224,23.7108889,81.6975556,PMEGP; MUDRA,true,Unknown,Unknown,Unknown,Unknown,Unknown,100,+919425343863,https://sbi.bank.in
P001135,Bandhan Bank - Ashok Nagar Branch,Private Sector Bank,Madhya Pradesh,Ashoknagar,Ashoknagar,473331,24.518083,77.714846,MUDRA,true,Unknown,Unknown,Unknown,Unknown,Unknown,75,+919903025791,https://bandhan.bank.in
P001136,Bank of India - Mpgb Ashoknagar,Public Sector Bank,Madhya Pradesh,Ashoknagar,Ashoknagar,473331,24.518083,77.714846,PMEGP; MUDRA,true,Unknown,Unknown,Unknown,Unknown,Unknown,100,+919977265458,https://bankofindia.bank.in
P001137,Bank of Maharashtra - Ashoknagar,Public Sector Bank,Madhya Pradesh,Ashoknagar,Ashoknagar,473331,24.518083,77.714846,PMEGP; MUDRA,true,Unknown,Unknown,Unknown,Unknown,Unknown,100,+919755181849,https://bankofmaharashtra.bank.in
P001138,Bank of India - Mpgb Balaghat,Public Sector Bank,Madhya Pradesh,Balaghat,Balaghat,481001,21.812876,80.18383,PMEGP; MUDRA,true,Unknown,Unknown,Unknown,Unknown,Unknown,100,+918226010152,https://bankofindia.bank.in
P001139,ICICI Bank - Balaghat,Private Sector Bank,Madhya Pradesh,Balaghat,Balaghat,481001,21.812876,80.18383,MUDRA,true,Unknown,Unknown,Unknown,Unknown,Unknown,75,+917389916242,https://icici.bank.in
P001140,IDBI Bank - Balaghat,Private Sector Bank,Madhya Pradesh,Balaghat,Balaghat,481001,21.812876,80.18383,MUDRA,true,Unknown,Unknown,Unknown,Unknown,Unknown,75,+917879454932,https://idbi.bank.in
P001141,Canara Bank - Barwani,Public Sector Bank,Madhya Pradesh,Barwani,Barwani,451551,22.0399167,74.9008889,PMEGP; MUDRA,true,Unknown,Unknown,Unknown,Unknown,Unknown,100,+917290222225,https://canarabank.bank.in
P001142,ICICI Bank - Barwani,Private Sector Bank,Madhya Pradesh,Barwani,Barwani,451551,22.0399167,74.9008889,MUDRA,true,Unknown,Unknown,Unknown,Unknown,Unknown,75,+917471112603,https://icici.bank.in
P001143,Indian Bank - Barwani,Public Sector Bank,Madhya Pradesh,Barwani,Barwani,451551,22.0399167,74.9008889,PMEGP; MUDRA,true,Unknown,Unknown,Unknown,Unknown,Unknown,100,+917290222122,https://indianbank.bank.in
P001144,Bandhan Bank - Betul,Private Sector Bank,Madhya Pradesh,Betul,Betul,460001,21.9040556,77.8996667,MUDRA,true,Unknown,Unknown,Unknown,Unknown,Unknown,75,+917898913611,https://bandhan.bank.in
P001145,Bank of India - Mpgb Betul Bazar,Public Sector Bank,Madhya Pradesh,Betul,Betul,460001,21.9040556,77.8996667,PMEGP; MUDRA,true,Unknown,Unknown,Unknown,Unknown,Unknown,100,+917354327987,https://bankofindia.bank.in
P001146,"Canara Bank - Betul, Dist Hq",Public Sector Bank,Madhya Pradesh,Betul,Betul,460001,21.9040556,77.8996667,PMEGP; MUDRA,true,Unknown,Unknown,Unknown,Unknown,Unknown,100,+9171412316202,https://canarabank.bank.in
P001147,Bank of India - Mpgb Bhind Main,Public Sector Bank,Madhya Pradesh,Bhind,Bhind,477001,26.555525,78.779623,PMEGP; MUDRA,true,Unknown,Unknown,Unknown,Unknown,Unknown,100,+918226010260,https://bankofindia.bank.in
P001148,"ICICI Bank - Bhind, Madhya Pradesh",Private Sector Bank,Madhya Pradesh,Bhind,Bhind,477001,26.555525,78.779623,MUDRA,true,Unknown,Unknown,Unknown,Unknown,Unknown,75,+917304900774,https://icici.bank.in
P001149,IDBI Bank - Bhind,Private Sector Bank,Madhya Pradesh,Bhind,Bhind,477001,26.555525,78.779623,MUDRA,true,Unknown,Unknown,Unknown,Unknown,Unknown,75,+918959098544,https://idbi.bank.in
P001150,Bandhan Bank - Bhopal,Private Sector Bank,Madhya Pradesh,Bhopal,Bhopal,462023,23.2454722,77.4456667,MUDRA,true,Unknown,Unknown,Unknown,Unknown,Unknown,75,+917389913621,https://bandhan.bank.in
P001151,Bank of India - Bhopal Service Branch,Public Sector Bank,Madhya Pradesh,Bhopal,Bhopal,462011,23.23225,77.4288889,PMEGP; MUDRA,true,Unknown,Unknown,Unknown,Unknown,Unknown,100,+917552573918,https://bankofindia.bank.in
P001152,Bank of Maharashtra - Govt. Business Branch Bhopal,Public Sector Bank,Madhya Pradesh,Bhopal,Bhopal,462011,23.23225,77.4288889,PMEGP; MUDRA,true,Unknown,Unknown,Unknown,Unknown,Unknown,100,+919109367940,https://bankofmaharashtra.bank.in
P001153,Canara Bank - Sme Bhopal,Public Sector Bank,Madhya Pradesh,Bhopal,Bhopal,462046,23.1802793,77.6327968,PMEGP; MUDRA,true,Unknown,Unknown,Unknown,Unknown,Unknown,100,+917552580077,https://canarabank.bank.in
P001154,Canara Bank - Specialised Large Corporate Branch Bhopal,Public Sector Bank,Madhya Pradesh,Bhopal,Bhopal,462042,23.1505,77.421675,PMEGP; MUDRA,true,Unknown,Unknown,Unknown,Unknown,Unknown,100,+917552464003,https://canarabank.bank.in
P001155,HDFC Bank - Mp Nagar Zone I,Private Sector Bank,Madhya Pradesh,Bhopal,Bhopal,462011,23.23225,77.4288889,MUDRA,true,Unknown,Unknown,Unknown,Unknown,Unknown,75,+917489860375,https://hdfc.bank.in
P001156,ICICI Bank - Bhopalnew Market,Private Sector Bank,Madhya Pradesh,Bhopal,Bhopal,462003,23.23342,77.42,MUDRA,true,Unknown,Unknown,Unknown,Unknown,Unknown,75,+919329126875,https://icici.bank.in
P001157,IDBI Bank - Malviya Nagar,Private Sector Bank,Madhya Pradesh,Bhopal,Bhopal,462003,23.23,77.38,MUDRA,true,Unknown,Unknown,Unknown,Unknown,Unknown,75,+919967640696,https://idbi.bank.in
P001158,UCO Bank - Bhopal Main Branch,Public Sector Bank,Madhya Pradesh,Bhopal,Bhopal,462001,23.2604722,77.3940556,PMEGP; MUDRA,true,Unknown,Unknown,Unknown,Unknown,Unknown,100,+917552543539,https://uco.bank.in
P001159,Union Bank of India - Mid Corporate Branch,Public Sector Bank,Madhya Pradesh,Bhopal,Bhopal,462011,23.23225,77.4288889,PMEGP; MUDRA,true,Unknown,Unknown,Unknown,Unknown,Unknown,100,+91256854658798,https://unionbankofindia.bank.in
P001160,Bandhan Bank - Burhanpur,Private Sector Bank,Madhya Pradesh,Burhanpur,Burhanpur,450331,21.3101944,76.2293056,MUDRA,true,Unknown,Unknown,Unknown,Unknown,Unknown,75,+918100722041,https://bandhan.bank.in
P001161,Bank of India - Pipalgaon Raiyat,Public Sector Bank,Madhya Pradesh,Burhanpur,Burhanpur,450331,21.3101944,76.2293056,PMEGP; MUDRA,true,Unknown,Unknown,Unknown,Unknown,Unknown,100,+919638576649,https://bankofindia.bank.in
P001162,ICICI Bank - Burhanpur,Private Sector Bank,Madhya Pradesh,Burhanpur,Burhanpur,450331,21.3101944,76.2293056,MUDRA,true,Unknown,Unknown,Unknown,Unknown,Unknown,75,+917304906178,https://icici.bank.in
P001163,Bandhan Bank - Chhatarpur,Private Sector Bank,Madhya Pradesh,Chhatarpur,Chhatarpur,471001,24.905889,79.58375,MUDRA,true,Unknown,Unknown,Unknown,Unknown,Unknown,75,+916289519631,https://bandhan.bank.in
P001164,Bank of India - Mpgb Civil Lines Chhatarpur,Public Sector Bank,Madhya Pradesh,Chhatarpur,Chhatarpur,471001,24.905889,79.58375,PMEGP; MUDRA,true,Unknown,Unknown,Unknown,Unknown,Unknown,100,+919993489442,https://bankofindia.bank.in
P001165,"Punjab National Bank - Chowk Bazar, Chatarpur",Public Sector Bank,Madhya Pradesh,Chhatarpur,Chhatarpur,471001,24.905889,79.58375,PMEGP; MUDRA,true,Unknown,Unknown,Unknown,Unknown,Unknown,100,+919425142235,https://pnb.bank.in
P001166,Bandhan Bank - Chhindwara,Private Sector Bank,Madhya Pradesh,Chhindwara,Chhindwara,480001,22.0533889,78.9378611,MUDRA,true,Unknown,Unknown,Unknown,Unknown,Unknown,75,+917604018811,https://bandhan.bank.in
P001167,Bank of India - Mpgb Ro Chhindwara,Public Sector Bank,Madhya Pradesh,Chhindwara,Chhindwara,480001,22.0533889,78.9378611,PMEGP; MUDRA,true,Unknown,Unknown,Unknown,Unknown,Unknown,100,+918602188912,https://bankofindia.bank.in
P001168,Indian Bank - Chhindwara Main,Public Sector Bank,Madhya Pradesh,Chhindwara,Chhindwara,480001,22.0533889,78.9378611,PMEGP; MUDRA,true,Unknown,Unknown,Unknown,Unknown,Unknown,100,+919425891035,https://indianbank.bank.in
P001169,Bank of India - Mpgb Ro Damoh,Public Sector Bank,Madhya Pradesh,Damoh,Damoh,470661,23.8365702,79.4322312,PMEGP; MUDRA,true,Unknown,Unknown,Unknown,Unknown,Unknown,100,+917773882223,https://bankofindia.bank.in
P001170,"ICICI Bank - Damoh, Madhya Pradesh",Private Sector Bank,Madhya Pradesh,Damoh,Damoh,470661,23.8365702,79.4322312,MUDRA,true,Unknown,Unknown,Unknown,Unknown,Unknown,75,+919713827222,https://icici.bank.in
P001171,IDBI Bank - Damoh,Private Sector Bank,Madhya Pradesh,Damoh,Damoh,470661,23.8365702,79.4322312,MUDRA,true,Unknown,Unknown,Unknown,Unknown,Unknown,75,+919752205247,https://idbi.bank.in
P001172,Bank of India - Mpgb Basai,Public Sector Bank,Madhya Pradesh,Datia,Datia,475661,26.178647,78.144908,PMEGP; MUDRA,true,Unknown,Unknown,Unknown,Unknown,Unknown,100,+918226010283,https://bankofindia.bank.in
P001173,ICICI Bank - Datia,Private Sector Bank,Madhya Pradesh,Datia,Datia,475661,26.178647,78.144908,MUDRA,true,Unknown,Unknown,Unknown,Unknown,Unknown,75,+918109728009,https://icici.bank.in
P001174,Punjab & Sind Bank - Datia,Public Sector Bank,Madhya Pradesh,Datia,Datia,475661,26.178647,78.144908,PMEGP; MUDRA,true,Unknown,Unknown,Unknown,Unknown,Unknown,100,+91235555,https://punjabandsind.bank.in
P001175,Bandhan Bank - Dewas,Private Sector Bank,Madhya Pradesh,Dewas,Dewas,455001,22.962418,76.049604,MUDRA,true,Unknown,Unknown,Unknown,Unknown,Unknown,75,+916290018801,https://bandhan.bank.in
P001176,Bank of India - Udaynagar,Public Sector Bank,Madhya Pradesh,Dewas,Dewas,455227,22.653636,76.450411,PMEGP; MUDRA,true,Unknown,Unknown,Unknown,Unknown,Unknown,100,+917312445124,https://bankofindia.bank.in
P001177,HDFC Bank - Dewas,Private Sector Bank,Madhya Pradesh,Dewas,Dewas,455001,22.962418,76.049604,MUDRA,true,Unknown,Unknown,Unknown,Unknown,Unknown,75,+9172722676161,https://hdfc.bank.in
P001178,Bandhan Bank - Dhar,Private Sector Bank,Madhya Pradesh,Dhar,Dhar,454001,22.601351,75.302655,MUDRA,true,Unknown,Unknown,Unknown,Unknown,Unknown,75,+919330319661,https://bandhan.bank.in
P001179,Bank of India - Gandhwani,Public Sector Bank,Madhya Pradesh,Dhar,Dhar,454350,,,PMEGP; MUDRA,true,Unknown,Unknown,Unknown,Unknown,Unknown,100,+919638576589,https://bankofindia.bank.in
P001180,IDBI Bank - Dhar,Private Sector Bank,Madhya Pradesh,Dhar,Dhar,454001,22.601351,75.302655,MUDRA,true,Unknown,Unknown,Unknown,Unknown,Unknown,75,+919892505612,https://idbi.bank.in
P001181,Bank of India - Mpgb Kisanpuri,Public Sector Bank,Madhya Pradesh,Dindori,Dindori,481882,30.5334016,70.5309958,PMEGP; MUDRA,true,Unknown,Unknown,Unknown,Unknown,Unknown,100,+918226010162,https://bankofindia.bank.in
P001182,Bank of Maharashtra - Dindori M.P,Public Sector Bank,Madhya Pradesh,Dindori,Dindori,481880,22.941815,81.07657,PMEGP; MUDRA,true,Unknown,Unknown,Unknown,Unknown,Unknown,100,+918839848129,https://bankofmaharashtra.bank.in
P001183,Indian Bank - Dindori,Public Sector Bank,Madhya Pradesh,Dindori,Dindori,481880,22.941815,81.07657,PMEGP; MUDRA,true,Unknown,Unknown,Unknown,Unknown,Unknown,100,+917745966203,https://indianbank.bank.in
P001184,Bandhan Bank - Guna,Private Sector Bank,Madhya Pradesh,Guna,Guna,473001,24.66526,77.360686,MUDRA,true,Unknown,Unknown,Unknown,Unknown,Unknown,75,+919755013721,https://bandhan.bank.in
P001185,Bank of India - Mpgb Jhagar,Public Sector Bank,Madhya Pradesh,Guna,Guna,473105,25.0000849,77.1670751,PMEGP; MUDRA,true,Unknown,Unknown,Unknown,Unknown,Unknown,100,+919907301234,https://bankofindia.bank.in
P001186,IDBI Bank - Guna,Private Sector Bank,Madhya Pradesh,Guna,Guna,473001,24.66526,77.360686,MUDRA,true,Unknown,Unknown,Unknown,Unknown,Unknown,75,+919926716005,https://idbi.bank.in
P001187,Axis Bank - Deedwana Oli Sarafa Bazaar Branch,Private Sector Bank,Madhya Pradesh,Gwalior,Gwalior,474001,26.137796,78.105347,MUDRA,true,Unknown,Unknown,Unknown,Unknown,Unknown,75,+918878801582,https://axis.bank.in
P001188,Bandhan Bank - Gwalior,Private Sector Bank,Madhya Pradesh,Gwalior,Gwalior,474011,26.213071,78.202799,MUDRA,true,Unknown,Unknown,Unknown,Unknown,Unknown,75,+919179817651,https://bandhan.bank.in
P001189,Bank of India - Shinde Ki Chhawani,Public Sector Bank,Madhya Pradesh,Gwalior,Gwalior,474001,26.137796,78.105347,PMEGP; MUDRA,true,Unknown,Unknown,Unknown,Unknown,Unknown,100,+919638576607,https://bankofindia.bank.in
P001190,"Bank of Maharashtra - City Centre Branch,Gwalior",Public Sector Bank,Madhya Pradesh,Gwalior,Gwalior,474011,26.213071,78.202799,PMEGP; MUDRA,true,Unknown,Unknown,Unknown,Unknown,Unknown,100,+919755901226,https://bankofmaharashtra.bank.in
P001191,Canara Bank - Gwaliar,Public Sector Bank,Madhya Pradesh,Gwalior,Gwalior,474009,26.178647,78.144908,PMEGP; MUDRA,true,Unknown,Unknown,Unknown,Unknown,Unknown,100,+917512626018,https://canarabank.bank.in
P001192,DCB Bank - Gwalior,Private Sector Bank,Madhya Pradesh,Gwalior,Gwalior,474004,26.230832,78.321936,MUDRA,true,Unknown,Unknown,Unknown,Unknown,Unknown,75,+9175168997777,https://dcb.bank.in
P001193,Punjab National Bank - Gwalior Naya Bazar,Public Sector Bank,Madhya Pradesh,Gwalior,Gwalior,474009,26.178647,78.144908,PMEGP; MUDRA,true,Unknown,Unknown,Unknown,Unknown,Unknown,100,+917512450604,https://pnb.bank.in
P001194,Punjab National Bank - City Center Gwalior,Public Sector Bank,Madhya Pradesh,Gwalior,Gwalior,474001,26.137796,78.105347,PMEGP; MUDRA,true,Unknown,Unknown,Unknown,Unknown,Unknown,100,+919977947111,https://pnb.bank.in
P001195,UCO Bank - Nayabazar,Public Sector Bank,Madhya Pradesh,Gwalior,Gwalior,474001,26.137796,78.105347,PMEGP; MUDRA,true,Unknown,Unknown,Unknown,Unknown,Unknown,100,+917554046002,https://uco.bank.in
P001196,UCO Bank - Chhatri Bazar Gwalior,Public Sector Bank,Madhya Pradesh,Gwalior,Gwalior,474001,26.137796,78.105347,PMEGP; MUDRA,true,Unknown,Unknown,Unknown,Unknown,Unknown,100,+917512424180,https://uco.bank.in
P001197,Bandhan Bank - Harda,Private Sector Bank,Madhya Pradesh,Harda,Harda,461331,22.3370833,77.0903056,MUDRA,true,Unknown,Unknown,Unknown,Unknown,Unknown,75,+917389513641,https://bandhan.bank.in
P001198,Bank of India - Mpgb Khirkiya,Public Sector Bank,Madhya Pradesh,Harda,Harda,461441,22.1657778,76.8595556,PMEGP; MUDRA,true,Unknown,Unknown,Unknown,Unknown,Unknown,100,+918226010069,https://bankofindia.bank.in
P001199,ICICI Bank - Harda,Private Sector Bank,Madhya Pradesh,Harda,Harda,461331,22.3370833,77.0903056,MUDRA,true,Unknown,Unknown,Unknown,Unknown,Unknown,75,+917389943675,https://icici.bank.in
P001200,Axis Bank - Anand Bazar Indore,Private Sector Bank,Madhya Pradesh,Indore,Indore,452001,22.7078056,75.8791667,MUDRA,true,Unknown,Unknown,Unknown,Unknown,Unknown,75,+919826812311,https://axis.bank.in
P001201,Bandhan Bank - Indore,Private Sector Bank,Madhya Pradesh,Indore,Indore,452001,22.7078056,75.8791667,MUDRA,true,Unknown,Unknown,Unknown,Unknown,Unknown,75,+919109512301,https://bandhan.bank.in
P001202,"Bandhan Bank - Gandhi Nagar Branch, Indore",Private Sector Bank,Madhya Pradesh,Indore,Indore,453112,22.7078056,75.8791667,MUDRA,true,Unknown,Unknown,Unknown,Unknown,Unknown,75,+916293222331,https://bandhan.bank.in
P001203,Bank of Baroda - Mid Corporate Indore,Public Sector Bank,Madhya Pradesh,Indore,Indore,452001,22.7078056,75.8791667,PMEGP; MUDRA,true,Unknown,Unknown,Unknown,Unknown,Unknown,100,+914423453211,https://bankofbaroda.bank.in
P001204,Bank of India - Gopur Square,Public Sector Bank,Madhya Pradesh,Indore,Indore,452009,22.6878611,75.8198889,PMEGP; MUDRA,true,Unknown,Unknown,Unknown,Unknown,Unknown,100,+917312799221,https://bankofindia.bank.in
P001205,Bank of India - Collectorate Indore,Public Sector Bank,Madhya Pradesh,Indore,Indore,452001,22.7078056,75.8791667,PMEGP; MUDRA,true,Unknown,Unknown,Unknown,Unknown,Unknown,100,+919638576599,https://bankofindia.bank.in
P001206,Bank of Maharashtra - Silicon City Indore,Public Sector Bank,Madhya Pradesh,Indore,Indore,452012,22.4,75.49,PMEGP; MUDRA,true,Unknown,Unknown,Unknown,Unknown,Unknown,100,+916262147600,https://bankofmaharashtra.bank.in
P001207,Canara Bank - Siyaganj Indore,Public Sector Bank,Madhya Pradesh,Indore,Indore,452001,22.7078056,75.8791667,PMEGP; MUDRA,true,Unknown,Unknown,Unknown,Unknown,Unknown,100,+917312528735,https://canarabank.bank.in
P001208,"Canara Bank - Navlakha,Indore",Public Sector Bank,Madhya Pradesh,Indore,Indore,452001,22.7078056,75.8791667,PMEGP; MUDRA,true,Unknown,Unknown,Unknown,Unknown,Unknown,100,+917312464385,https://canarabank.bank.in
P001209,Canara Bank - Msme Sulabh,Public Sector Bank,Madhya Pradesh,Indore,Indore,452010,22.75874,75.929845,PMEGP; MUDRA,true,Unknown,Unknown,Unknown,Unknown,Unknown,100,+917312990282,https://canarabank.bank.in
P001210,DCB Bank - Indore,Private Sector Bank,Madhya Pradesh,Indore,Indore,452001,22.7078056,75.8791667,MUDRA,true,Unknown,Unknown,Unknown,Unknown,Unknown,75,+919826277178,https://dcb.bank.in
P001211,ICICI Bank - Indore,Private Sector Bank,Madhya Pradesh,Indore,Indore,452008,,,MUDRA,true,Unknown,Unknown,Unknown,Unknown,Unknown,75,+919584958449,https://icici.bank.in
P001212,ICICI Bank - Indore C Business Park Branch,Private Sector Bank,Madhya Pradesh,Indore,Indore,452010,22.75874,75.929845,MUDRA,true,Unknown,Unknown,Unknown,Unknown,Unknown,75,+917869910436,https://icici.bank.in
P001213,IDBI Bank - Sapna Sangeeta,Private Sector Bank,Madhya Pradesh,Indore,Indore,452001,22.7078056,75.8791667,MUDRA,true,Unknown,Unknown,Unknown,Unknown,Unknown,75,+919826086864,https://idbi.bank.in
P001214,IDBI Bank - Indore Corporate Banking Branch,Private Sector Bank,Madhya Pradesh,Indore,Indore,452001,22.7078056,75.8791667,MUDRA,true,Unknown,Unknown,Unknown,Unknown,Unknown,75,+919892505612,https://idbi.bank.in
P001215,IDBI Bank - Indore,Private Sector Bank,Madhya Pradesh,Indore,Indore,452004,,,MUDRA,true,Unknown,Unknown,Unknown,Unknown,Unknown,75,+918109012699,https://idbi.bank.in
P001216,IDFC FIRST Bank - Indore Branch,Private Sector Bank,Madhya Pradesh,Indore,Indore,452001,22.7078056,75.8791667,MUDRA,true,Unknown,Unknown,Unknown,Unknown,Unknown,75,+919426775487,https://idfcfirst.bank.in
P001217,Indian Bank - Indore Bengali Chowraha,Public Sector Bank,Madhya Pradesh,Indore,Indore,452016,22.7267778,75.9186667,PMEGP; MUDRA,true,Unknown,Unknown,Unknown,Unknown,Unknown,100,+917222902153,https://indianbank.bank.in
P001218,Indian Bank - Palasia Formerly Ind Msme Indore,Public Sector Bank,Madhya Pradesh,Indore,Indore,452015,22.44,75.51,PMEGP; MUDRA,true,Unknown,Unknown,Unknown,Unknown,Unknown,100,+917312433288,https://indianbank.bank.in
P001219,Punjab National Bank - Indore City Akshaya,Public Sector Bank,Madhya Pradesh,Indore,Indore,452001,22.7078056,75.8791667,PMEGP; MUDRA,true,Unknown,Unknown,Unknown,Unknown,Unknown,100,+919575443788,https://pnb.bank.in
P001220,Punjab National Bank - Imli Bazar,Public Sector Bank,Madhya Pradesh,Indore,Indore,452001,22.7078056,75.8791667,PMEGP; MUDRA,true,Unknown,Unknown,Unknown,Unknown,Unknown,100,+917697000800,https://pnb.bank.in
P001221,"State Bank of India - Mid Corporate Branch, Indore",Public Sector Bank,Madhya Pradesh,Indore,Indore,452001,22.7078056,75.8791667,PMEGP; MUDRA,true,Unknown,Unknown,Unknown,Unknown,Unknown,100,+917312703719,https://sbi.bank.in
P001222,"State Bank of India - Silicon City, Indore",Public Sector Bank,Madhya Pradesh,Indore,Indore,452012,22.4,75.49,PMEGP; MUDRA,true,Unknown,Unknown,Unknown,Unknown,Unknown,100,+918818883733,https://sbi.bank.in
P001223,UCO Bank - Anand Bazar,Public Sector Bank,Madhya Pradesh,Indore,Indore,452011,22.7379167,75.8909167,PMEGP; MUDRA,true,Unknown,Unknown,Unknown,Unknown,Unknown,100,+917312532424,https://uco.bank.in
P001224,Bandhan Bank - Jabalpur,Private Sector Bank,Madhya Pradesh,Jabalpur,Jabalpur,482002,23.1781944,79.9258611,MUDRA,true,Unknown,Unknown,Unknown,Unknown,Unknown,75,+917869918151,https://bandhan.bank.in
P001225,Bank of India - Patan,Public Sector Bank,Madhya Pradesh,Jabalpur,Jabalpur,483113,23.1598056,79.9543611,PMEGP; MUDRA,true,Unknown,Unknown,Unknown,Unknown,Unknown,100,+917584004959,https://bankofindia.bank.in
P001226,Bank of India - Mpgb Khitola Bazar,Public Sector Bank,Madhya Pradesh,Jabalpur,Jabalpur,483225,,,PMEGP; MUDRA,true,Unknown,Unknown,Unknown,Unknown,Unknown,100,+918226010372,https://bankofindia.bank.in
P001227,Bank of Maharashtra - Jabalpur Main,Public Sector Bank,Madhya Pradesh,Jabalpur,Jabalpur,482002,23.1781944,79.9258611,PMEGP; MUDRA,true,Unknown,Unknown,Unknown,Unknown,Unknown,100,+919226789341,https://bankofmaharashtra.bank.in
P001228,"Canara Bank - Cantoment,Jabalpur",Public Sector Bank,Madhya Pradesh,Jabalpur,Jabalpur,482001,23.16149,79.954832,PMEGP; MUDRA,true,Unknown,Unknown,Unknown,Unknown,Unknown,100,+917612621072,https://canarabank.bank.in
P001229,"Canara Bank - M K Chowk ,Main , Jabalpur",Public Sector Bank,Madhya Pradesh,Jabalpur,Jabalpur,482002,23.1781944,79.9258611,PMEGP; MUDRA,true,Unknown,Unknown,Unknown,Unknown,Unknown,100,+917612414757,https://canarabank.bank.in
P001230,ICICI Bank - Jabalpur,Private Sector Bank,Madhya Pradesh,Jabalpur,Jabalpur,482001,23.16149,79.954832,MUDRA,true,Unknown,Unknown,Unknown,Unknown,Unknown,75,+919587885799,https://icici.bank.in
P001231,"IDBI Bank - Vijay Nagar,Jabalpur",Private Sector Bank,Madhya Pradesh,Jabalpur,Jabalpur,482002,23.1781944,79.9258611,MUDRA,true,Unknown,Unknown,Unknown,Unknown,Unknown,75,+919977877123,https://idbi.bank.in
P001232,Indian Bank - Jabalpur City Office,Public Sector Bank,Madhya Pradesh,Jabalpur,Jabalpur,482002,23.1781944,79.9258611,PMEGP; MUDRA,true,Unknown,Unknown,Unknown,Unknown,Unknown,100,+918787200979,https://indianbank.bank.in
P001233,Union Bank of India - Civil Lines Jabalpur,Public Sector Bank,Madhya Pradesh,Jabalpur,Jabalpur,482001,23.16149,79.954832,PMEGP; MUDRA,true,Unknown,Unknown,Unknown,Unknown,Unknown,100,+919792727230,https://unionbankofindia.bank.in
P001234,Bandhan Bank - Jhabua,Private Sector Bank,Madhya Pradesh,Jhabua,Jhabua,457661,22.7720833,74.5907778,MUDRA,true,Unknown,Unknown,Unknown,Unknown,Unknown,75,+916289519651,https://bandhan.bank.in
P001235,"ICICI Bank - Jhabua, Madhya Pradesh",Private Sector Bank,Madhya Pradesh,Jhabua,Jhabua,457661,22.7720833,74.5907778,MUDRA,true,Unknown,Unknown,Unknown,Unknown,Unknown,75,+919893617215,https://icici.bank.in
P001236,State Bank of India - Cac Jhabua Branch,Public Sector Bank,Madhya Pradesh,Jhabua,Jhabua,457661,22.7720833,74.5907778,PMEGP; MUDRA,true,Unknown,Unknown,Unknown,Unknown,Unknown,100,+918889951122,https://sbi.bank.in
P001237,Bandhan Bank - Katni,Private Sector Bank,Madhya Pradesh,Katni,Katni,483504,23.8057222,80.3930278,MUDRA,true,Unknown,Unknown,Unknown,Unknown,Unknown,75,+916290018821,https://bandhan.bank.in
P001238,Bank of India - Mpgb Katni,Public Sector Bank,Madhya Pradesh,Katni,Katni,483001,34.6587734,68.688058,PMEGP; MUDRA,true,Unknown,Unknown,Unknown,Unknown,Unknown,100,+918226010383,https://bankofindia.bank.in
P001239,Indian Bank - Katni Main,Public Sector Bank,Madhya Pradesh,Katni,Katni,483501,23.8345,80.3926944,PMEGP; MUDRA,true,Unknown,Unknown,Unknown,Unknown,Unknown,100,+918817745007,https://indianbank.bank.in
P001240,Bandhan Bank - Khandwa,Private Sector Bank,Madhya Pradesh,Khandwa,Khandwa,450001,21.8229167,76.3519444,MUDRA,true,Unknown,Unknown,Unknown,Unknown,Unknown,75,+919993013661,https://bandhan.bank.in
P001241,Bank of India - Lal Chowki,Public Sector Bank,Madhya Pradesh,Khandwa,Khandwa,450001,21.8229167,76.3519444,PMEGP; MUDRA,true,Unknown,Unknown,Unknown,Unknown,Unknown,100,+919638576634,https://bankofindia.bank.in
P001242,IDBI Bank - Khandwa,Private Sector Bank,Madhya Pradesh,Khandwa,Khandwa,450001,21.8229167,76.3519444,MUDRA,true,Unknown,Unknown,Unknown,Unknown,Unknown,75,+919977702224,https://idbi.bank.in
P001243,Bandhan Bank - Khargone,Private Sector Bank,Madhya Pradesh,Khargone,Khargone,451001,21.8260556,75.6136667,MUDRA,true,Unknown,Unknown,Unknown,Unknown,Unknown,75,+917225015001,https://bandhan.bank.in
P001244,Bank of India - Bistan Road,Public Sector Bank,Madhya Pradesh,Khargone,Khargone,451001,21.8260556,75.6136667,PMEGP; MUDRA,true,Unknown,Unknown,Unknown,Unknown,Unknown,100,+919638576642,https://bankofindia.bank.in
P001245,Punjab & Sind Bank - Khargone,Public Sector Bank,Madhya Pradesh,Khargone,Khargone,451001,21.8260556,75.6136667,PMEGP; MUDRA,true,Unknown,Unknown,Unknown,Unknown,Unknown,100,+916284753332,https://punjabandsind.bank.in
P001246,Bank of India - Maihar,Public Sector Bank,Madhya Pradesh,Maihar,Maihar,485771,24.2635,80.7616111,PMEGP; MUDRA,true,Unknown,Unknown,Unknown,Unknown,Unknown,100,+919617058791,https://bankofindia.bank.in
P001247,Bank of Maharashtra - Maihar,Public Sector Bank,Madhya Pradesh,Maihar,Maihar,485771,24.2635,80.7616111,PMEGP; MUDRA,true,Unknown,Unknown,Unknown,Unknown,Unknown,100,+918085772521,https://bankofmaharashtra.bank.in
P001248,Bank of India - Bijadandi,Public Sector Bank,Madhya Pradesh,Mandla,Mandla,481674,,,PMEGP; MUDRA,true,Unknown,Unknown,Unknown,Unknown,Unknown,100,+919303488818,https://bankofindia.bank.in
P001249,"ICICI Bank - Mandla, Madhya Pradesh",Private Sector Bank,Madhya Pradesh,Mandla,Mandla,481661,22.6019444,80.3683889,MUDRA,true,Unknown,Unknown,Unknown,Unknown,Unknown,75,+919589697153,https://icici.bank.in
P001250,State Bank of India - Katra Branch,Public Sector Bank,Madhya Pradesh,Mandla,Mandla,481661,22.6019444,80.3683889,PMEGP; MUDRA,true,Unknown,Unknown,Unknown,Unknown,Unknown,100,+919479843156,https://sbi.bank.in
P001251,Bandhan Bank - Mandsaur,Private Sector Bank,Madhya Pradesh,Mandsaur,Mandsaur,458001,24.074,75.0703889,MUDRA,true,Unknown,Unknown,Unknown,Unknown,Unknown,75,+917898514991,https://bandhan.bank.in
P001252,Bank of India - Clock Tower Mandsaur,Public Sector Bank,Madhya Pradesh,Mandsaur,Mandsaur,458001,24.074,75.0703889,PMEGP; MUDRA,true,Unknown,Unknown,Unknown,Unknown,Unknown,100,+919660575816,https://bankofindia.bank.in
P001253,IDBI Bank - Mandsour,Private Sector Bank,Madhya Pradesh,Mandsaur,Mandsaur,458001,24.074,75.0703889,MUDRA,true,Unknown,Unknown,Unknown,Unknown,Unknown,75,+919558813018,https://idbi.bank.in
P001254,ICICI Bank - Morena,Private Sector Bank,Madhya Pradesh,Morena,Morena,476001,26.505044,77.975386,MUDRA,true,Unknown,Unknown,Unknown,Unknown,Unknown,75,+919324915266,https://icici.bank.in
P001255,Indian Bank - Morena,Public Sector Bank,Madhya Pradesh,Morena,Morena,476001,26.505044,77.975386,PMEGP; MUDRA,true,Unknown,Unknown,Unknown,Unknown,Unknown,100,+919425340964,https://indianbank.bank.in
P001256,Punjab & Sind Bank - Morena Madhya Pradesh,Public Sector Bank,Madhya Pradesh,Morena,Morena,476001,26.505044,77.975386,PMEGP; MUDRA,true,Unknown,Unknown,Unknown,Unknown,Unknown,100,+91226353,https://punjabandsind.bank.in
P001257,Bandhan Bank - Hoshangabad,Private Sector Bank,Madhya Pradesh,Narmadapuram,Narmadapuram,461001,22.7573195,77.7257639,MUDRA,true,Unknown,Unknown,Unknown,Unknown,Unknown,75,+917470913651,https://bandhan.bank.in
P001258,Bank of India - Mpgb Ro Hoshangabad,Public Sector Bank,Madhya Pradesh,Narmadapuram,Narmadapuram,461001,22.7573195,77.7257639,PMEGP; MUDRA,true,Unknown,Unknown,Unknown,Unknown,Unknown,100,+919588493393,https://bankofindia.bank.in
P001259,Canara Bank - Hoshingabad,Public Sector Bank,Madhya Pradesh,Narmadapuram,Narmadapuram,461001,22.7573195,77.7257639,PMEGP; MUDRA,true,Unknown,Unknown,Unknown,Unknown,Unknown,100,+917574254442,https://canarabank.bank.in
P001260,Bank of India - Mpgb Narsinghpur,Public Sector Bank,Madhya Pradesh,Narsinghpur,Narsinghpur,487002,,,PMEGP; MUDRA,true,Unknown,Unknown,Unknown,Unknown,Unknown,100,+918226010575,https://bankofindia.bank.in
P001261,"State Bank of India - Krishi Upaj Mandi, Gotegaon",Public Sector Bank,Madhya Pradesh,Narsinghpur,Narsinghpur,487118,23.0645556,79.4834444,PMEGP; MUDRA,true,Unknown,Unknown,Unknown,Unknown,Unknown,100,+919425485412,https://sbi.bank.in
P001262,Bandhan Bank - Neemuch,Private Sector Bank,Madhya Pradesh,Neemuch,Neemuch,458441,24.4606111,74.8621944,MUDRA,true,Unknown,Unknown,Unknown,Unknown,Unknown,75,+919893115131,https://bandhan.bank.in
P001263,Bank of India - Mpgb Jat,Public Sector Bank,Madhya Pradesh,Neemuch,Neemuch,458226,25.5517039,74.8616323,PMEGP; MUDRA,true,Unknown,Unknown,Unknown,Unknown,Unknown,100,+919407191976,https://bankofindia.bank.in
P001264,ICICI Bank - Neemuch,Private Sector Bank,Madhya Pradesh,Neemuch,Neemuch,458441,24.4606111,74.8621944,MUDRA,true,Unknown,Unknown,Unknown,Unknown,Unknown,75,+918805021998,https://icici.bank.in
P001265,Bandhan Bank - Panna Branch,Private Sector Bank,Madhya Pradesh,Panna,Panna,488001,24.7380278,80.1944722,MUDRA,true,Unknown,Unknown,Unknown,Unknown,Unknown,75,+918017323361,https://bandhan.bank.in
P001266,Bank of India - Mpgb Panna,Public Sector Bank,Madhya Pradesh,Panna,Panna,488001,24.7380278,80.1944722,PMEGP; MUDRA,true,Unknown,Unknown,Unknown,Unknown,Unknown,100,+919425663232,https://bankofindia.bank.in
P001267,IDBI Bank - Panna,Private Sector Bank,Madhya Pradesh,Panna,Panna,488001,24.7380278,80.1944722,MUDRA,true,Unknown,Unknown,Unknown,Unknown,Unknown,75,+918407996066,https://idbi.bank.in
P001268,Bank of India - Silwani,Public Sector Bank,Madhya Pradesh,Raisen,Raisen,464886,25.8545682,79.3419678,PMEGP; MUDRA,true,Unknown,Unknown,Unknown,Unknown,Unknown,100,+919993333557,https://bankofindia.bank.in
P001269,Canara Bank - Raisen,Public Sector Bank,Madhya Pradesh,Raisen,Raisen,464551,23.332853,77.783971,PMEGP; MUDRA,true,Unknown,Unknown,Unknown,Unknown,Unknown,100,+917482222720,https://canarabank.bank.in
P001270,ICICI Bank - Raisen,Private Sector Bank,Madhya Pradesh,Raisen,Raisen,464551,23.332853,77.783971,MUDRA,true,Unknown,Unknown,Unknown,Unknown,Unknown,75,+917024168800,https://icici.bank.in
P001271,Canara Bank - Rajgarh,Public Sector Bank,Madhya Pradesh,Rajgarh,Rajgarh,465661,24.0003333,76.7295833,PMEGP; MUDRA,true,Unknown,Unknown,Unknown,Unknown,Unknown,100,+917372254029,https://canarabank.bank.in
P001272,Indian Bank - Rajgarh,Public Sector Bank,Madhya Pradesh,Rajgarh,Rajgarh,465661,24.0003333,76.7295833,PMEGP; MUDRA,true,Unknown,Unknown,Unknown,Unknown,Unknown,100,+916202845727,https://indianbank.bank.in
P001273,UCO Bank - Rajgarh,Public Sector Bank,Madhya Pradesh,Rajgarh,Rajgarh,465661,24.0003333,76.7295833,PMEGP; MUDRA,true,Unknown,Unknown,Unknown,Unknown,Unknown,100,+918871283189,https://uco.bank.in
P001274,Bandhan Bank - Ratlam,Private Sector Bank,Madhya Pradesh,Ratlam,Ratlam,457001,23.3311667,75.0373889,MUDRA,true,Unknown,Unknown,Unknown,Unknown,Unknown,75,+916290018791,https://bandhan.bank.in
P001275,Bank of India - Alkapuri,Public Sector Bank,Madhya Pradesh,Ratlam,Ratlam,457001,23.3311667,75.0373889,PMEGP; MUDRA,true,Unknown,Unknown,Unknown,Unknown,Unknown,100,+919893456076,https://bankofindia.bank.in
P001276,Canara Bank - Ratlam,Public Sector Bank,Madhya Pradesh,Ratlam,Ratlam,457001,23.3311667,75.0373889,PMEGP; MUDRA,true,Unknown,Unknown,Unknown,Unknown,Unknown,100,+9174122360932,https://canarabank.bank.in
P001277,Bandhan Bank - Narendra Nagar Branch Rewa,Private Sector Bank,Madhya Pradesh,Rewa,Rewa,486001,24.5439167,81.3015833,MUDRA,true,Unknown,Unknown,Unknown,Unknown,Unknown,75,+918017525101,https://bandhan.bank.in
P001278,Bank of India - Mpgb Rewa Main,Public Sector Bank,Madhya Pradesh,Rewa,Rewa,486001,24.5439167,81.3015833,PMEGP; MUDRA,true,Unknown,Unknown,Unknown,Unknown,Unknown,100,+917898068691,https://bankofindia.bank.in
P001279,Indian Bank - Rewa Civil Lines,Public Sector Bank,Madhya Pradesh,Rewa,Rewa,486001,24.5439167,81.3015833,PMEGP; MUDRA,true,Unknown,Unknown,Unknown,Unknown,Unknown,100,+918210206745,https://indianbank.bank.in
P001280,Bandhan Bank - Sagar,Private Sector Bank,Madhya Pradesh,Sagar,Sagar,470001,23.838805,78.737807,MUDRA,true,Unknown,Unknown,Unknown,Unknown,Unknown,75,+917470517641,https://bandhan.bank.in
P001281,Bank of India - Mpgb Bada Bazar Sagar,Public Sector Bank,Madhya Pradesh,Sagar,Sagar,470002,23.841762,78.730616,PMEGP; MUDRA,true,Unknown,Unknown,Unknown,Unknown,Unknown,100,+919981443232,https://bankofindia.bank.in
P001282,State Bank of India - Collectorate Balaghat,Public Sector Bank,Madhya Pradesh,Sagar,Sagar,481001,21.812876,80.18383,PMEGP; MUDRA,true,Unknown,Unknown,Unknown,Unknown,Unknown,100,+918770026919,https://sbi.bank.in
P001283,Bandhan Bank - Satna,Private Sector Bank,Madhya Pradesh,Satna,Satna,485001,24.5617778,80.8300278,MUDRA,true,Unknown,Unknown,Unknown,Unknown,Unknown,75,+917389914221,https://bandhan.bank.in
P001284,Indian Bank - Satna Sme Finance Branch,Public Sector Bank,Madhya Pradesh,Satna,Satna,485001,24.5617778,80.8300278,PMEGP; MUDRA,true,Unknown,Unknown,Unknown,Unknown,Unknown,100,+919102583993,https://indianbank.bank.in
P001285,Union Bank of India - Civil Lines-Stana,Public Sector Bank,Madhya Pradesh,Satna,Satna,485001,24.5617778,80.8300278,PMEGP; MUDRA,true,Unknown,Unknown,Unknown,Unknown,Unknown,100,+917351004682,https://unionbankofindia.bank.in
P001286,Bandhan Bank - Sehore,Private Sector Bank,Madhya Pradesh,Sehore,Sehore,466001,23.198922,77.086843,MUDRA,true,Unknown,Unknown,Unknown,Unknown,Unknown,75,+916289519641,https://bandhan.bank.in
P001287,Bank of India - Basudeo Bansdeo,Public Sector Bank,Madhya Pradesh,Sehore,Sehore,466331,31.2739618,91.5726588,PMEGP; MUDRA,true,Unknown,Unknown,Unknown,Unknown,Unknown,100,+917748812550,https://bankofindia.bank.in
P001288,Canara Bank - Rafiqueganj,Public Sector Bank,Madhya Pradesh,Sehore,Sehore,466001,23.198922,77.086843,PMEGP; MUDRA,true,Unknown,Unknown,Unknown,Unknown,Unknown,100,+917552764177,https://canarabank.bank.in
P001289,Bandhan Bank - Seoni,Private Sector Bank,Madhya Pradesh,Seoni,Seoni,480661,22.0984167,79.5494444,MUDRA,true,Unknown,Unknown,Unknown,Unknown,Unknown,75,+916289519621,https://bandhan.bank.in
P001290,Bank of India - Lakhnadaun,Public Sector Bank,Madhya Pradesh,Seoni,Seoni,480886,22.9734,78.6568,PMEGP; MUDRA,true,Unknown,Unknown,Unknown,Unknown,Unknown,100,+917690240305,https://bankofindia.bank.in
P001291,Canara Bank - Seoni,Public Sector Bank,Madhya Pradesh,Seoni,Seoni,480661,22.0984167,79.5494444,PMEGP; MUDRA,true,Unknown,Unknown,Unknown,Unknown,Unknown,100,+9176922205652,https://canarabank.bank.in
P001292,Bandhan Bank - Shahdol,Private Sector Bank,Madhya Pradesh,Shahdol,Shahdol,484001,23.2988611,81.3574167,MUDRA,true,Unknown,Unknown,Unknown,Unknown,Unknown,75,+916290819441,https://bandhan.bank.in
P001293,Bank of India - Ro Shahdol,Public Sector Bank,Madhya Pradesh,Shahdol,Shahdol,484001,23.2988611,81.3574167,PMEGP; MUDRA,true,Unknown,Unknown,Unknown,Unknown,Unknown,100,+918770849224,https://bankofindia.bank.in
P001294,Indian Bank - Shahdol,Public Sector Bank,Madhya Pradesh,Shahdol,Shahdol,484001,23.2988611,81.3574167,PMEGP; MUDRA,true,Unknown,Unknown,Unknown,Unknown,Unknown,100,+919602064848,https://indianbank.bank.in
P001295,Bandhan Bank - Shajapur,Private Sector Bank,Madhya Pradesh,Shajapur,Shajapur,465001,23.4204,76.27508,MUDRA,true,Unknown,Unknown,Unknown,Unknown,Unknown,75,+919674315141,https://bandhan.bank.in
P001296,Canara Bank - Sunera,Public Sector Bank,Madhya Pradesh,Shajapur,Shajapur,465229,,,PMEGP; MUDRA,true,Unknown,Unknown,Unknown,Unknown,Unknown,100,+917364250320,https://canarabank.bank.in
P001297,ICICI Bank - Shajapur,Private Sector Bank,Madhya Pradesh,Shajapur,Shajapur,465001,23.4204,76.27508,MUDRA,true,Unknown,Unknown,Unknown,Unknown,Unknown,75,+919142231043,https://icici.bank.in
P001298,"ICICI Bank - Sheopur,Madhypradesh",Private Sector Bank,Madhya Pradesh,Sheopur,Sheopur,476337,26.505044,77.975386,MUDRA,true,Unknown,Unknown,Unknown,Unknown,Unknown,75,+919893764175,https://icici.bank.in
P001299,UCO Bank - Sheopurkalan,Public Sector Bank,Madhya Pradesh,Sheopur,Sheopur,476337,26.505044,77.975386,PMEGP; MUDRA,true,Unknown,Unknown,Unknown,Unknown,Unknown,100,+91755220087,https://uco.bank.in
P001300,Union Bank of India - Sheopur,Public Sector Bank,Madhya Pradesh,Sheopur,Sheopur,476337,26.505044,77.975386,PMEGP; MUDRA,true,Unknown,Unknown,Unknown,Unknown,Unknown,100,+917389930138,https://unionbankofindia.bank.in
P001301,Bandhan Bank - Shivpuri,Private Sector Bank,Madhya Pradesh,Shivpuri,Shivpuri,473551,25.473039,77.705385,MUDRA,true,Unknown,Unknown,Unknown,Unknown,Unknown,75,+919981613731,https://bandhan.bank.in
P001302,Bank of India - Mpgb Collectorate,Public Sector Bank,Madhya Pradesh,Shivpuri,Shivpuri,473551,25.473039,77.705385,PMEGP; MUDRA,true,Unknown,Unknown,Unknown,Unknown,Unknown,100,+918396049609,https://bankofindia.bank.in
P001303,"ICICI Bank - Shivpuri, Madhya Pradesh",Private Sector Bank,Madhya Pradesh,Shivpuri,Shivpuri,473551,25.473039,77.705385,MUDRA,true,Unknown,Unknown,Unknown,Unknown,Unknown,75,+919981087736,https://icici.bank.in
P001304,Bandhan Bank - Sidhi Branch,Private Sector Bank,Madhya Pradesh,Sidhi,Sidhi,486661,24.4090833,81.8827778,MUDRA,true,Unknown,Unknown,Unknown,Unknown,Unknown,75,+918017323371,https://bandhan.bank.in
P001305,Bank of India - Mpgb Sidhi Main,Public Sector Bank,Madhya Pradesh,Sidhi,Sidhi,486661,24.4090833,81.8827778,PMEGP; MUDRA,true,Unknown,Unknown,Unknown,Unknown,Unknown,100,+919770922315,https://bankofindia.bank.in
P001306,Canara Bank - Sidhi,Public Sector Bank,Madhya Pradesh,Sidhi,Sidhi,486661,24.4090833,81.8827778,PMEGP; MUDRA,true,Unknown,Unknown,Unknown,Unknown,Unknown,100,+917822250272,https://canarabank.bank.in
P001307,Bank of India - Singrauli,Public Sector Bank,Madhya Pradesh,Singrauli,Singrauli,486889,24.2,82.67,PMEGP; MUDRA,true,Unknown,Unknown,Unknown,Unknown,Unknown,100,+919893865188,https://bankofindia.bank.in
P001308,Punjab & Sind Bank - Singrauli,Public Sector Bank,Madhya Pradesh,Singrauli,Singrauli,486886,35.8780522,82.416658,PMEGP; MUDRA,true,Unknown,Unknown,Unknown,Unknown,Unknown,100,+917701029981,https://punjabandsind.bank.in
P001309,Bandhan Bank - Tikamgarh Branch,Private Sector Bank,Madhya Pradesh,Tikamgarh,Tikamgarh,472001,24.751389,78.837833,MUDRA,true,Unknown,Unknown,Unknown,Unknown,Unknown,75,+918017623351,https://bandhan.bank.in
P001310,Bank of India - Mpgb Civil Lines Tikamgarh,Public Sector Bank,Madhya Pradesh,Tikamgarh,Tikamgarh,472001,24.751389,78.837833,PMEGP; MUDRA,true,Unknown,Unknown,Unknown,Unknown,Unknown,100,+917897173489,https://bankofindia.bank.in
P001311,IDBI Bank - Tikamgarh,Private Sector Bank,Madhya Pradesh,Tikamgarh,Tikamgarh,472001,24.751389,78.837833,MUDRA,true,Unknown,Unknown,Unknown,Unknown,Unknown,75,+917000304354,https://idbi.bank.in
P001312,Bandhan Bank - Ujjain,Private Sector Bank,Madhya Pradesh,Ujjain,Ujjain,456106,,,MUDRA,true,Unknown,Unknown,Unknown,Unknown,Unknown,75,+919836515151,https://bandhan.bank.in
P001313,Canara Bank - Ujjain,Public Sector Bank,Madhya Pradesh,Ujjain,Ujjain,456001,23.1809167,75.7828611,PMEGP; MUDRA,true,Unknown,Unknown,Unknown,Unknown,Unknown,100,+917342558893,https://canarabank.bank.in
P001314,Yes Bank - Ujjain Paraspar Sah Bank Patnibazar,Private Sector Bank,Madhya Pradesh,Ujjain,Ujjain,456010,23.1771111,75.7953333,MUDRA,true,Unknown,Unknown,Unknown,Unknown,Unknown,75,+919827648464,https://yes.bank.in
P001315,Bank of India - Mpgb Ghunghuti,Public Sector Bank,Madhya Pradesh,Umaria,Umaria,484551,23.73754,80.91704,PMEGP; MUDRA,true,Unknown,Unknown,Unknown,Unknown,Unknown,100,+918226010208,https://bankofindia.bank.in
P001316,Canara Bank - Umaria,Public Sector Bank,Madhya Pradesh,Umaria,Umaria,484661,23.5229722,80.8313333,PMEGP; MUDRA,true,Unknown,Unknown,Unknown,Unknown,Unknown,100,+917653222262,https://canarabank.bank.in
P001317,IDBI Bank - Umaria,Private Sector Bank,Madhya Pradesh,Umaria,Umaria,484661,23.5229722,80.8313333,MUDRA,true,Unknown,Unknown,Unknown,Unknown,Unknown,75,+919340907260,https://idbi.bank.in
P001318,Canara Bank - Vidisha,Public Sector Bank,Madhya Pradesh,Vidisha,Vidisha,464001,23.5245833,77.8105556,PMEGP; MUDRA,true,Unknown,Unknown,Unknown,Unknown,Unknown,100,+917592233173,https://canarabank.bank.in
P001319,ICICI Bank - Vidisha,Private Sector Bank,Madhya Pradesh,Vidisha,Vidisha,464001,23.5245833,77.8105556,MUDRA,true,Unknown,Unknown,Unknown,Unknown,Unknown,75,+917024102864,https://icici.bank.in
P001320,IDBI Bank - Kuwakhedi,Private Sector Bank,Madhya Pradesh,Vidisha,Vidisha,464004,,,MUDRA,true,Unknown,Unknown,Unknown,Unknown,Unknown,75,+919893119611,https://idbi.bank.in
P001321,Bank of India - Rashin,Public Sector Bank,Maharashtra,Ahilyanagar,Ahilyanagar,414403,18.3885833,75.0146389,PMEGP; MUDRA,true,Unknown,Unknown,Unknown,Unknown,Unknown,100,+919623096727,https://bankofindia.bank.in
P001322,Bank of Maharashtra - Ahilyanagar City,Public Sector Bank,Maharashtra,Ahilyanagar,Ahilyanagar,414001,19.0949137,74.7387535,PMEGP; MUDRA,true,Unknown,Unknown,Unknown,Unknown,Unknown,100,+918799903631,https://bankofmaharashtra.bank.in
P001323,ICICI Bank - Ahilyanagar,Private Sector Bank,Maharashtra,Ahilyanagar,Ahilyanagar,414001,19.0949137,74.7387535,MUDRA,true,Unknown,Unknown,Unknown,Unknown,Unknown,75,+919923319299,https://icici.bank.in
P001324,Bandhan Bank - Ahmadnagar,Private Sector Bank,Maharashtra,Ahmadnagar,Ahmadnagar,414003,19.1162222,74.7353611,MUDRA,true,Unknown,Unknown,Unknown,Unknown,Unknown,75,+916290919401,https://bandhan.bank.in
P001325,Canara Bank - Ahmednagar,Public Sector Bank,Maharashtra,Ahmadnagar,Ahmadnagar,414001,19.0949137,74.7387535,PMEGP; MUDRA,true,Unknown,Unknown,Unknown,Unknown,Unknown,100,+912412346204,https://canarabank.bank.in
P001326,IDBI Bank - Savedi Naka,Private Sector Bank,Maharashtra,Ahmadnagar,Ahmadnagar,414001,19.0949137,74.7387535,MUDRA,true,Unknown,Unknown,Unknown,Unknown,Unknown,75,+918373074610,https://idbi.bank.in
P001327,Bank of India - Rahuri,Public Sector Bank,Maharashtra,Ahmednagar,Ahmednagar,417232,,,PMEGP; MUDRA,true,Unknown,Unknown,Unknown,Unknown,Unknown,100,+917283233034,https://bankofindia.bank.in
P001328,IDBI Bank - Ahmadnagar,Private Sector Bank,Maharashtra,Ahmednagar,Ahmednagar,414001,19.0953184,74.7473232,MUDRA,true,Unknown,Unknown,Unknown,Unknown,Unknown,75,+919960636462,https://idbi.bank.in
P001329,Maharashtra Gramin Bank - Brahmni,Regional Rural Bank,Maharashtra,Ahmednagar,Ahmednagar,414105,19.42,74.76,PMEGP; MUDRA,true,Unknown,Unknown,Unknown,Unknown,Unknown,100,+919890073288,https://mahagramin.bank.in
P001330,State Bank of India - Sme Shrirampur Branch Ahmednagar,Public Sector Bank,Maharashtra,Ahmednagar,Ahmednagar,414111,19.15,74.71,PMEGP; MUDRA,true,Unknown,Unknown,Unknown,Unknown,Unknown,100,+917875559479,https://sbi.bank.in
P001331,Bank of India - Jatharpeth Akola,Public Sector Bank,Maharashtra,Akola,Akola,444005,20.71875,77.0175833,PMEGP; MUDRA,true,Unknown,Unknown,Unknown,Unknown,Unknown,100,+919638576623,https://bankofindia.bank.in
P001332,DCB Bank - Akola,Private Sector Bank,Maharashtra,Akola,Akola,444001,20.71,77,MUDRA,true,Unknown,Unknown,Unknown,Unknown,Unknown,75,+9172468997777,https://dcb.bank.in
P001333,IDBI Bank - Akola,Private Sector Bank,Maharashtra,Akola,Akola,444001,20.71,77,MUDRA,true,Unknown,Unknown,Unknown,Unknown,Unknown,75,+917767855880,https://idbi.bank.in
P001334,Maharashtra Gramin Bank - Akola Old City,Regional Rural Bank,Maharashtra,Akola,Akola,444002,20.71,76.99,PMEGP; MUDRA,true,Unknown,Unknown,Unknown,Unknown,Unknown,100,+919665289028,https://mahagramin.bank.in
P001335,Bank of India - Rukhmini Nagar,Public Sector Bank,Maharashtra,Amravati,Amravati,444606,20.93,77.77,PMEGP; MUDRA,true,Unknown,Unknown,Unknown,Unknown,Unknown,100,+919096063333,https://bankofindia.bank.in
P001336,Bank of Maharashtra - Amravati Main,Public Sector Bank,Maharashtra,Amravati,Amravati,444601,20.9298611,77.7523056,PMEGP; MUDRA,true,Unknown,Unknown,Unknown,Unknown,Unknown,100,+917420949421,https://bankofmaharashtra.bank.in
P001337,Maharashtra Gramin Bank - Amravati,Regional Rural Bank,Maharashtra,Amravati,Amravati,444605,20.9400833,77.7398611,PMEGP; MUDRA,true,Unknown,Unknown,Unknown,Unknown,Unknown,100,+919096063269,https://mahagramin.bank.in
P001338,Yes Bank - Amravati Dcc Bank Main Branch,Private Sector Bank,Maharashtra,Amravati,Amravati,444603,20.9298611,77.7523056,MUDRA,true,Unknown,Unknown,Unknown,Unknown,Unknown,75,+917212663378,https://yes.bank.in
P001339,Bandhan Bank - Aurangabad,Private Sector Bank,Maharashtra,Aurangabad,Aurangabad,431005,19.875337,75.3397815,MUDRA,true,Unknown,Unknown,Unknown,Unknown,Unknown,75,+919987710131,https://bandhan.bank.in
P001340,IDBI Bank - Aurangabad Corporate Banking Branch,Private Sector Bank,Maharashtra,Aurangabad,Aurangabad,431005,19.875337,75.3397815,MUDRA,true,Unknown,Unknown,Unknown,Unknown,Unknown,75,+919320990535,https://idbi.bank.in
P001341,Maharashtra Gramin Bank - Service Center,Regional Rural Bank,Maharashtra,Aurangabad,Aurangabad,431005,19.875337,75.3397815,PMEGP; MUDRA,true,Unknown,Unknown,Unknown,Unknown,Unknown,100,+912402476140,https://mahagramin.bank.in
P001342,Yes Bank - Lokvikas Nagari Sah Bank Main Br,Private Sector Bank,Maharashtra,Aurangabad,Aurangabad,431001,19.812216,75.6385995,MUDRA,true,Unknown,Unknown,Unknown,Unknown,Unknown,75,+912402341724,https://yes.bank.in
P001343,Bank of India - Beed,Public Sector Bank,Maharashtra,Beed,Beed,431122,18.989635,75.75621,PMEGP; MUDRA,true,Unknown,Unknown,Unknown,Unknown,Unknown,100,+919892148122,https://bankofindia.bank.in
P001344,HDFC Bank - Dwarkadas Mantri Nag Sah Bank Ltd,Private Sector Bank,Maharashtra,Beed,Beed,431122,18.989635,75.75621,MUDRA,true,Unknown,Unknown,Unknown,Unknown,Unknown,75,+917588119462,https://hdfc.bank.in
P001345,State Bank of India - Sme Branch Beed,Public Sector Bank,Maharashtra,Beed,Beed,431122,18.989635,75.75621,PMEGP; MUDRA,true,Unknown,Unknown,Unknown,Unknown,Unknown,100,+917875044195,https://sbi.bank.in
P001346,Canara Bank - Bhandara,Public Sector Bank,Maharashtra,Bhandara,Bhandara,441904,21.16341,79.65594,PMEGP; MUDRA,true,Unknown,Unknown,Unknown,Unknown,Unknown,100,+917184252271,https://canarabank.bank.in
P001347,Maharashtra Gramin Bank - Manegaon Bazar,Regional Rural Bank,Maharashtra,Bhandara,Bhandara,441924,21.1389454,79.7172274,PMEGP; MUDRA,true,Unknown,Unknown,Unknown,Unknown,Unknown,100,+918766885771,https://mahagramin.bank.in
P001348,State Bank of India - Sme Bhandara,Public Sector Bank,Maharashtra,Bhandara,Bhandara,441904,21.16341,79.65594,PMEGP; MUDRA,true,Unknown,Unknown,Unknown,Unknown,Unknown,100,+918806967766,https://sbi.bank.in
P001349,Yes Bank - Bhandara Dccb City Branch,Private Sector Bank,Maharashtra,Bhandara,Bhandara,441904,21.16341,79.65594,MUDRA,true,Unknown,Unknown,Unknown,Unknown,Unknown,75,+917184525213,https://yes.bank.in
P001350,Bank of Maharashtra - Buldhana-Main Road,Public Sector Bank,Maharashtra,Buldhana,Buldhana,443001,20.5359,76.1844975,PMEGP; MUDRA,true,Unknown,Unknown,Unknown,Unknown,Unknown,100,+917030931206,https://bankofmaharashtra.bank.in
P001351,HDFC Bank - Jijamata Mahila Nag Sah Bank Ltd,Private Sector Bank,Maharashtra,Buldhana,Buldhana,443001,20.5359,76.1844975,MUDRA,true,Unknown,Unknown,Unknown,Unknown,Unknown,75,+917262243429,https://hdfc.bank.in
P001352,IDBI Bank - State Transport Bank Buldhana,Private Sector Bank,Maharashtra,Buldhana,Buldhana,443001,20.5359,76.1844975,MUDRA,true,Unknown,Unknown,Unknown,Unknown,Unknown,75,+917262242494,https://idbi.bank.in
P001353,Canara Bank - Chandrapur,Public Sector Bank,Maharashtra,Chandrapur,Chandrapur,442401,19.962265,79.2963,PMEGP; MUDRA,true,Unknown,Unknown,Unknown,Unknown,Unknown,100,+917172273496,https://canarabank.bank.in
P001354,IDBI Bank - Chandrapur,Private Sector Bank,Maharashtra,Chandrapur,Chandrapur,442401,19.962265,79.2963,MUDRA,true,Unknown,Unknown,Unknown,Unknown,Unknown,75,+919822204294,https://idbi.bank.in
P001355,Maharashtra Gramin Bank - Chandrapur,Regional Rural Bank,Maharashtra,Chandrapur,Chandrapur,442401,19.962265,79.2963,PMEGP; MUDRA,true,Unknown,Unknown,Unknown,Unknown,Unknown,100,+917507090225,https://mahagramin.bank.in
P001356,Yes Bank - The Chandrapur Dcc Bank City Branch,Private Sector Bank,Maharashtra,Chandrapur,Chandrapur,442401,19.962265,79.2963,MUDRA,true,Unknown,Unknown,Unknown,Unknown,Unknown,75,+919766832893,https://yes.bank.in
P001357,State Bank of India - Bs Naka Chiplun,Public Sector Bank,Maharashtra,Chiplun,Chiplun,415605,17.5317702,73.512773,PMEGP; MUDRA,true,Unknown,Unknown,Unknown,Unknown,Unknown,100,+919096284848,https://sbi.bank.in
P001358,Bandhan Bank - Dhule,Private Sector Bank,Maharashtra,Dhule,Dhule,424001,20.902028,74.774982,MUDRA,true,Unknown,Unknown,Unknown,Unknown,Unknown,75,+916290819491,https://bandhan.bank.in
P001359,Canara Bank - Dhule,Public Sector Bank,Maharashtra,Dhule,Dhule,424001,20.902028,74.774982,PMEGP; MUDRA,true,Unknown,Unknown,Unknown,Unknown,Unknown,100,+912562232025,https://canarabank.bank.in
P001360,Indian Bank - Dhule Main,Public Sector Bank,Maharashtra,Dhule,Dhule,424001,20.902028,74.774982,PMEGP; MUDRA,true,Unknown,Unknown,Unknown,Unknown,Unknown,100,+918669836297,https://indianbank.bank.in
P001361,Maharashtra Gramin Bank - Kusumbe,Regional Rural Bank,Maharashtra,Dhule,Dhule,424302,20.9025596,74.648899,PMEGP; MUDRA,true,Unknown,Unknown,Unknown,Unknown,Unknown,90,Unknown,https://mahagramin.bank.in
P001362,Bank of India - Gondwana University,Public Sector Bank,Maharashtra,Gadchiroli,Gadchiroli,442605,20.1818056,80.0081944,PMEGP; MUDRA,true,Unknown,Unknown,Unknown,Unknown,Unknown,100,+917132223101,https://bankofindia.bank.in
P001363,ICICI Bank - Gadchiroli,Private Sector Bank,Maharashtra,Gadchiroli,Gadchiroli,442605,20.1818056,80.0081944,MUDRA,true,Unknown,Unknown,Unknown,Unknown,Unknown,75,+917755920801,https://icici.bank.in
P001364,IDBI Bank - State Transport Bank Gadchiroli,Private Sector Bank,Maharashtra,Gadchiroli,Gadchiroli,442605,20.1818056,80.0081944,MUDRA,true,Unknown,Unknown,Unknown,Unknown,Unknown,75,+917132233594,https://idbi.bank.in
P001365,Maharashtra Gramin Bank - Kunghada,Regional Rural Bank,Maharashtra,Gadchiroli,Gadchiroli,442605,20.1818056,80.0081944,PMEGP; MUDRA,true,Unknown,Unknown,Unknown,Unknown,Unknown,100,+918275790853,https://mahagramin.bank.in
P001366,Bandhan Bank - Tirora Branch,Private Sector Bank,Maharashtra,Gondia,Gondia,441911,24.4013731,80.8449504,MUDRA,true,Unknown,Unknown,Unknown,Unknown,Unknown,75,+91718240456456,https://bandhan.bank.in
P001367,Bank of India - Fulchurnaka,Public Sector Bank,Maharashtra,Gondia,Gondia,441601,21.499805,80.254435,PMEGP; MUDRA,true,Unknown,Unknown,Unknown,Unknown,Unknown,100,+918308507746,https://bankofindia.bank.in
P001368,Maharashtra Gramin Bank - Pandhari,Regional Rural Bank,Maharashtra,Gondia,Gondia,441801,21.694813,80.26001,PMEGP; MUDRA,true,Unknown,Unknown,Unknown,Unknown,Unknown,100,+918080850796,https://mahagramin.bank.in
P001369,State Bank of India - Cac Gondia,Public Sector Bank,Maharashtra,Gondia,Gondia,441601,21.499805,80.254435,PMEGP; MUDRA,true,Unknown,Unknown,Unknown,Unknown,Unknown,100,+918600104911,https://sbi.bank.in
P001370,Bank of India - Hingoli,Public Sector Bank,Maharashtra,Hingoli,Hingoli,431513,19.719511,77.146701,PMEGP; MUDRA,true,Unknown,Unknown,Unknown,Unknown,Unknown,100,+912456221380,https://bankofindia.bank.in
P001371,Bank of Maharashtra - Hingoli-Sadar Bazar,Public Sector Bank,Maharashtra,Hingoli,Hingoli,431513,19.719511,77.146701,PMEGP; MUDRA,true,Unknown,Unknown,Unknown,Unknown,Unknown,100,+919175130036,https://bankofmaharashtra.bank.in
P001372,Canara Bank - Hingoli,Public Sector Bank,Maharashtra,Hingoli,Hingoli,431513,19.719511,77.146701,PMEGP; MUDRA,true,Unknown,Unknown,Unknown,Unknown,Unknown,100,+912456221345,https://canarabank.bank.in
P001373,Bandhan Bank - Jalgaon,Private Sector Bank,Maharashtra,Jalgaon,Jalgaon,425001,21.0041453,75.5688059,MUDRA,true,Unknown,Unknown,Unknown,Unknown,Unknown,75,+917767815611,https://bandhan.bank.in
P001374,Bank of Maharashtra - Government Business Branch Jalgaon,Public Sector Bank,Maharashtra,Jalgaon,Jalgaon,425001,21.0041453,75.5688059,PMEGP; MUDRA,true,Unknown,Unknown,Unknown,Unknown,Unknown,100,+918855092905,https://bankofmaharashtra.bank.in
P001375,Canara Bank - Jalgaon,Public Sector Bank,Maharashtra,Jalgaon,Jalgaon,425001,21.0041453,75.5688059,PMEGP; MUDRA,true,Unknown,Unknown,Unknown,Unknown,Unknown,100,+912572234883,https://canarabank.bank.in
P001376,Bank of Maharashtra - Jalna-Main,Public Sector Bank,Maharashtra,Jalna,Jalna,413203,18.7300876,74.9032806,PMEGP; MUDRA,true,Unknown,Unknown,Unknown,Unknown,Unknown,100,+918956280724,https://bankofmaharashtra.bank.in
P001377,DCB Bank - Jalna,Private Sector Bank,Maharashtra,Jalna,Jalna,431203,19.845908,75.906935,MUDRA,true,Unknown,Unknown,Unknown,Unknown,Unknown,75,+91248268997777,https://dcb.bank.in
P001378,State Bank of India - Sme Jalna,Public Sector Bank,Maharashtra,Jalna,Jalna,431203,19.845908,75.906935,PMEGP; MUDRA,true,Unknown,Unknown,Unknown,Unknown,Unknown,100,+919440435908,https://sbi.bank.in
P001379,State Bank of India - Racpc Kalyan,Public Sector Bank,Maharashtra,Kalyan,Kalyan,421001,,,PMEGP; MUDRA,true,Unknown,Unknown,Unknown,Unknown,Unknown,100,+919321351800,https://sbi.bank.in
P001380,Canara Bank - Karad Currency Chest,Public Sector Bank,Maharashtra,Karad,Karad,415110,17.286501,74.181427,PMEGP; MUDRA,true,Unknown,Unknown,Unknown,Unknown,Unknown,90,Unknown,https://canarabank.bank.in
P001381,State Bank of India - Vidyanagar,Public Sector Bank,Maharashtra,Karad,Karad,415124,17.3073249,74.1861975,PMEGP; MUDRA,true,Unknown,Unknown,Unknown,Unknown,Unknown,90,Unknown,https://sbi.bank.in
P001382,Bandhan Bank - Kolhapur,Private Sector Bank,Maharashtra,Kolhapur,Kolhapur,416002,16.7003335,74.2239131,MUDRA,true,Unknown,Unknown,Unknown,Unknown,Unknown,75,+918828312731,https://bandhan.bank.in
P001383,Bank of India - Kasba Tarle,Public Sector Bank,Maharashtra,Kolhapur,Kolhapur,416211,16.5333989,74.1105988,PMEGP; MUDRA,true,Unknown,Unknown,Unknown,Unknown,Unknown,100,+919890680476,https://bankofindia.bank.in
P001384,Bank of India - Kini,Public Sector Bank,Maharashtra,Kolhapur,Kolhapur,416112,16.8358902,74.3142044,PMEGP; MUDRA,true,Unknown,Unknown,Unknown,Unknown,Unknown,100,+918698901001,https://bankofindia.bank.in
P001385,Bank of Maharashtra - Kolhapur-Mahadwar Road,Public Sector Bank,Maharashtra,Kolhapur,Kolhapur,416012,16.6914198,74.2187626,PMEGP; MUDRA,true,Unknown,Unknown,Unknown,Unknown,Unknown,100,+917030929928,https://bankofmaharashtra.bank.in
P001386,Canara Bank - Rajarampuri,Public Sector Bank,Maharashtra,Kolhapur,Kolhapur,416008,16.6895986,74.2454069,PMEGP; MUDRA,true,Unknown,Unknown,Unknown,Unknown,Unknown,100,+912312522246,https://canarabank.bank.in
P001387,HDFC Bank - The Commercial Co Op Bank Ltd,Private Sector Bank,Maharashtra,Kolhapur,Kolhapur,416012,16.6914198,74.2187626,MUDRA,true,Unknown,Unknown,Unknown,Unknown,Unknown,75,+912312656561,https://hdfc.bank.in
P001388,ICICI Bank - Kolhapur,Private Sector Bank,Maharashtra,Kolhapur,Kolhapur,416001,16.7031864,74.2379246,MUDRA,true,Unknown,Unknown,Unknown,Unknown,Unknown,75,+918411969680,https://icici.bank.in
P001389,IDBI Bank - Kolhapur S C,Private Sector Bank,Maharashtra,Kolhapur,Kolhapur,416002,16.7003335,74.2239131,MUDRA,true,Unknown,Unknown,Unknown,Unknown,Unknown,75,+918975255300,https://idbi.bank.in
P001390,Indian Bank - Kolhapur Market Yard,Public Sector Bank,Maharashtra,Kolhapur,Kolhapur,416005,16.7063573,74.2611479,PMEGP; MUDRA,true,Unknown,Unknown,Unknown,Unknown,Unknown,100,+912312680650,https://indianbank.bank.in
P001391,Maharashtra Gramin Bank - Laxmipuri,Regional Rural Bank,Maharashtra,Kolhapur,Kolhapur,416002,16.7003335,74.2239131,PMEGP; MUDRA,true,Unknown,Unknown,Unknown,Unknown,Unknown,100,+919421229609,https://mahagramin.bank.in
P001392,Maharashtra Gramin Bank - Hatkanangale,Regional Rural Bank,Maharashtra,Kolhapur,Kolhapur,416109,16.7454929,74.4272874,PMEGP; MUDRA,true,Unknown,Unknown,Unknown,Unknown,Unknown,100,+919011188522,https://mahagramin.bank.in
P001393,Canara Bank - Latur,Public Sector Bank,Maharashtra,Latur,Latur,413512,18.400494,76.578184,PMEGP; MUDRA,true,Unknown,Unknown,Unknown,Unknown,Unknown,100,+912382254880,https://canarabank.bank.in
P001394,DCB Bank - Latur,Private Sector Bank,Maharashtra,Latur,Latur,413512,18.400494,76.578184,MUDRA,true,Unknown,Unknown,Unknown,Unknown,Unknown,75,+91238268997777,https://dcb.bank.in
P001395,State Bank of India - Sme Branch Latur,Public Sector Bank,Maharashtra,Latur,Latur,413512,18.400494,76.578184,PMEGP; MUDRA,true,Unknown,Unknown,Unknown,Unknown,Unknown,100,+919175894117,https://sbi.bank.in
P001396,Bank of Baroda - Ssi Malegaon Dist Nasik,Public Sector Bank,Maharashtra,Malegaon,Malegaon,422103,20.0133547,74.1524747,PMEGP; MUDRA,true,Unknown,Unknown,Unknown,Unknown,Unknown,90,Unknown,https://bankofbaroda.bank.in
P001397,Bandhan Bank - Ghatkopar,Private Sector Bank,Maharashtra,Mumbai,Mumbai,400077,19.0778085,72.8985117,MUDRA,true,Unknown,Unknown,Unknown,Unknown,Unknown,75,+917045718091,https://bandhan.bank.in
P001398,Bandhan Bank - Charni Road Branch,Private Sector Bank,Maharashtra,Mumbai,Mumbai,400004,18.96301,72.82304,MUDRA,true,Unknown,Unknown,Unknown,Unknown,Unknown,75,+919073922571,https://bandhan.bank.in
P001399,Bandhan Bank - Corporate Branch Mumbai,Private Sector Bank,Maharashtra,Mumbai,Mumbai,400051,19.0596467,72.8479312,MUDRA,true,Unknown,Unknown,Unknown,Unknown,Unknown,75,+912240456456,https://bandhan.bank.in
P001400,Bank of Baroda - Thane West Branch,Public Sector Bank,Maharashtra,Mumbai,Mumbai,400602,19.2164589,72.9172455,PMEGP; MUDRA,true,Unknown,Unknown,Unknown,Unknown,Unknown,100,25402482,https://bankofbaroda.bank.in
P001401,Bank of India - Breach Candy,Public Sector Bank,Maharashtra,Mumbai,Mumbai,400026,18.9731598,72.8147527,PMEGP; MUDRA,true,Unknown,Unknown,Unknown,Unknown,Unknown,100,+91223680768,https://bankofindia.bank.in
P001402,Bank of India - Sakinaka Mid Corporate,Public Sector Bank,Maharashtra,Mumbai,Mumbai,400072,19.111024,72.8903405,PMEGP; MUDRA,true,Unknown,Unknown,Unknown,Unknown,Unknown,100,+912852844228,https://bankofindia.bank.in
P001403,Bank of India - Seepz Mid Corporate Branch,Public Sector Bank,Maharashtra,Mumbai,Mumbai,400096,19.1243963,72.8734228,PMEGP; MUDRA,true,Unknown,Unknown,Unknown,Unknown,Unknown,100,+917283233012,https://bankofindia.bank.in
P001404,Bank of Maharashtra - Mid Corporate Branch Cuff Parade,Public Sector Bank,Maharashtra,Mumbai,Mumbai,400005,18.910328,72.8137756,PMEGP; MUDRA,true,Unknown,Unknown,Unknown,Unknown,Unknown,100,+918657934797,https://bankofmaharashtra.bank.in
P001405,Bank of Maharashtra - Government Business Branch Mumbai South,Public Sector Bank,Maharashtra,Mumbai,Mumbai,400001,18.9391667,72.8375556,PMEGP; MUDRA,true,Unknown,Unknown,Unknown,Unknown,Unknown,100,+917350268400,https://bankofmaharashtra.bank.in
P001406,Canara Bank - Charkop,Public Sector Bank,Maharashtra,Mumbai,Mumbai,400067,19.2168452,72.8309479,PMEGP; MUDRA,true,Unknown,Unknown,Unknown,Unknown,Unknown,100,+912229670090,https://canarabank.bank.in
P001407,Canara Bank - Matunga Bazaar Currency Chest,Public Sector Bank,Maharashtra,Mumbai,Mumbai,400019,19.0280127,72.8526739,PMEGP; MUDRA,true,Unknown,Unknown,Unknown,Unknown,Unknown,100,+912224025706,https://canarabank.bank.in
P001408,DCB Bank - Mumbai Main Office,Private Sector Bank,Maharashtra,Mumbai,Mumbai,400009,18.9695833,72.8426759,MUDRA,true,Unknown,Unknown,Unknown,Unknown,Unknown,75,+912267474176,https://dcb.bank.in
P001409,DCB Bank - Imamwada,Private Sector Bank,Maharashtra,Mumbai,Mumbai,400009,18.9695833,72.8426759,MUDRA,true,Unknown,Unknown,Unknown,Unknown,Unknown,75,+912267472980,https://dcb.bank.in
P001410,DCB Bank - Corporate Office,Private Sector Bank,Maharashtra,Mumbai,Mumbai,400013,18.9951581,72.8273505,MUDRA,true,Unknown,Unknown,Unknown,Unknown,Unknown,75,+919930586797,https://dcb.bank.in
P001411,ICICI Bank - Mumbai-Ghatkopar Garodia Nagar,Private Sector Bank,Maharashtra,Mumbai,Mumbai,400077,19.0778085,72.8985117,MUDRA,true,Unknown,Unknown,Unknown,Unknown,Unknown,75,+918369084482,https://icici.bank.in
P001412,ICICI Bank - Corporate Branch Bkc,Private Sector Bank,Maharashtra,Mumbai,Mumbai,400051,19.0596467,72.8479312,MUDRA,true,Unknown,Unknown,Unknown,Unknown,Unknown,75,+918861553535,https://icici.bank.in
P001413,IDBI Bank - Deonar,Private Sector Bank,Maharashtra,Mumbai,Mumbai,400088,19.0441944,72.9271111,MUDRA,true,Unknown,Unknown,Unknown,Unknown,Unknown,75,+919769377493,https://idbi.bank.in
P001414,IDBI Bank - Specialized Corporate Branch Bandra East Bkc,Private Sector Bank,Maharashtra,Mumbai,Mumbai,400051,19.0596467,72.8479312,MUDRA,true,Unknown,Unknown,Unknown,Unknown,Unknown,75,+919826976032,https://idbi.bank.in
P001415,Punjab National Bank - Mumbai-Large Corporate Branch,Public Sector Bank,Maharashtra,Mumbai,Mumbai,400005,18.910328,72.8137756,PMEGP; MUDRA,true,Unknown,Unknown,Unknown,Unknown,Unknown,100,+912222189337,https://pnb.bank.in
P001416,"Punjab National Bank - Armb , Mumbai City",Public Sector Bank,Maharashtra,Mumbai,Mumbai,400005,18.910328,72.8137756,PMEGP; MUDRA,true,Unknown,Unknown,Unknown,Unknown,Unknown,100,22188155,https://pnb.bank.in
P001417,State Bank of India - Merc Acquiring Business Vertical,Public Sector Bank,Maharashtra,Mumbai,Mumbai,400005,18.910328,72.8137756,PMEGP; MUDRA,true,Unknown,Unknown,Unknown,Unknown,Unknown,100,+912222185563,https://sbi.bank.in
P001418,"State Bank of India - Sarg, Commercial-Iii Mumbai",Public Sector Bank,Maharashtra,Mumbai,Mumbai,400021,18.9310462,72.8291519,PMEGP; MUDRA,true,Unknown,Unknown,Unknown,Unknown,Unknown,100,+919771497465,https://sbi.bank.in
P001419,Union Bank of India - Vashi Mid Corporate,Public Sector Bank,Maharashtra,Mumbai,Mumbai,400703,19.0767114,72.9998153,PMEGP; MUDRA,true,Unknown,Unknown,Unknown,Unknown,Unknown,100,+919830306868,https://unionbankofindia.bank.in
P001420,Union Bank of India - Business Process Tranformation,Public Sector Bank,Maharashtra,Mumbai,Mumbai,400021,18.9310462,72.8291519,PMEGP; MUDRA,true,Unknown,Unknown,Unknown,Unknown,Unknown,100,+912222892301,https://unionbankofindia.bank.in
P001421,Bandhan Bank - Andheri East Branch Mumbai,Private Sector Bank,Maharashtra,Mumbai Suburban,Mumbai Suburban,400059,19.1142532,72.8795729,MUDRA,true,Unknown,Unknown,Unknown,Unknown,Unknown,75,+919930043322,https://bandhan.bank.in
P001422,Bank of Maharashtra - Mid Corporate Branch Mumbai North,Public Sector Bank,Maharashtra,Mumbai Suburban,Mumbai Suburban,400051,19.0596467,72.8479312,PMEGP; MUDRA,true,Unknown,Unknown,Unknown,Unknown,Unknown,100,+918657975904,https://bankofmaharashtra.bank.in
P001423,Indian Bank - Bandra West,Public Sector Bank,Maharashtra,Mumbai Suburban,Mumbai Suburban,400050,19.056555,72.8337818,PMEGP; MUDRA,true,Unknown,Unknown,Unknown,Unknown,Unknown,100,+912226439341,https://indianbank.bank.in
P001424,Axis Bank - Civil Lines Nagpur,Private Sector Bank,Maharashtra,Nagpur,Nagpur,440001,21.1524,79.0693,MUDRA,true,Unknown,Unknown,Unknown,Unknown,Unknown,75,+917126623101,https://axis.bank.in
P001425,Bandhan Bank - Nagpur,Private Sector Bank,Maharashtra,Nagpur,Nagpur,440002,21.1527194,79.1092674,MUDRA,true,Unknown,Unknown,Unknown,Unknown,Unknown,75,+919004816191,https://bandhan.bank.in
P001426,Bandhan Bank - Sadar Branch Nagpur,Private Sector Bank,Maharashtra,Nagpur,Nagpur,440001,21.1524,79.0693,MUDRA,true,Unknown,Unknown,Unknown,Unknown,Unknown,75,+9171240456456,https://bandhan.bank.in
P001427,Bank of India - Umred,Public Sector Bank,Maharashtra,Nagpur,Nagpur,432462,,,PMEGP; MUDRA,true,Unknown,Unknown,Unknown,Unknown,Unknown,100,+917116244922,https://bankofindia.bank.in
P001428,Bank of India - Khamla,Public Sector Bank,Maharashtra,Nagpur,Nagpur,440022,21.1368333,79.0800972,PMEGP; MUDRA,true,Unknown,Unknown,Unknown,Unknown,Unknown,100,+917122290002,https://bankofindia.bank.in
P001429,Bank of Maharashtra - Nagpur-Sadar Bazar,Public Sector Bank,Maharashtra,Nagpur,Nagpur,440001,21.1524,79.0693,PMEGP; MUDRA,true,Unknown,Unknown,Unknown,Unknown,Unknown,100,+917066611452,https://bankofmaharashtra.bank.in
P001430,Bank of Maharashtra - Nagpur-Mirchi Bazar,Public Sector Bank,Maharashtra,Nagpur,Nagpur,440002,21.1527194,79.1092674,PMEGP; MUDRA,true,Unknown,Unknown,Unknown,Unknown,Unknown,100,+917066605526,https://bankofmaharashtra.bank.in
P001431,Bank of Maharashtra - Mid Corporate Branch Nagpur,Public Sector Bank,Maharashtra,Nagpur,Nagpur,440012,21.1397722,79.0843944,PMEGP; MUDRA,true,Unknown,Unknown,Unknown,Unknown,Unknown,100,+919145572828,https://bankofmaharashtra.bank.in
P001432,"Canara Bank - Sitabuildi Main, Nagpur",Public Sector Bank,Maharashtra,Nagpur,Nagpur,440012,21.1397722,79.0843944,PMEGP; MUDRA,true,Unknown,Unknown,Unknown,Unknown,Unknown,100,+917122541911,https://canarabank.bank.in
P001433,"Canara Bank - Sadar Bazar,Nagpur",Public Sector Bank,Maharashtra,Nagpur,Nagpur,440001,21.1524,79.0693,PMEGP; MUDRA,true,Unknown,Unknown,Unknown,Unknown,Unknown,100,+917122551942,https://canarabank.bank.in
P001434,Canara Bank - Msme Sulabh Nagpur,Public Sector Bank,Maharashtra,Nagpur,Nagpur,440010,21.1380333,79.0609722,PMEGP; MUDRA,true,Unknown,Unknown,Unknown,Unknown,Unknown,100,+917774069640,https://canarabank.bank.in
P001435,DCB Bank - Nagpur,Private Sector Bank,Maharashtra,Nagpur,Nagpur,440008,21.1464167,79.1212778,MUDRA,true,Unknown,Unknown,Unknown,Unknown,Unknown,75,+918149007902,https://dcb.bank.in
P001436,ICICI Bank - Nagpurcivil Lines,Private Sector Bank,Maharashtra,Nagpur,Nagpur,440001,21.1524,79.0693,MUDRA,true,Unknown,Unknown,Unknown,Unknown,Unknown,75,+919765498442,https://icici.bank.in
P001437,ICICI Bank - Kalamnanagpur Apmc,Private Sector Bank,Maharashtra,Nagpur,Nagpur,440008,21.1464167,79.1212778,MUDRA,true,Unknown,Unknown,Unknown,Unknown,Unknown,75,+919766539817,https://icici.bank.in
P001438,IDBI Bank - Nagpur Specialised Corporate Branch,Private Sector Bank,Maharashtra,Nagpur,Nagpur,440010,21.1380333,79.0609722,MUDRA,true,Unknown,Unknown,Unknown,Unknown,Unknown,75,+919372683470,https://idbi.bank.in
P001439,IDBI Bank - Nagpur Sitabuldi,Private Sector Bank,Maharashtra,Nagpur,Nagpur,440012,21.1397722,79.0843944,MUDRA,true,Unknown,Unknown,Unknown,Unknown,Unknown,75,+919867568636,https://idbi.bank.in
P001440,IDBI Bank - Gandhibagh Nagpur,Private Sector Bank,Maharashtra,Nagpur,Nagpur,440002,21.1527194,79.1092674,MUDRA,true,Unknown,Unknown,Unknown,Unknown,Unknown,75,+917122729319,https://idbi.bank.in
P001441,IDFC FIRST Bank - Nagpur Branch,Private Sector Bank,Maharashtra,Nagpur,Nagpur,440010,21.1380333,79.0609722,MUDRA,true,Unknown,Unknown,Unknown,Unknown,Unknown,75,+919158484448,https://idfcfirst.bank.in
P001442,Indian Bank - Bajaj Nagar Nagpur,Public Sector Bank,Maharashtra,Nagpur,Nagpur,440010,21.1380333,79.0609722,PMEGP; MUDRA,true,Unknown,Unknown,Unknown,Unknown,Unknown,100,+918793706880,https://indianbank.bank.in
P001443,Indian Bank - Nagpur Civil Lines,Public Sector Bank,Maharashtra,Nagpur,Nagpur,440001,21.1524,79.0693,PMEGP; MUDRA,true,Unknown,Unknown,Unknown,Unknown,Unknown,100,+918770523538,https://indianbank.bank.in
P001444,Indian Overseas Bank - Nagpur Ram Nagar,Public Sector Bank,Maharashtra,Nagpur,Nagpur,440010,21.1380333,79.0609722,PMEGP; MUDRA,true,Unknown,Unknown,Unknown,Unknown,Unknown,100,+917122557708,https://www.iob.in
P001445,Indian Overseas Bank - Pandey Layout Nagpur,Public Sector Bank,Maharashtra,Nagpur,Nagpur,440025,21.1106389,79.0609722,PMEGP; MUDRA,true,Unknown,Unknown,Unknown,Unknown,Unknown,100,+917122282799,https://www.iob.in
P001446,Maharashtra Gramin Bank - Hudkeswar,Regional Rural Bank,Maharashtra,Nagpur,Nagpur,440034,21.1102907,79.1222783,PMEGP; MUDRA,true,Unknown,Unknown,Unknown,Unknown,Unknown,100,+919021388859,https://mahagramin.bank.in
P001447,Maharashtra Gramin Bank - Mouda,Regional Rural Bank,Maharashtra,Nagpur,Nagpur,441104,21.170221,79.409,PMEGP; MUDRA,true,Unknown,Unknown,Unknown,Unknown,Unknown,100,+917972740355,https://mahagramin.bank.in
P001448,UCO Bank - Mid Corporate Branch,Public Sector Bank,Maharashtra,Nagpur,Nagpur,440015,20.5913611,79.0710417,PMEGP; MUDRA,true,Unknown,Unknown,Unknown,Unknown,Unknown,100,+917122222880,https://uco.bank.in
P001449,DCB Bank - Nanded-Waghala,Private Sector Bank,Maharashtra,Nanded,Nanded,431601,19.156194,77.310966,MUDRA,true,Unknown,Unknown,Unknown,Unknown,Unknown,75,+912462646113,https://dcb.bank.in
P001450,IDBI Bank - Nanded,Private Sector Bank,Maharashtra,Nanded,Nanded,431601,19.156194,77.310966,MUDRA,true,Unknown,Unknown,Unknown,Unknown,Unknown,75,+919890750950,https://idbi.bank.in
P001451,State Bank of India - Sme Branch Nanded,Public Sector Bank,Maharashtra,Nanded,Nanded,431601,19.156194,77.310966,PMEGP; MUDRA,true,Unknown,Unknown,Unknown,Unknown,Unknown,100,+919908664555,https://sbi.bank.in
P001452,Bank of India - Nandurbar,Public Sector Bank,Maharashtra,Nandurbar,Nandurbar,425412,21.368549,74.245685,PMEGP; MUDRA,true,Unknown,Unknown,Unknown,Unknown,Unknown,100,+918595121231,https://bankofindia.bank.in
P001453,ICICI Bank - Nandurbar,Private Sector Bank,Maharashtra,Nandurbar,Nandurbar,425412,21.368549,74.245685,MUDRA,true,Unknown,Unknown,Unknown,Unknown,Unknown,75,+918007201006,https://icici.bank.in
P001454,IDBI Bank - State Transport Bank Nandurbar,Private Sector Bank,Maharashtra,Nandurbar,Nandurbar,425412,21.368549,74.245685,MUDRA,true,Unknown,Unknown,Unknown,Unknown,Unknown,75,+912564223762,https://idbi.bank.in
P001455,Bandhan Bank - Nashik,Private Sector Bank,Maharashtra,Nashik,Nashik,422005,19.988439,73.720725,MUDRA,true,Unknown,Unknown,Unknown,Unknown,Unknown,75,+917767016181,https://bandhan.bank.in
P001456,Bank of India - Pathardi Phata,Public Sector Bank,Maharashtra,Nashik,Nashik,422010,19.7872017,74.4739469,PMEGP; MUDRA,true,Unknown,Unknown,Unknown,Unknown,Unknown,100,+917840987398,https://bankofindia.bank.in
P001457,HDFC Bank - The Business Co Op Bank Ltd,Private Sector Bank,Maharashtra,Nashik,Nashik,422101,19.968664,73.831608,MUDRA,true,Unknown,Unknown,Unknown,Unknown,Unknown,75,+912532467604,https://hdfc.bank.in
P001458,Bank of India - Shivaji Udyan,Public Sector Bank,Maharashtra,Nasik,Nasik,422003,20.2041759,73.8271927,PMEGP; MUDRA,true,Unknown,Unknown,Unknown,Unknown,Unknown,100,+912532314484,https://bankofindia.bank.in
P001459,Bank of Maharashtra - Mid Corporate Branch Nashik,Public Sector Bank,Maharashtra,Nasik,Nasik,422001,20.0082,73.80645,PMEGP; MUDRA,true,Unknown,Unknown,Unknown,Unknown,Unknown,100,+919145004352,https://bankofmaharashtra.bank.in
P001460,Maharashtra Gramin Bank - Makhamalabad,Regional Rural Bank,Maharashtra,Nasik,Nasik,422003,20.2041759,73.8271927,PMEGP; MUDRA,true,Unknown,Unknown,Unknown,Unknown,Unknown,100,+919096305273,https://mahagramin.bank.in
P001461,UCO Bank - Nasik City,Public Sector Bank,Maharashtra,Nasik,Nasik,422001,20.0082,73.80645,PMEGP; MUDRA,true,Unknown,Unknown,Unknown,Unknown,Unknown,100,+912532573439,https://uco.bank.in
P001462,State Bank of India - Dau Yono,Public Sector Bank,Maharashtra,Navi Mumbai,Navi Mumbai,400706,19.0325625,73.0180139,PMEGP; MUDRA,true,Unknown,Unknown,Unknown,Unknown,Unknown,100,+919136401375,https://sbi.bank.in
P001463,"Bank of Baroda - Seawood,Navi Mumbai",Public Sector Bank,Maharashtra,New Bombay,New Bombay,400076,19.128885,72.9193519,PMEGP; MUDRA,true,Unknown,Unknown,Unknown,Unknown,Unknown,90,Unknown,https://bankofbaroda.bank.in
P001464,Canara Bank - Osmanabad,Public Sector Bank,Maharashtra,Osmanabad,Osmanabad,413501,18.183308,76.037974,PMEGP; MUDRA,true,Unknown,Unknown,Unknown,Unknown,Unknown,100,+912472223314,https://canarabank.bank.in
P001465,State Bank of India - Sme Osmanabad,Public Sector Bank,Maharashtra,Osmanabad,Osmanabad,413501,18.183308,76.037974,PMEGP; MUDRA,true,Unknown,Unknown,Unknown,Unknown,Unknown,100,+918879667182,https://sbi.bank.in
P001466,Yes Bank - Osmanabad Dcc Main Branch,Private Sector Bank,Maharashtra,Osmanabad,Osmanabad,413501,18.183308,76.037974,MUDRA,true,Unknown,Unknown,Unknown,Unknown,Unknown,75,+917774043382,https://yes.bank.in
P001467,Bank of Maharashtra - Housing Finance Branch Vasai-Virar,Public Sector Bank,Maharashtra,Palghar,Palghar,401202,19.3738629,72.8308469,PMEGP; MUDRA,true,Unknown,Unknown,Unknown,Unknown,Unknown,100,+919930782677,https://bankofmaharashtra.bank.in
P001468,IDBI Bank - State Transport Bank Palghar,Private Sector Bank,Maharashtra,Palghar,Palghar,401404,19.6982778,72.7689167,MUDRA,true,Unknown,Unknown,Unknown,Unknown,Unknown,75,+912525254731,https://idbi.bank.in
P001469,Indian Bank - Dahanu Road,Public Sector Bank,Maharashtra,Palghar,Palghar,401602,20.0158992,72.745913,PMEGP; MUDRA,true,Unknown,Unknown,Unknown,Unknown,Unknown,100,+912528224499,https://indianbank.bank.in
P001470,State Bank of India - Rasmeccc Panvel,Public Sector Bank,Maharashtra,Panvel,Panvel,400614,19.0400463,73.0487407,PMEGP; MUDRA,true,Unknown,Unknown,Unknown,Unknown,Unknown,100,+912227576482,https://sbi.bank.in
P001471,Bank of India - Parbhani,Public Sector Bank,Maharashtra,Parbhani,Parbhani,431401,19.2720972,76.7721644,PMEGP; MUDRA,true,Unknown,Unknown,Unknown,Unknown,Unknown,100,+917283233036,https://bankofindia.bank.in
P001472,Canara Bank - Parbhani,Public Sector Bank,Maharashtra,Parbhani,Parbhani,431401,19.2720972,76.7721644,PMEGP; MUDRA,true,Unknown,Unknown,Unknown,Unknown,Unknown,100,+912452229400,https://canarabank.bank.in
P001473,"State Bank of India - Sme, Parbhani",Public Sector Bank,Maharashtra,Parbhani,Parbhani,431401,19.2720972,76.7721644,PMEGP; MUDRA,true,Unknown,Unknown,Unknown,Unknown,Unknown,100,+919822922069,https://sbi.bank.in
P001474,"Bandhan Bank - Wakad Branch, Pune",Private Sector Bank,Maharashtra,Pune,Pune,411057,24.8320525,74.112994,MUDRA,true,Unknown,Unknown,Unknown,Unknown,Unknown,75,+918697222091,https://bandhan.bank.in
P001475,Bandhan Bank - Camp Branch Pune,Private Sector Bank,Maharashtra,Pune,Pune,411001,18.5232222,73.8758611,MUDRA,true,Unknown,Unknown,Unknown,Unknown,Unknown,75,+919831225281,https://bandhan.bank.in
P001476,Bank of India - Tilak Road,Public Sector Bank,Maharashtra,Pune,Pune,431112,20.3000344,75.649975,PMEGP; MUDRA,true,Unknown,Unknown,Unknown,Unknown,Unknown,100,+912024440848,https://bankofindia.bank.in
P001477,Bank of India - Shanipar,Public Sector Bank,Maharashtra,Pune,Pune,411002,18.5153889,73.8567778,PMEGP; MUDRA,true,Unknown,Unknown,Unknown,Unknown,Unknown,100,+912024452832,https://bankofindia.bank.in
P001478,Bank of Maharashtra - Mid Corporate Branch Pune,Public Sector Bank,Maharashtra,Pune,Pune,411045,18.5712778,73.7656944,PMEGP; MUDRA,true,Unknown,Unknown,Unknown,Unknown,Unknown,100,+917030924119,https://bankofmaharashtra.bank.in
P001479,Bank of Maharashtra - Mid Corporate Branch Hadapsar,Public Sector Bank,Maharashtra,Pune,Pune,411013,18.507744,73.917306,PMEGP; MUDRA,true,Unknown,Unknown,Unknown,Unknown,Unknown,100,+918007039003,https://bankofmaharashtra.bank.in
P001480,Bank of Maharashtra - Alternate Business Channel,Public Sector Bank,Maharashtra,Pune,Pune,411005,18.527388,73.850553,PMEGP; MUDRA,true,Unknown,Unknown,Unknown,Unknown,Unknown,100,+912025614287,https://bankofmaharashtra.bank.in
P001481,Canara Bank - Sme Pune Branch,Public Sector Bank,Maharashtra,Pune,Pune,411026,18.629616,73.8359883,PMEGP; MUDRA,true,Unknown,Unknown,Unknown,Unknown,Unknown,100,+912027130539,https://canarabank.bank.in
P001482,Canara Bank - Prime Corporate Branch Pune,Public Sector Bank,Maharashtra,Pune,Pune,411001,18.5232222,73.8758611,PMEGP; MUDRA,true,Unknown,Unknown,Unknown,Unknown,Unknown,100,+912026130443,https://canarabank.bank.in
P001483,Canara Bank - Msme Sulabh Pune,Public Sector Bank,Maharashtra,Pune,Pune,411021,18.5369756,73.8047773,PMEGP; MUDRA,true,Unknown,Unknown,Unknown,Unknown,Unknown,100,+912025329108,https://canarabank.bank.in
P001484,DCB Bank - Pune,Private Sector Bank,Maharashtra,Pune,Pune,411001,18.5232222,73.8758611,MUDRA,true,Unknown,Unknown,Unknown,Unknown,Unknown,75,+912065601301,https://dcb.bank.in
P001485,DCB Bank - J.M.Road - Pune,Private Sector Bank,Maharashtra,Pune,Pune,411004,18.5130926,73.836037,MUDRA,true,Unknown,Unknown,Unknown,Unknown,Unknown,75,+912066421651,https://dcb.bank.in
P001486,HDFC Bank - Defence Account Co Op Bank Ltd,Private Sector Bank,Maharashtra,Pune,Pune,411030,18.514852,73.848987,MUDRA,true,Unknown,Unknown,Unknown,Unknown,Unknown,75,+912024472214,https://hdfc.bank.in
P001487,HDFC Bank - Defence Account Co Op Bank Ltd,Private Sector Bank,Maharashtra,Pune,Pune,411001,18.5232222,73.8758611,MUDRA,true,Unknown,Unknown,Unknown,Unknown,Unknown,75,+912026445519,https://hdfc.bank.in
P001488,ICICI Bank - Punemagarpatta City,Private Sector Bank,Maharashtra,Pune,Pune,411013,18.507744,73.917306,MUDRA,true,Unknown,Unknown,Unknown,Unknown,Unknown,75,+918390902025,https://icici.bank.in
P001489,ICICI Bank - Pune Nanded City,Private Sector Bank,Maharashtra,Pune,Pune,411041,18.4830973,73.8343473,MUDRA,true,Unknown,Unknown,Unknown,Unknown,Unknown,75,+919607950143,https://icici.bank.in
P001490,IDBI Bank - Nigdi,Private Sector Bank,Maharashtra,Pune,Pune,411044,18.6588889,73.7502778,MUDRA,true,Unknown,Unknown,Unknown,Unknown,Unknown,75,+912067301100,https://idbi.bank.in
P001491,IDBI Bank - Koregaon Park,Private Sector Bank,Maharashtra,Pune,Pune,411001,18.5232222,73.8758611,MUDRA,true,Unknown,Unknown,Unknown,Unknown,Unknown,75,+919868949531,https://idbi.bank.in
P001492,IDBI Bank - Specialised Corporate Branch,Private Sector Bank,Maharashtra,Pune,Pune,411016,18.5330463,73.8330926,MUDRA,true,Unknown,Unknown,Unknown,Unknown,Unknown,75,+918080199920,https://idbi.bank.in
P001493,IDFC FIRST Bank - Pune Bund Garden Road,Private Sector Bank,Maharashtra,Pune,Pune,411001,18.5232222,73.8758611,MUDRA,true,Unknown,Unknown,Unknown,Unknown,Unknown,75,+912066483000,https://idfcfirst.bank.in
P001494,Punjab National Bank - Pune Main,Public Sector Bank,Maharashtra,Pune,Pune,411001,18.5232222,73.8758611,PMEGP; MUDRA,true,Unknown,Unknown,Unknown,Unknown,Unknown,100,+91205492,https://pnb.bank.in
P001495,Punjab National Bank - Nanded City,Public Sector Bank,Maharashtra,Pune,Pune,411041,18.4830973,73.8343473,PMEGP; MUDRA,true,Unknown,Unknown,Unknown,Unknown,Unknown,100,+918454946465,https://pnb.bank.in
P001496,State Bank of India - Corporate Salary Branch Hinjewadi,Public Sector Bank,Maharashtra,Pune,Pune,411057,24.8320525,74.112994,PMEGP; MUDRA,true,Unknown,Unknown,Unknown,Unknown,Unknown,100,+917447820707,https://sbi.bank.in
P001497,UCO Bank - Pune City,Public Sector Bank,Maharashtra,Pune,Pune,411030,18.514852,73.848987,PMEGP; MUDRA,true,Unknown,Unknown,Unknown,Unknown,Unknown,100,+912024451840,https://uco.bank.in
P001498,DCB Bank - Kalamboli,Private Sector Bank,Maharashtra,Raigad,Raigad,410218,19.0267222,73.1048056,MUDRA,true,Unknown,Unknown,Unknown,Unknown,Unknown,75,+912265992075,https://dcb.bank.in
P001499,Indian Bank - Kamothe,Public Sector Bank,Maharashtra,Raigad,Raigad,410209,19.016,73.096,PMEGP; MUDRA,true,Unknown,Unknown,Unknown,Unknown,Unknown,100,+912227431072,https://indianbank.bank.in
P001500,State Bank of India - Sbiintouch Panvel,Public Sector Bank,Maharashtra,Raigad,Raigad,410206,19.0302093,73.1159966,PMEGP; MUDRA,true,Unknown,Unknown,Unknown,Unknown,Unknown,100,+919096647551,https://sbi.bank.in
P001501,Bank of India - Vahal,Public Sector Bank,Maharashtra,Ratnagiri,Ratnagiri,415641,16.721396,73.4245636,PMEGP; MUDRA,true,Unknown,Unknown,Unknown,Unknown,Unknown,100,+919970838822,https://bankofindia.bank.in
P001502,Canara Bank - Ratnagiri Maharashtra,Public Sector Bank,Maharashtra,Ratnagiri,Ratnagiri,415612,16.995752,73.293539,PMEGP; MUDRA,true,Unknown,Unknown,Unknown,Unknown,Unknown,100,+912352270381,https://canarabank.bank.in
P001503,IDBI Bank - Ratnagiri,Private Sector Bank,Maharashtra,Ratnagiri,Ratnagiri,415612,16.995752,73.293539,MUDRA,true,Unknown,Unknown,Unknown,Unknown,Unknown,75,+919420243540,https://idbi.bank.in
P001504,Maharashtra Gramin Bank - Ratnagiri,Regional Rural Bank,Maharashtra,Ratnagiri,Ratnagiri,415612,16.995752,73.293539,PMEGP; MUDRA,true,Unknown,Unknown,Unknown,Unknown,Unknown,100,+919404155997,https://mahagramin.bank.in
P001505,Bank of Baroda - Sangamner Branch,Public Sector Bank,Maharashtra,Sangamner,Sangamner,422605,19.572333,74.2089611,PMEGP; MUDRA,true,Unknown,Unknown,Unknown,Unknown,Unknown,90,Unknown,https://bankofbaroda.bank.in
P001506,Bank of India - Vishrambag,Public Sector Bank,Maharashtra,Sangli,Sangli,416415,16.8462953,74.6025267,PMEGP; MUDRA,true,Unknown,Unknown,Unknown,Unknown,Unknown,100,+912332301887,https://bankofindia.bank.in
P001507,IDBI Bank - Sangli,Private Sector Bank,Maharashtra,Sangli,Sangli,416416,16.860161,74.5681141,MUDRA,true,Unknown,Unknown,Unknown,Unknown,Unknown,75,+918378972708,https://idbi.bank.in
P001508,Indian Bank - Sangli,Public Sector Bank,Maharashtra,Sangli,Sangli,416416,16.860161,74.5681141,PMEGP; MUDRA,true,Unknown,Unknown,Unknown,Unknown,Unknown,100,+912332622776,https://indianbank.bank.in
P001509,Maharashtra Gramin Bank - Sangli,Regional Rural Bank,Maharashtra,Sangli,Sangli,416416,16.860161,74.5681141,PMEGP; MUDRA,true,Unknown,Unknown,Unknown,Unknown,Unknown,100,+919552710378,https://mahagramin.bank.in
P001510,Bandhan Bank - Satara,Private Sector Bank,Maharashtra,Satara,Satara,415002,17.68374,73.991677,MUDRA,true,Unknown,Unknown,Unknown,Unknown,Unknown,75,+919987312771,https://bandhan.bank.in
P001511,Bank of Maharashtra - Satara-City,Public Sector Bank,Maharashtra,Satara,Satara,415002,17.68374,73.991677,PMEGP; MUDRA,true,Unknown,Unknown,Unknown,Unknown,Unknown,100,+919028087011,https://bankofmaharashtra.bank.in
P001512,Canara Bank - Satara,Public Sector Bank,Maharashtra,Satara,Satara,415002,17.68374,73.991677,PMEGP; MUDRA,true,Unknown,Unknown,Unknown,Unknown,Unknown,100,+912162238186,https://canarabank.bank.in
P001513,Maharashtra Gramin Bank - Nagthane,Regional Rural Bank,Maharashtra,Satara,Satara,415519,17.7371405,73.999195,PMEGP; MUDRA,true,Unknown,Unknown,Unknown,Unknown,Unknown,100,+919766448186,https://mahagramin.bank.in
P001514,Bank of Baroda - Kanakavali,Public Sector Bank,Maharashtra,Sindhudurg,Sindhudurg,416602,16.3510196,73.6649437,PMEGP; MUDRA,true,Unknown,Unknown,Unknown,Unknown,Unknown,90,Unknown,https://bankofbaroda.bank.in
P001515,Canara Bank - Rewandi,Public Sector Bank,Maharashtra,Sindhudurg,Sindhudurg,416606,16.0578056,73.46725,PMEGP; MUDRA,true,Unknown,Unknown,Unknown,Unknown,Unknown,90,Unknown,https://canarabank.bank.in
P001516,Maharashtra Gramin Bank - Kudal,Regional Rural Bank,Maharashtra,Sindhudurg,Sindhudurg,416520,15.9108056,73.8230833,PMEGP; MUDRA,true,Unknown,Unknown,Unknown,Unknown,Unknown,100,+917774045301,https://mahagramin.bank.in
P001517,Bank of India - Shingorni,Public Sector Bank,Maharashtra,Solapur,Solapur,413306,17.7530906,74.9973518,PMEGP; MUDRA,true,Unknown,Unknown,Unknown,Unknown,Unknown,100,+918149321626,https://bankofindia.bank.in
P001518,"Canara Bank - Chatogalli ,Main, Sholapur",Public Sector Bank,Maharashtra,Solapur,Solapur,413002,17.68174,75.912025,PMEGP; MUDRA,true,Unknown,Unknown,Unknown,Unknown,Unknown,100,+912172323529,https://canarabank.bank.in
P001519,Indian Bank - Solapur Main,Public Sector Bank,Maharashtra,Solapur,Solapur,413001,17.6659167,75.8943333,PMEGP; MUDRA,true,Unknown,Unknown,Unknown,Unknown,Unknown,100,+912172319192,https://indianbank.bank.in
P001520,Maharashtra Gramin Bank - Solapur,Regional Rural Bank,Maharashtra,Solapur,Solapur,413001,17.6659167,75.8943333,PMEGP; MUDRA,true,Unknown,Unknown,Unknown,Unknown,Unknown,100,+918007163797,https://mahagramin.bank.in
P001521,Bandhan Bank - Thane,Private Sector Bank,Maharashtra,Thane,Thane,400601,19.1993056,72.9793333,MUDRA,true,Unknown,Unknown,Unknown,Unknown,Unknown,75,+919769915631,https://bandhan.bank.in
P001522,Bank of India - Apmc Market Vashi Turbhe,Public Sector Bank,Maharashtra,Thane,Thane,400705,19.06409,73.010679,PMEGP; MUDRA,true,Unknown,Unknown,Unknown,Unknown,Unknown,100,+912227562957,https://bankofindia.bank.in
P001523,Bank of Maharashtra - Mid Corporate Branch Thane,Public Sector Bank,Maharashtra,Thane,Thane,400604,19.1860556,72.9577778,PMEGP; MUDRA,true,Unknown,Unknown,Unknown,Unknown,Unknown,100,+919607775010,https://bankofmaharashtra.bank.in
P001524,Canara Bank - Thane Sme Sulabh,Public Sector Bank,Maharashtra,Thane,Thane,400602,19.1993056,72.9793333,PMEGP; MUDRA,true,Unknown,Unknown,Unknown,Unknown,Unknown,100,+912225447961,https://canarabank.bank.in
P001525,Canara Bank - Mid Corporate Branch Thane,Public Sector Bank,Maharashtra,Thane,Thane,400602,19.1993056,72.9793333,PMEGP; MUDRA,true,Unknown,Unknown,Unknown,Unknown,Unknown,100,+919967603140,https://canarabank.bank.in
P001526,DCB Bank - Mumbra,Private Sector Bank,Maharashtra,Thane,Thane,400612,19.1936366,73.0146186,MUDRA,true,Unknown,Unknown,Unknown,Unknown,Unknown,75,+912265992150,https://dcb.bank.in
P001527,ICICI Bank - Kalyan Main,Private Sector Bank,Maharashtra,Thane,Thane,421301,19.2072777,73.18275,MUDRA,true,Unknown,Unknown,Unknown,Unknown,Unknown,75,+918879440082,https://icici.bank.in
P001528,"IDBI Bank - Ghantali,Thane",Private Sector Bank,Maharashtra,Thane,Thane,400602,19.1993056,72.9793333,MUDRA,true,Unknown,Unknown,Unknown,Unknown,Unknown,75,+919771492451,https://idbi.bank.in
P001529,IDFC FIRST Bank - Trade Finance Cputi,Private Sector Bank,Maharashtra,Thane,Thane,400708,19.1511528,72.9923194,MUDRA,true,Unknown,Unknown,Unknown,Unknown,Unknown,75,+912271325499,https://idfcfirst.bank.in
P001530,State Bank of India - Sme Dombivli Industrial Estate,Public Sector Bank,Maharashtra,Thane,Thane,421202,19.2215556,73.0830556,PMEGP; MUDRA,true,Unknown,Unknown,Unknown,Unknown,Unknown,100,+919004748460,https://sbi.bank.in
P001531,Bank of Baroda - Vasai-East Branch,Public Sector Bank,Maharashtra,Vasai,Vasai,401202,19.3845278,72.8324444,PMEGP; MUDRA,true,Unknown,Unknown,Unknown,Unknown,Unknown,90,Unknown,https://bankofbaroda.bank.in
P001532,Bank of India - Ram Nagar,Public Sector Bank,Maharashtra,Wardha,Wardha,442001,21.1483333,79.0715556,PMEGP; MUDRA,true,Unknown,Unknown,Unknown,Unknown,Unknown,100,+918806550193,https://bankofindia.bank.in
P001533,Canara Bank - Wardha,Public Sector Bank,Maharashtra,Wardha,Wardha,440201,,,PMEGP; MUDRA,true,Unknown,Unknown,Unknown,Unknown,Unknown,100,+91771244187,https://canarabank.bank.in
P001534,DCB Bank - Wardha,Private Sector Bank,Maharashtra,Wardha,Wardha,442001,21.1483333,79.0715556,MUDRA,true,Unknown,Unknown,Unknown,Unknown,Unknown,75,+91715268997777,https://dcb.bank.in
P001535,Maharashtra Gramin Bank - Hinganghat,Regional Rural Bank,Maharashtra,Wardha,Wardha,442301,20.7253086,78.2309332,PMEGP; MUDRA,true,Unknown,Unknown,Unknown,Unknown,Unknown,100,+919422834081,https://mahagramin.bank.in
P001536,DCB Bank - Washim,Private Sector Bank,Maharashtra,Washim,Washim,444505,20.1159444,77.1358333,MUDRA,true,Unknown,Unknown,Unknown,Unknown,Unknown,75,+91725268997777,https://dcb.bank.in
P001537,IDBI Bank - Washim,Private Sector Bank,Maharashtra,Washim,Washim,444505,20.1159444,77.1358333,MUDRA,true,Unknown,Unknown,Unknown,Unknown,Unknown,75,+918087020189,https://idbi.bank.in
P001538,Maharashtra Gramin Bank - Shelu Bazar,Regional Rural Bank,Maharashtra,Washim,Washim,444402,20.33,77.21,PMEGP; MUDRA,true,Unknown,Unknown,Unknown,Unknown,Unknown,100,+918208928463,https://mahagramin.bank.in
P001539,State Bank of India - Sme Branch Washim,Public Sector Bank,Maharashtra,Washim,Washim,444505,20.1159444,77.1358333,PMEGP; MUDRA,true,Unknown,Unknown,Unknown,Unknown,Unknown,100,+919923208526,https://sbi.bank.in
P001540,Axis Bank - Br Main Road The Ydcc Bank Ltd,Private Sector Bank,Maharashtra,Yavatmal,Yavatmal,445001,20.3850278,78.119,MUDRA,true,Unknown,Unknown,Unknown,Unknown,Unknown,75,+917588042618,https://axis.bank.in
P001541,Maharashtra Gramin Bank - Akola Bazar,Regional Rural Bank,Maharashtra,Yavatmal,Yavatmal,445109,20.1666388,78.1498055,PMEGP; MUDRA,true,Unknown,Unknown,Unknown,Unknown,Unknown,100,+919881584205,https://mahagramin.bank.in
P001542,"State Bank of India - Main Line, Yavatmal",Public Sector Bank,Maharashtra,Yavatmal,Yavatmal,445001,20.3850278,78.119,PMEGP; MUDRA,true,Unknown,Unknown,Unknown,Unknown,Unknown,100,+919922666530,https://sbi.bank.in
P001543,Yes Bank - The Yavatmal Ucb Main,Private Sector Bank,Maharashtra,Yavatmal,Yavatmal,445001,20.3850278,78.119,MUDRA,true,Unknown,Unknown,Unknown,Unknown,Unknown,75,+917232245183,https://yes.bank.in
P001544,UCO Bank - Chandel Bazar,Public Sector Bank,Manipur,Chandel,Chandel,795127,24.078468,93.999099,PMEGP; MUDRA,true,Unknown,Unknown,Unknown,Unknown,Unknown,100,+919774413835,https://uco.bank.in
P001545,Union Bank of India - Chandel,Public Sector Bank,Manipur,Chandel,Chandel,795127,24.078468,93.999099,PMEGP; MUDRA,true,Unknown,Unknown,Unknown,Unknown,Unknown,100,+918826709431,https://unionbankofindia.bank.in
P001546,Bank of India - Churachandpur,Public Sector Bank,Manipur,Churachandpur,Churachandpur,795006,24.7249192,93.596053,PMEGP; MUDRA,true,Unknown,Unknown,Unknown,Unknown,Unknown,100,+919864762792,https://bankofindia.bank.in
P001547,ICICI Bank - Churachanpur,Private Sector Bank,Manipur,Churachandpur,Churachandpur,795128,24.35725,93.7028056,MUDRA,true,Unknown,Unknown,Unknown,Unknown,Unknown,75,+917085051825,https://icici.bank.in
P001548,IDBI Bank - Churachandpur,Private Sector Bank,Manipur,Churachandpur,Churachandpur,795128,24.35725,93.7028056,MUDRA,true,Unknown,Unknown,Unknown,Unknown,Unknown,75,+919436280522,https://idbi.bank.in
P001549,Axis Bank - Chingmeirong,Private Sector Bank,Manipur,Imphal,Imphal,795001,24.8019722,93.9405278,MUDRA,true,Unknown,Unknown,Unknown,Unknown,Unknown,75,+913852421128,https://axis.bank.in
P001550,Canara Bank - Imphal,Public Sector Bank,Manipur,Imphal,Imphal,795001,24.8019722,93.9405278,PMEGP; MUDRA,true,Unknown,Unknown,Unknown,Unknown,Unknown,100,+913852450876,https://canarabank.bank.in
P001551,ICICI Bank - Imphal West,Private Sector Bank,Manipur,Imphal,Imphal,795001,24.8019722,93.9405278,MUDRA,true,Unknown,Unknown,Unknown,Unknown,Unknown,75,+917085051765,https://icici.bank.in
P001552,IDBI Bank - Imphal,Private Sector Bank,Manipur,Imphal,Imphal,795001,24.8019722,93.9405278,MUDRA,true,Unknown,Unknown,Unknown,Unknown,Unknown,75,+919088018733,https://idbi.bank.in
P001553,Indian Overseas Bank - Imphal,Public Sector Bank,Manipur,Imphal,Imphal,795001,24.8019722,93.9405278,PMEGP; MUDRA,true,Unknown,Unknown,Unknown,Unknown,Unknown,100,+913852451232,https://www.iob.in
P001554,Punjab & Sind Bank - Imphal,Public Sector Bank,Manipur,Imphal,Imphal,795001,24.8019722,93.9405278,PMEGP; MUDRA,true,Unknown,Unknown,Unknown,Unknown,Unknown,100,+913672256760,https://punjabandsind.bank.in
P001555,State Bank of India - Moirang,Public Sector Bank,Manipur,Imphal,Imphal,795133,24.5112059,93.6573845,PMEGP; MUDRA,true,Unknown,Unknown,Unknown,Unknown,Unknown,100,+918794709821,https://sbi.bank.in
P001556,State Bank of India - Terra Bazar,Public Sector Bank,Manipur,Imphal,Imphal,795001,24.8019722,93.9405278,PMEGP; MUDRA,true,Unknown,Unknown,Unknown,Unknown,Unknown,100,+917085465523,https://sbi.bank.in
P001557,UCO Bank - Imphal,Public Sector Bank,Manipur,Imphal,Imphal,795001,24.8019722,93.9405278,PMEGP; MUDRA,true,Unknown,Unknown,Unknown,Unknown,Unknown,100,+913812451145,https://uco.bank.in
P001558,Union Bank of India - Imphal,Public Sector Bank,Manipur,Imphal,Imphal,795001,24.8019722,93.9405278,PMEGP; MUDRA,true,Unknown,Unknown,Unknown,Unknown,Unknown,100,+919613863282,https://unionbankofindia.bank.in
P001559,Bank of Baroda - Imphal,Public Sector Bank,Manipur,Imphal West,Imphal West,795001,24.806037,93.9395278,PMEGP; MUDRA,true,Unknown,Unknown,Unknown,Unknown,Unknown,90,Unknown,https://bankofbaroda.bank.in
P001560,Punjab National Bank - Currency Chest Jiribam,Public Sector Bank,Manipur,Jiribam,Jiribam,795116,24.8019722,93.9405278,PMEGP; MUDRA,true,Unknown,Unknown,Unknown,Unknown,Unknown,90,Unknown,https://pnb.bank.in
P001561,State Bank of India - Jiribam,Public Sector Bank,Manipur,Jiribam,Jiribam,795116,24.8019722,93.9405278,PMEGP; MUDRA,true,Unknown,Unknown,Unknown,Unknown,Unknown,90,Unknown,https://sbi.bank.in
P001562,Indian Bank - Kakching,Public Sector Bank,Manipur,Kakching,Kakching,795103,24.404819,93.896892,PMEGP; MUDRA,true,Unknown,Unknown,Unknown,Unknown,Unknown,100,+917085701534,https://indianbank.bank.in
P001563,IDBI Bank - Kangpokpi,Private Sector Bank,Manipur,Kangpokpi,Kangpokpi,795129,25.325855,94.12465,MUDRA,true,Unknown,Unknown,Unknown,Unknown,Unknown,75,+918974229507,https://idbi.bank.in
P001564,Indian Bank - Kongpokpi,Public Sector Bank,Manipur,Kangpokpi,Kangpokpi,795129,25.325855,94.12465,PMEGP; MUDRA,true,Unknown,Unknown,Unknown,Unknown,Unknown,100,+919774515068,https://indianbank.bank.in
P001565,Union Bank of India - Kangpokpi,Public Sector Bank,Manipur,Kangpokpi,Kangpokpi,795129,25.325855,94.12465,PMEGP; MUDRA,true,Unknown,Unknown,Unknown,Unknown,Unknown,100,+919862856195,https://unionbankofindia.bank.in
P001566,Bank of India - Senapati Town,Public Sector Bank,Manipur,Senapati,Senapati,795106,25.325855,94.12465,PMEGP; MUDRA,true,Unknown,Unknown,Unknown,Unknown,Unknown,100,+913871222070,https://bankofindia.bank.in
P001567,IDBI Bank - Senapati,Private Sector Bank,Manipur,Senapati,Senapati,795106,25.325855,94.12465,MUDRA,true,Unknown,Unknown,Unknown,Unknown,Unknown,75,+916009512462,https://idbi.bank.in
P001568,UCO Bank - Senapati Bazar,Public Sector Bank,Manipur,Senapati,Senapati,795106,25.325855,94.12465,PMEGP; MUDRA,true,Unknown,Unknown,Unknown,Unknown,Unknown,100,+918414977994,https://uco.bank.in
P001569,Yes Bank - Manipur Scb Tamenglong,Private Sector Bank,Manipur,Tamenglong,Tamenglong,795141,25.019058,93.486213,MUDRA,true,Unknown,Unknown,Unknown,Unknown,Unknown,75,+919402260289,https://yes.bank.in
P001570,ICICI Bank - Thoubal,Private Sector Bank,Manipur,Thoubal,Thoubal,795138,24.644924,93.99929,MUDRA,true,Unknown,Unknown,Unknown,Unknown,Unknown,75,+918415900289,https://icici.bank.in
P001571,Punjab National Bank - Thoubal,Public Sector Bank,Manipur,Thoubal,Thoubal,795138,24.644924,93.99929,PMEGP; MUDRA,true,Unknown,Unknown,Unknown,Unknown,Unknown,100,+919436236485,https://pnb.bank.in
P001572,Yes Bank - Manipur Scb Thoubal,Private Sector Bank,Manipur,Thoubal,Thoubal,795138,24.644924,93.99929,MUDRA,true,Unknown,Unknown,Unknown,Unknown,Unknown,75,+913848222232,https://yes.bank.in
P001573,State Bank of India - Ukhrul Town,Public Sector Bank,Manipur,Ukhrul,Ukhrul,795142,25.1091111,94.3592222,PMEGP; MUDRA,true,Unknown,Unknown,Unknown,Unknown,Unknown,100,+917042810876,https://sbi.bank.in
P001574,UCO Bank - Ukhrul Main Bazar,Public Sector Bank,Manipur,Ukhrul,Ukhrul,795142,25.1091111,94.3592222,PMEGP; MUDRA,true,Unknown,Unknown,Unknown,Unknown,Unknown,100,+918014814620,https://uco.bank.in
P001575,Union Bank of India - Ukhrul,Public Sector Bank,Manipur,Ukhrul,Ukhrul,795142,25.1091111,94.3592222,PMEGP; MUDRA,true,Unknown,Unknown,Unknown,Unknown,Unknown,100,+917063553701,https://unionbankofindia.bank.in
P001576,Bank of Baroda - Shillong,Public Sector Bank,Meghalaya,East Khasi Hills,East Khasi Hills,793001,25.5763083,91.8890306,PMEGP; MUDRA,true,Unknown,Unknown,Unknown,Unknown,Unknown,90,Unknown,https://bankofbaroda.bank.in
P001577,HDFC Bank - Upper Shillong,Private Sector Bank,Meghalaya,East Khasi Hills,East Khasi Hills,793005,25.5739167,91.8848611,MUDRA,true,Unknown,Unknown,Unknown,Unknown,Unknown,65,Unknown,https://hdfc.bank.in
P001578,State Bank of India - Nongpoh,Public Sector Bank,Meghalaya,Ri Bhoi,Ri Bhoi,793102,25.7392198,92.1735532,PMEGP; MUDRA,true,Unknown,Unknown,Unknown,Unknown,Unknown,90,Unknown,https://sbi.bank.in
P001579,Axis Bank - Iewduh,Private Sector Bank,Meghalaya,Shillong,Shillong,793002,25.5776111,91.8787222,MUDRA,true,Unknown,Unknown,Unknown,Unknown,Unknown,75,+91364364,https://axis.bank.in
P001580,State Bank of India - Mylliem,Public Sector Bank,Meghalaya,Shillong,Shillong,793009,25.5739167,91.8848611,PMEGP; MUDRA,true,Unknown,Unknown,Unknown,Unknown,Unknown,100,+919436303418,https://sbi.bank.in
P001581,State Bank of India - Sohryngkham,Public Sector Bank,Meghalaya,Shillong,Shillong,793021,25.5739167,91.8848611,PMEGP; MUDRA,true,Unknown,Unknown,Unknown,Unknown,Unknown,100,+919387200402,https://sbi.bank.in
P001582,UCO Bank - Shillong,Public Sector Bank,Meghalaya,Shillong,Shillong,793001,25.5739167,91.8848611,PMEGP; MUDRA,true,Unknown,Unknown,Unknown,Unknown,Unknown,100,+913612226264,https://uco.bank.in
P001583,State Bank of India - Williamnagar Bazar,Public Sector Bank,Meghalaya,Tura,Tura,794111,25.6552404,90.5486592,PMEGP; MUDRA,true,Unknown,Unknown,Unknown,Unknown,Unknown,100,+919366012099,https://sbi.bank.in
P001584,HDFC Bank - Ampatigiri,Private Sector Bank,Meghalaya,West Garo Hills,West Garo Hills,794105,25.6007558,90.0848774,MUDRA,true,Unknown,Unknown,Unknown,Unknown,Unknown,65,Unknown,https://hdfc.bank.in
P001585,Bandhan Bank - Aizawl,Private Sector Bank,Mizoram,Aizawl,Aizawl,796001,23.7258333,92.7190278,MUDRA,true,Unknown,Unknown,Unknown,Unknown,Unknown,75,+917439616971,https://bandhan.bank.in
P001586,Bandhan Bank - Chanmari Branch,Private Sector Bank,Mizoram,Aizawl,Aizawl,796007,23.7403828,92.7211191,MUDRA,true,Unknown,Unknown,Unknown,Unknown,Unknown,75,+918017522671,https://bandhan.bank.in
P001587,Bank of India - Upper Republic,Public Sector Bank,Mizoram,Aizawl,Aizawl,796001,23.7258333,92.7190278,PMEGP; MUDRA,true,Unknown,Unknown,Unknown,Unknown,Unknown,100,+913892313546,https://bankofindia.bank.in
P001588,Bank of India - Aizawl,Public Sector Bank,Mizoram,Aizawl,Aizawl,796014,23.7258333,92.7190278,PMEGP; MUDRA,true,Unknown,Unknown,Unknown,Unknown,Unknown,100,+919612082861,https://bankofindia.bank.in
P001589,Canara Bank - Aizawl,Public Sector Bank,Mizoram,Aizawl,Aizawl,796001,23.7258333,92.7190278,PMEGP; MUDRA,true,Unknown,Unknown,Unknown,Unknown,Unknown,100,+913892321055,https://canarabank.bank.in
P001590,"ICICI Bank - Aizawl, Mizoram",Private Sector Bank,Mizoram,Aizawl,Aizawl,796007,23.7403828,92.7211191,MUDRA,true,Unknown,Unknown,Unknown,Unknown,Unknown,75,+919774445985,https://icici.bank.in
P001591,IDBI Bank - Sihphir,Private Sector Bank,Mizoram,Aizawl,Aizawl,796036,,,MUDRA,true,Unknown,Unknown,Unknown,Unknown,Unknown,75,+919614461804,https://idbi.bank.in
P001592,Punjab & Sind Bank - Aizawl,Public Sector Bank,Mizoram,Aizawl,Aizawl,796001,23.7258333,92.7190278,PMEGP; MUDRA,true,Unknown,Unknown,Unknown,Unknown,Unknown,100,+913612523755,https://punjabandsind.bank.in
P001593,State Bank of India - Khatla,Public Sector Bank,Mizoram,Aizawl,Aizawl,796001,23.7258333,92.7190278,PMEGP; MUDRA,true,Unknown,Unknown,Unknown,Unknown,Unknown,100,+918730003993,https://sbi.bank.in
P001594,Union Bank of India - Aizawl South,Public Sector Bank,Mizoram,Aizawl,Aizawl,796005,23.7223692,92.7169998,PMEGP; MUDRA,true,Unknown,Unknown,Unknown,Unknown,Unknown,100,+918851548184,https://unionbankofindia.bank.in
P001595,Axis Bank - Champhai,Private Sector Bank,Mizoram,Champhai,Champhai,796321,23.470632,93.322124,MUDRA,true,Unknown,Unknown,Unknown,Unknown,Unknown,75,+913831234990,https://axis.bank.in
P001596,ICICI Bank - Champhai,Private Sector Bank,Mizoram,Champhai,Champhai,796321,23.470632,93.322124,MUDRA,true,Unknown,Unknown,Unknown,Unknown,Unknown,75,+918414958566,https://icici.bank.in
P001597,Punjab National Bank - Champhai,Public Sector Bank,Mizoram,Champhai,Champhai,796321,23.470632,93.322124,PMEGP; MUDRA,true,Unknown,Unknown,Unknown,Unknown,Unknown,100,+919454945427,https://pnb.bank.in
P001598,Bandhan Bank - Kolasib,Private Sector Bank,Mizoram,Kolasib,Kolasib,796081,24.225321,92.676727,MUDRA,true,Unknown,Unknown,Unknown,Unknown,Unknown,75,+917640815241,https://bandhan.bank.in
P001599,Canara Bank - Kolasib,Public Sector Bank,Mizoram,Kolasib,Kolasib,796081,24.225321,92.676727,PMEGP; MUDRA,true,Unknown,Unknown,Unknown,Unknown,Unknown,100,+913837220172,https://canarabank.bank.in
P001600,Punjab National Bank - Kolasib,Public Sector Bank,Mizoram,Kolasib,Kolasib,796081,24.225321,92.676727,PMEGP; MUDRA,true,Unknown,Unknown,Unknown,Unknown,Unknown,100,+913837880099,https://pnb.bank.in
P001601,Punjab National Bank - Lawngtlai,Public Sector Bank,Mizoram,Lawngtlai,Lawngtlai,796081,24.1921049,92.6153746,PMEGP; MUDRA,true,Unknown,Unknown,Unknown,Unknown,Unknown,100,+918729988161,https://pnb.bank.in
P001602,IDBI Bank - Lunglei,Private Sector Bank,Mizoram,Lunglei,Lunglei,796701,22.8896111,92.7435278,MUDRA,true,Unknown,Unknown,Unknown,Unknown,Unknown,75,+917005659206,https://idbi.bank.in
P001603,Punjab National Bank - Lunglei,Public Sector Bank,Mizoram,Lunglei,Lunglei,796701,22.8896111,92.7435278,PMEGP; MUDRA,true,Unknown,Unknown,Unknown,Unknown,Unknown,100,+913722323339,https://pnb.bank.in
P001604,State Bank of India - Aoc Square Lunglei,Public Sector Bank,Mizoram,Lunglei,Lunglei,796701,22.8896111,92.7435278,PMEGP; MUDRA,true,Unknown,Unknown,Unknown,Unknown,Unknown,100,+918730003915,https://sbi.bank.in
P001605,State Bank of India - Saiha,Public Sector Bank,Mizoram,Saiha,Saiha,796901,22.489779,92.979097,PMEGP; MUDRA,true,Unknown,Unknown,Unknown,Unknown,Unknown,90,Unknown,https://sbi.bank.in
P001606,Punjab National Bank - Serchhip,Public Sector Bank,Mizoram,Serchhip,Serchhip,796181,23.341457,92.85018,PMEGP; MUDRA,true,Unknown,Unknown,Unknown,Unknown,Unknown,100,+913838222043,https://pnb.bank.in
P001607,Bandhan Bank - Purana Bazar Dimapur,Private Sector Bank,Nagaland,Dimapur,Dimapur,797116,25.863216,93.754315,MUDRA,true,Unknown,Unknown,Unknown,Unknown,Unknown,75,+919163323871,https://bandhan.bank.in
P001608,ICICI Bank - Purana Bazar,Private Sector Bank,Nagaland,Dimapur,Dimapur,797116,25.863216,93.754315,MUDRA,true,Unknown,Unknown,Unknown,Unknown,Unknown,75,+917085069426,https://icici.bank.in
P001609,IDBI Bank - Dimapur Main Branch,Private Sector Bank,Nagaland,Dimapur,Dimapur,797112,25.9058333,93.7393333,MUDRA,true,Unknown,Unknown,Unknown,Unknown,Unknown,75,+919774029577,https://idbi.bank.in
P001610,State Bank of India - Kiphire,Public Sector Bank,Nagaland,Kiphire,Kiphire,796611,,,PMEGP; MUDRA,true,Unknown,Unknown,Unknown,Unknown,Unknown,90,Unknown,https://sbi.bank.in
P001611,Bandhan Bank - Kohima,Private Sector Bank,Nagaland,Kohima,Kohima,797001,25.6707778,94.1075833,MUDRA,true,Unknown,Unknown,Unknown,Unknown,Unknown,75,+919774917391,https://bandhan.bank.in
P001612,Canara Bank - Kohima,Public Sector Bank,Nagaland,Kohima,Kohima,797001,25.6707778,94.1075833,PMEGP; MUDRA,true,Unknown,Unknown,Unknown,Unknown,Unknown,100,+91370224235,https://canarabank.bank.in
P001613,ICICI Bank - Kohima,Private Sector Bank,Nagaland,Kohima,Kohima,797001,25.6707778,94.1075833,MUDRA,true,Unknown,Unknown,Unknown,Unknown,Unknown,75,+918575002395,https://icici.bank.in
P001614,IDBI Bank - Kohima,Private Sector Bank,Nagaland,Kohima,Kohima,797001,25.6707778,94.1075833,MUDRA,true,Unknown,Unknown,Unknown,Unknown,Unknown,75,+919999589616,https://idbi.bank.in
P001615,IDBI Bank - Secretariat Kohima,Private Sector Bank,Nagaland,Kohima,Kohima,797001,25.6707778,94.1075833,MUDRA,true,Unknown,Unknown,Unknown,Unknown,Unknown,75,+919774029577,https://idbi.bank.in
P001616,Indian Bank - Kohima,Public Sector Bank,Nagaland,Kohima,Kohima,797001,25.6707778,94.1075833,PMEGP; MUDRA,true,Unknown,Unknown,Unknown,Unknown,Unknown,100,+917908213221,https://indianbank.bank.in
P001617,Punjab & Sind Bank - Kohima,Public Sector Bank,Nagaland,Kohima,Kohima,797001,25.6707778,94.1075833,PMEGP; MUDRA,true,Unknown,Unknown,Unknown,Unknown,Unknown,100,+913862232867,https://punjabandsind.bank.in
P001618,State Bank of India - Kohima Personal Banking,Public Sector Bank,Nagaland,Kohima,Kohima,797001,25.6707778,94.1075833,PMEGP; MUDRA,true,Unknown,Unknown,Unknown,Unknown,Unknown,100,961216607,https://sbi.bank.in
P001619,UCO Bank - Kohima Branch,Public Sector Bank,Nagaland,Kohima,Kohima,797001,25.6707778,94.1075833,PMEGP; MUDRA,true,Unknown,Unknown,Unknown,Unknown,Unknown,100,+913702290909,https://uco.bank.in
P001620,Union Bank of India - Kohima,Public Sector Bank,Nagaland,Kohima,Kohima,797001,25.6707778,94.1075833,PMEGP; MUDRA,true,Unknown,Unknown,Unknown,Unknown,Unknown,100,+918837354824,https://unionbankofindia.bank.in
P001621,State Bank of India - Longleng,Public Sector Bank,Nagaland,Longleng,Longleng,798613,26.4465771,94.6027962,PMEGP; MUDRA,true,Unknown,Unknown,Unknown,Unknown,Unknown,90,Unknown,https://sbi.bank.in
P001622,ICICI Bank - Mokokchung,Private Sector Bank,Nagaland,Mokokchung,Mokokchung,798601,26.3246944,94.5188333,MUDRA,true,Unknown,Unknown,Unknown,Unknown,Unknown,75,+918794740523,https://icici.bank.in
P001623,IDBI Bank - Mokokchung,Private Sector Bank,Nagaland,Mokokchung,Mokokchung,798601,26.3246944,94.5188333,MUDRA,true,Unknown,Unknown,Unknown,Unknown,Unknown,75,+918974025521,https://idbi.bank.in
P001624,Indian Bank - Mokokchung,Public Sector Bank,Nagaland,Mokokchung,Mokokchung,798601,26.3246944,94.5188333,PMEGP; MUDRA,true,Unknown,Unknown,Unknown,Unknown,Unknown,100,+917976884326,https://indianbank.bank.in
P001625,IDBI Bank - Mon Town,Private Sector Bank,Nagaland,Mon,Mon,798621,26.7211667,95.0267778,MUDRA,true,Unknown,Unknown,Unknown,Unknown,Unknown,75,+917005658677,https://idbi.bank.in
P001626,Indian Overseas Bank - Changlangshu,Public Sector Bank,Nagaland,Mon,Mon,798603,26.43798,95.0292466,PMEGP; MUDRA,true,Unknown,Unknown,Unknown,Unknown,Unknown,100,+913614084994,https://www.iob.in
P001627,UCO Bank - Mon,Public Sector Bank,Nagaland,Mon,Mon,798621,26.7211667,95.0267778,PMEGP; MUDRA,true,Unknown,Unknown,Unknown,Unknown,Unknown,100,+918638752911,https://uco.bank.in
P001628,State Bank of India - Phek,Public Sector Bank,Nagaland,Phek,Phek,797108,25.7077,94.4616,PMEGP; MUDRA,true,Unknown,Unknown,Unknown,Unknown,Unknown,90,Unknown,https://sbi.bank.in
P001629,Canara Bank - Tuensang,Public Sector Bank,Nagaland,Tuensang,Tuensang,798612,26.2377857,94.8132475,PMEGP; MUDRA,true,Unknown,Unknown,Unknown,Unknown,Unknown,90,Unknown,https://canarabank.bank.in
P001630,State Bank of India - Tuensang Bazaar,Public Sector Bank,Nagaland,Tuensang,Tuensang,798612,26.2377857,94.8132475,PMEGP; MUDRA,true,Unknown,Unknown,Unknown,Unknown,Unknown,90,Unknown,https://sbi.bank.in
P001631,ICICI Bank - Wokha,Private Sector Bank,Nagaland,Wokha,Wokha,797111,26.10978,94.2522389,MUDRA,true,Unknown,Unknown,Unknown,Unknown,Unknown,75,+919089916572,https://icici.bank.in
P001632,IDBI Bank - Ralan,Private Sector Bank,Nagaland,Wokha,Wokha,797112,25.9402989,93.9143798,MUDRA,true,Unknown,Unknown,Unknown,Unknown,Unknown,75,+916009739376,https://idbi.bank.in
P001633,UCO Bank - Lakhuti,Public Sector Bank,Nagaland,Wokha,Wokha,797100,,,PMEGP; MUDRA,true,Unknown,Unknown,Unknown,Unknown,Unknown,100,+919435351539,https://uco.bank.in
P001634,State Bank of India - Zunheboto Bazar Branch,Public Sector Bank,Nagaland,Zunheboto,Zunheboto,798620,26.0133333,94.5264444,PMEGP; MUDRA,true,Unknown,Unknown,Unknown,Unknown,Unknown,100,+918974246217,https://sbi.bank.in
P001635,Bandhan Bank - Angul,Private Sector Bank,Odisha,Angul,Angul,759122,20.840951,85.096636,MUDRA,true,Unknown,Unknown,Unknown,Unknown,Unknown,75,+918018718461,https://bandhan.bank.in
P001636,Bank of India - Angultown,Public Sector Bank,Odisha,Angul,Angul,759143,20.8599616,85.0272583,PMEGP; MUDRA,true,Unknown,Unknown,Unknown,Unknown,Unknown,100,+918984271887,https://bankofindia.bank.in
P001637,Canara Bank - Angul,Public Sector Bank,Odisha,Angul,Angul,759122,20.840951,85.096636,PMEGP; MUDRA,true,Unknown,Unknown,Unknown,Unknown,Unknown,100,+916764230609,https://canarabank.bank.in
P001638,Bandhan Bank - Balangir,Private Sector Bank,Odisha,Balangir,Balangir,767001,20.7017778,83.48475,MUDRA,true,Unknown,Unknown,Unknown,Unknown,Unknown,75,+916290819221,https://bandhan.bank.in
P001639,ICICI Bank - Bolangir,Private Sector Bank,Odisha,Balangir,Balangir,767001,20.7017778,83.48475,MUDRA,true,Unknown,Unknown,Unknown,Unknown,Unknown,75,+917894461951,https://icici.bank.in
P001640,Punjab & Sind Bank - Balangir,Public Sector Bank,Odisha,Balangir,Balangir,767001,20.7017778,83.48475,PMEGP; MUDRA,true,Unknown,Unknown,Unknown,Unknown,Unknown,100,+919853225514,https://punjabandsind.bank.in
P001641,Bandhan Bank - Balasore,Private Sector Bank,Odisha,Balasore,Balasore,756001,20.5016667,86.9233333,MUDRA,true,Unknown,Unknown,Unknown,Unknown,Unknown,75,+919078813291,https://bandhan.bank.in
P001642,Bank of India - Balasore,Public Sector Bank,Odisha,Balasore,Balasore,756001,20.5016667,86.9233333,PMEGP; MUDRA,true,Unknown,Unknown,Unknown,Unknown,Unknown,100,+916782262389,https://bankofindia.bank.in
P001643,Indian Bank - Balasore,Public Sector Bank,Odisha,Balasore,Balasore,756001,20.5016667,86.9233333,PMEGP; MUDRA,true,Unknown,Unknown,Unknown,Unknown,Unknown,100,+916782263906,https://indianbank.bank.in
P001644,Bandhan Bank - Bargarh,Private Sector Bank,Odisha,Bargarh,Bargarh,768028,21.33425,83.6191944,MUDRA,true,Unknown,Unknown,Unknown,Unknown,Unknown,75,+916290819211,https://bandhan.bank.in
P001645,"Canara Bank - Bargarh,Dist Hq",Public Sector Bank,Odisha,Bargarh,Bargarh,768028,21.33425,83.6191944,PMEGP; MUDRA,true,Unknown,Unknown,Unknown,Unknown,Unknown,100,+916646232458,https://canarabank.bank.in
P001646,IDBI Bank - Bargarh,Private Sector Bank,Odisha,Bargarh,Bargarh,768028,21.33425,83.6191944,MUDRA,true,Unknown,Unknown,Unknown,Unknown,Unknown,75,+918763776256,https://idbi.bank.in
P001647,State Bank of India - City Branch Baripada,Public Sector Bank,Odisha,Baripada,Baripada,757001,21.9380556,86.7261111,PMEGP; MUDRA,true,Unknown,Unknown,Unknown,Unknown,Unknown,100,+917978158762,https://sbi.bank.in
P001648,State Bank of India - Pbb Berhampur,Public Sector Bank,Odisha,Berhampur,Berhampur,760001,19.316945,84.794145,PMEGP; MUDRA,true,Unknown,Unknown,Unknown,Unknown,Unknown,100,+919437484846,https://sbi.bank.in
P001649,UCO Bank - Berhampur Orissa,Public Sector Bank,Odisha,Berhampur,Berhampur,760002,19.3151845,84.7807748,PMEGP; MUDRA,true,Unknown,Unknown,Unknown,Unknown,Unknown,100,+916742251713,https://uco.bank.in
P001650,Canara Bank - Bhadrak,Public Sector Bank,Odisha,Bhadrak,Bhadrak,756100,21.0629433,86.49976,PMEGP; MUDRA,true,Unknown,Unknown,Unknown,Unknown,Unknown,100,+916784251005,https://canarabank.bank.in
P001651,ICICI Bank - Bhadrak,Private Sector Bank,Odisha,Bhadrak,Bhadrak,756100,21.0629433,86.49976,MUDRA,true,Unknown,Unknown,Unknown,Unknown,Unknown,75,+919178464333,https://icici.bank.in
P001652,IDBI Bank - Dharama,Private Sector Bank,Odisha,Bhadrak,Bhadrak,756171,20.8925587,86.8815643,MUDRA,true,Unknown,Unknown,Unknown,Unknown,Unknown,75,+919975402837,https://idbi.bank.in
P001653,Bank of India - Barimunda,Public Sector Bank,Odisha,Bhubaneshwar,Bhubaneshwar,754001,20.3502789,85.9175031,PMEGP; MUDRA,true,Unknown,Unknown,Unknown,Unknown,Unknown,100,+919437114116,https://bankofindia.bank.in
P001654,UCO Bank - Bhubaneshwar Main,Public Sector Bank,Odisha,Bhubaneshwar,Bhubaneshwar,751009,20.2335434,85.7622435,PMEGP; MUDRA,true,Unknown,Unknown,Unknown,Unknown,Unknown,100,+9167552530816,https://uco.bank.in
P001655,Union Bank of India - Sahidnagar,Public Sector Bank,Odisha,Bhubaneshwar,Bhubaneshwar,751022,20.2913374,85.8332437,PMEGP; MUDRA,true,Unknown,Unknown,Unknown,Unknown,Unknown,100,+916742538520,https://unionbankofindia.bank.in
P001656,ICICI Bank - Maitri Vihar Road,Private Sector Bank,Odisha,Bhubaneswar,Bhubaneswar,751023,20.3183889,85.8134444,MUDRA,true,Unknown,Unknown,Unknown,Unknown,Unknown,75,+917894461914,https://icici.bank.in
P001657,State Bank of India - Ranga Bazar,Public Sector Bank,Odisha,Bhubaneswar,Bhubaneswar,752100,20.2922906,85.9266312,PMEGP; MUDRA,true,Unknown,Unknown,Unknown,Unknown,Unknown,100,+917008251553,https://sbi.bank.in
P001658,State Bank of India - Sme Branch Chandaka Iic,Public Sector Bank,Odisha,Bhubaneswar,Bhubaneswar,751010,21.3025,85.8560556,PMEGP; MUDRA,true,Unknown,Unknown,Unknown,Unknown,Unknown,100,+919437192252,https://sbi.bank.in
P001659,Bank of India - Palace Line,Public Sector Bank,Odisha,Bolangir,Bolangir,767001,20.7100524,83.4886352,PMEGP; MUDRA,true,Unknown,Unknown,Unknown,Unknown,Unknown,100,+919078323344,https://bankofindia.bank.in
P001660,Indian Bank - Bolangir,Public Sector Bank,Odisha,Bolangir,Bolangir,767001,20.7100524,83.4886352,PMEGP; MUDRA,true,Unknown,Unknown,Unknown,Unknown,Unknown,100,+916652233911,https://indianbank.bank.in
P001661,ICICI Bank - Boudhgarh,Private Sector Bank,Odisha,Boudh,Boudh,762014,20.8380133,84.33347,MUDRA,true,Unknown,Unknown,Unknown,Unknown,Unknown,75,+917008512792,https://icici.bank.in
P001662,Indian Bank - Baudh,Public Sector Bank,Odisha,Boudh,Boudh,762014,20.8380133,84.33347,PMEGP; MUDRA,true,Unknown,Unknown,Unknown,Unknown,Unknown,100,+919769542561,https://indianbank.bank.in
P001663,State Bank of India - Cac Boudh,Public Sector Bank,Odisha,Boudh,Boudh,762003,,,PMEGP; MUDRA,true,Unknown,Unknown,Unknown,Unknown,Unknown,100,+918018061380,https://sbi.bank.in
P001664,Bandhan Bank - Choudhury Bazar Branch Cuttack,Private Sector Bank,Odisha,Cuttack,Cuttack,753001,20.4751582,85.875348,MUDRA,true,Unknown,Unknown,Unknown,Unknown,Unknown,75,+919831225571,https://bandhan.bank.in
P001665,Bandhan Bank - Naya Bazar Branch Cuttack,Private Sector Bank,Odisha,Cuttack,Cuttack,753001,20.4751582,85.875348,MUDRA,true,Unknown,Unknown,Unknown,Unknown,Unknown,75,+919748325581,https://bandhan.bank.in
P001666,"Canara Bank - Choudhary Bazaar,Cuttack",Public Sector Bank,Odisha,Cuttack,Cuttack,753001,20.4751582,85.875348,PMEGP; MUDRA,true,Unknown,Unknown,Unknown,Unknown,Unknown,100,+916712417124,https://canarabank.bank.in
P001667,"Canara Bank - Sme Branch, Cuttack",Public Sector Bank,Odisha,Cuttack,Cuttack,753001,20.4751582,85.875348,PMEGP; MUDRA,true,Unknown,Unknown,Unknown,Unknown,Unknown,100,+916712412433,https://canarabank.bank.in
P001668,ICICI Bank - Cuttack Chowdhurybazaar,Private Sector Bank,Odisha,Cuttack,Cuttack,753001,20.4751582,85.875348,MUDRA,true,Unknown,Unknown,Unknown,Unknown,Unknown,75,+918097592464,https://icici.bank.in
P001669,ICICI Bank - Buxi Bazar Cuttack,Private Sector Bank,Odisha,Cuttack,Cuttack,753001,20.4751582,85.875348,MUDRA,true,Unknown,Unknown,Unknown,Unknown,Unknown,75,+919040098123,https://icici.bank.in
P001670,Indian Bank - Cuttack Chowdhury Bazar,Public Sector Bank,Odisha,Cuttack,Cuttack,753001,20.4751582,85.875348,PMEGP; MUDRA,true,Unknown,Unknown,Unknown,Unknown,Unknown,100,+918328874180,https://indianbank.bank.in
P001671,Punjab National Bank - Cuttack-Buxi Bazar,Public Sector Bank,Odisha,Cuttack,Cuttack,753001,20.4751582,85.875348,PMEGP; MUDRA,true,Unknown,Unknown,Unknown,Unknown,Unknown,100,+916712425743,https://pnb.bank.in
P001672,State Bank of India - Athgarh Bazar,Public Sector Bank,Odisha,Cuttack,Cuttack,754029,20.5171111,85.62575,PMEGP; MUDRA,true,Unknown,Unknown,Unknown,Unknown,Unknown,100,+917873235334,https://sbi.bank.in
P001673,UCO Bank - Cuttack Main,Public Sector Bank,Odisha,Cuttack,Cuttack,753001,20.4751582,85.875348,PMEGP; MUDRA,true,Unknown,Unknown,Unknown,Unknown,Unknown,100,+916712622005,https://uco.bank.in
P001674,ICICI Bank - Debagarh,Private Sector Bank,Odisha,Deogarh,Deogarh,768108,21.53824,84.729073,MUDRA,true,Unknown,Unknown,Unknown,Unknown,Unknown,75,+919853732097,https://icici.bank.in
P001675,IDBI Bank - Deogarh,Private Sector Bank,Odisha,Deogarh,Deogarh,768108,21.53824,84.729073,MUDRA,true,Unknown,Unknown,Unknown,Unknown,Unknown,75,+919777722862,https://idbi.bank.in
P001676,Indian Overseas Bank - Deogarh Branch,Public Sector Bank,Odisha,Deogarh,Deogarh,768108,21.53824,84.729073,PMEGP; MUDRA,true,Unknown,Unknown,Unknown,Unknown,Unknown,100,+919545183220,https://www.iob.in
P001677,Bandhan Bank - Dhenkanal,Private Sector Bank,Odisha,Dhenkanal,Dhenkanal,759001,20.6540833,85.5993333,MUDRA,true,Unknown,Unknown,Unknown,Unknown,Unknown,75,+916290819231,https://bandhan.bank.in
P001678,Bank of India - Dhenkanal,Public Sector Bank,Odisha,Dhenkanal,Dhenkanal,759001,20.6540833,85.5993333,PMEGP; MUDRA,true,Unknown,Unknown,Unknown,Unknown,Unknown,100,+916762223153,https://bankofindia.bank.in
P001679,Canara Bank - Dhenkanal,Public Sector Bank,Odisha,Dhenkanal,Dhenkanal,759001,20.6540833,85.5993333,PMEGP; MUDRA,true,Unknown,Unknown,Unknown,Unknown,Unknown,100,+916762227380,https://canarabank.bank.in
P001680,Indian Bank - Kharsandha,Public Sector Bank,Odisha,Gajapati,Gajapati,761211,18.8651709,84.1637045,PMEGP; MUDRA,true,Unknown,Unknown,Unknown,Unknown,Unknown,100,+917978714002,https://indianbank.bank.in
P001681,Bank of India - Sankuda,Public Sector Bank,Odisha,Ganjam,Ganjam,761035,19.7583537,85.0500186,PMEGP; MUDRA,true,Unknown,Unknown,Unknown,Unknown,Unknown,100,+918280024492,https://bankofindia.bank.in
P001682,Canara Bank - Gate Bazar Berhampur,Public Sector Bank,Odisha,Ganjam,Ganjam,760001,19.1740566,83.415705,PMEGP; MUDRA,true,Unknown,Unknown,Unknown,Unknown,Unknown,100,+919438885480,https://canarabank.bank.in
P001683,State Bank of India - Purusottampur Bazar,Public Sector Bank,Odisha,Ganjam,Ganjam,761018,19.5631046,84.914855,PMEGP; MUDRA,true,Unknown,Unknown,Unknown,Unknown,Unknown,100,+919437561390,https://sbi.bank.in
P001684,Indian Bank - Atharabanki,Public Sector Bank,Odisha,Jagatsinghapur,Jagatsinghapur,754120,20.2528611,86.1771944,PMEGP; MUDRA,true,Unknown,Unknown,Unknown,Unknown,Unknown,100,+916722228258,https://indianbank.bank.in
P001685,Indian Bank - Ankula,Public Sector Bank,Odisha,Jajpur,Jajpur,755001,20.8523333,86.3293333,PMEGP; MUDRA,true,Unknown,Unknown,Unknown,Unknown,Unknown,100,+916728222097,https://indianbank.bank.in
P001686,State Bank of India - Bari Mound,Public Sector Bank,Odisha,Jajpur,Jajpur,755003,20.7223428,86.3337921,PMEGP; MUDRA,true,Unknown,Unknown,Unknown,Unknown,Unknown,100,+919438273978,https://sbi.bank.in
P001687,Union Bank of India - Balichandrapur,Public Sector Bank,Odisha,Jajpur,Jajpur,754205,20.6252072,86.2421034,PMEGP; MUDRA,true,Unknown,Unknown,Unknown,Unknown,Unknown,100,+919438779688,https://unionbankofindia.bank.in
P001688,Bandhan Bank - Jharsuguda,Private Sector Bank,Odisha,Jharsuguda,Jharsuguda,768203,21.8564722,84.0134444,MUDRA,true,Unknown,Unknown,Unknown,Unknown,Unknown,75,+917381717471,https://bandhan.bank.in
P001689,Bank of India - Sarbahal,Public Sector Bank,Odisha,Jharsuguda,Jharsuguda,768001,21.4674277,83.9786,PMEGP; MUDRA,true,Unknown,Unknown,Unknown,Unknown,Unknown,100,+917978495754,https://bankofindia.bank.in
P001690,IDBI Bank - Jharsuguda,Private Sector Bank,Odisha,Jharsuguda,Jharsuguda,768201,21.8564722,84.0134444,MUDRA,true,Unknown,Unknown,Unknown,Unknown,Unknown,75,+919692707877,https://idbi.bank.in
P001691,IDBI Bank - Bhawanipatna,Private Sector Bank,Odisha,Kalahandi,Kalahandi,766001,19.9111422,83.1676421,MUDRA,true,Unknown,Unknown,Unknown,Unknown,Unknown,75,+919040007577,https://idbi.bank.in
P001692,Indian Bank - Kantesir,Public Sector Bank,Odisha,Kalahandi,Kalahandi,766012,20.319291,83.393718,PMEGP; MUDRA,true,Unknown,Unknown,Unknown,Unknown,Unknown,100,+918584069757,https://indianbank.bank.in
P001693,Union Bank of India - Junagarh,Public Sector Bank,Odisha,Kalahandi,Kalahandi,766014,19.8607335,82.9387993,PMEGP; MUDRA,true,Unknown,Unknown,Unknown,Unknown,Unknown,100,+916672243700,https://unionbankofindia.bank.in
P001694,Indian Bank - Phulbani,Public Sector Bank,Odisha,Kandhamal,Kandhamal,762001,20.4796724,84.2329538,PMEGP; MUDRA,true,Unknown,Unknown,Unknown,Unknown,Unknown,100,+919937743462,https://indianbank.bank.in
P001695,Bandhan Bank - Kendrapara Branch,Private Sector Bank,Odisha,Kendrapara,Kendrapara,754211,20.5043786,86.4190215,MUDRA,true,Unknown,Unknown,Unknown,Unknown,Unknown,75,+919230523091,https://bandhan.bank.in
P001696,Bank of India - Pattamundai,Public Sector Bank,Odisha,Kendrapara,Kendrapara,754215,20.6167738,86.581986,PMEGP; MUDRA,true,Unknown,Unknown,Unknown,Unknown,Unknown,100,+919658832409,https://bankofindia.bank.in
P001697,Canara Bank - Kendrapada,Public Sector Bank,Odisha,Kendrapara,Kendrapara,758021,21.3976023,86.087715,PMEGP; MUDRA,true,Unknown,Unknown,Unknown,Unknown,Unknown,100,+916727233311,https://canarabank.bank.in
P001698,ICICI Bank - Keonjhar,Private Sector Bank,Odisha,Keonjhar,Keonjhar,758001,21.6346667,85.61,MUDRA,true,Unknown,Unknown,Unknown,Unknown,Unknown,75,+919324941568,https://icici.bank.in
P001699,Indian Bank - Keonjhar,Public Sector Bank,Odisha,Keonjhar,Keonjhar,758001,21.6346667,85.61,PMEGP; MUDRA,true,Unknown,Unknown,Unknown,Unknown,Unknown,100,+916766258099,https://indianbank.bank.in
P001700,UCO Bank - Keonjhar City,Public Sector Bank,Odisha,Keonjhar,Keonjhar,758001,21.6346667,85.61,PMEGP; MUDRA,true,Unknown,Unknown,Unknown,Unknown,Unknown,100,+916782262483,https://uco.bank.in
P001701,Bank of India - Balugaon,Public Sector Bank,Odisha,Khordha,Khordha,752030,19.7740743,85.2248736,PMEGP; MUDRA,true,Unknown,Unknown,Unknown,Unknown,Unknown,100,+917978275677,https://bankofindia.bank.in
P001702,Indian Bank - Budhipada,Public Sector Bank,Odisha,Khordha,Khordha,752100,20.2922906,85.9266312,PMEGP; MUDRA,true,Unknown,Unknown,Unknown,Unknown,Unknown,100,+919437568529,https://indianbank.bank.in
P001703,Bandhan Bank - Khurda,Private Sector Bank,Odisha,Khurda,Khurda,752055,20.1866674,85.6218522,MUDRA,true,Unknown,Unknown,Unknown,Unknown,Unknown,75,+918455913311,https://bandhan.bank.in
P001704,Canara Bank - Shaheednagar,Public Sector Bank,Odisha,Khurda,Khurda,751007,20.2930535,85.8488283,PMEGP; MUDRA,true,Unknown,Unknown,Unknown,Unknown,Unknown,100,+916742541527,https://canarabank.bank.in
P001705,IDBI Bank - Khurda,Private Sector Bank,Odisha,Khurda,Khurda,752055,20.1866674,85.6218522,MUDRA,true,Unknown,Unknown,Unknown,Unknown,Unknown,75,+918763464108,https://idbi.bank.in
P001706,Bandhan Bank - Kotpad Branch,Private Sector Bank,Odisha,Koraput,Koraput,762100,20.1435966,84.3511256,MUDRA,true,Unknown,Unknown,Unknown,Unknown,Unknown,75,+919078825789,https://bandhan.bank.in
P001707,Bank of India - Koraput,Public Sector Bank,Odisha,Koraput,Koraput,764020,18.826,82.695059,PMEGP; MUDRA,true,Unknown,Unknown,Unknown,Unknown,Unknown,100,+916852252442,https://bankofindia.bank.in
P001708,ICICI Bank - Simliguda,Private Sector Bank,Odisha,Koraput,Koraput,764036,19.1867986,83.0980676,MUDRA,true,Unknown,Unknown,Unknown,Unknown,Unknown,75,+917682836515,https://icici.bank.in
P001709,Bandhan Bank - Malkangiri Branch,Private Sector Bank,Odisha,Malkangiri,Malkangiri,764045,18.7526452,82.4343604,MUDRA,true,Unknown,Unknown,Unknown,Unknown,Unknown,75,+919437127431,https://bandhan.bank.in
P001710,ICICI Bank - Malkangiri,Private Sector Bank,Odisha,Malkangiri,Malkangiri,764045,18.7526452,82.4343604,MUDRA,true,Unknown,Unknown,Unknown,Unknown,Unknown,75,+917894450519,https://icici.bank.in
P001711,IDBI Bank - Malkangiri,Private Sector Bank,Odisha,Malkangiri,Malkangiri,764045,18.7526452,82.4343604,MUDRA,true,Unknown,Unknown,Unknown,Unknown,Unknown,75,+917008143489,https://idbi.bank.in
P001712,Indian Bank - Baripada,Public Sector Bank,Odisha,Mayurbhanj,Mayurbhanj,757001,21.9369737,86.7273878,PMEGP; MUDRA,true,Unknown,Unknown,Unknown,Unknown,Unknown,100,+919437065868,https://indianbank.bank.in
P001713,Punjab & Sind Bank - Bankati,Public Sector Bank,Odisha,Mayurbhanj,Mayurbhanj,757048,22.21421,86.2876,PMEGP; MUDRA,true,Unknown,Unknown,Unknown,Unknown,Unknown,100,+919337914394,https://punjabandsind.bank.in
P001714,Punjab National Bank - Rairangpur Dist-Mayurbhanj,Public Sector Bank,Odisha,Mayurbhanj,Mayurbhanj,757043,22.2646527,86.1742256,PMEGP; MUDRA,true,Unknown,Unknown,Unknown,Unknown,Unknown,100,+916794222080,https://pnb.bank.in
P001715,Indian Bank - Nabarangpur,Public Sector Bank,Odisha,Nabarangpur,Nabarangpur,764059,19.251165,82.5898833,PMEGP; MUDRA,true,Unknown,Unknown,Unknown,Unknown,Unknown,100,+919804493198,https://indianbank.bank.in
P001716,Bandhan Bank - Nayagarh,Private Sector Bank,Odisha,Nayagarh,Nayagarh,752069,20.1271944,85.1091111,MUDRA,true,Unknown,Unknown,Unknown,Unknown,Unknown,75,+916290819251,https://bandhan.bank.in
P001717,Canara Bank - Nayagarh,Public Sector Bank,Odisha,Nayagarh,Nayagarh,752069,20.1271944,85.1091111,PMEGP; MUDRA,true,Unknown,Unknown,Unknown,Unknown,Unknown,100,+916753252322,https://canarabank.bank.in
P001718,IDBI Bank - Nayagarh,Private Sector Bank,Odisha,Nayagarh,Nayagarh,752069,20.1271944,85.1091111,MUDRA,true,Unknown,Unknown,Unknown,Unknown,Unknown,75,+918456017617,https://idbi.bank.in
P001719,Bandhan Bank - Nuapada,Private Sector Bank,Odisha,Nuapada,Nuapada,766105,20.7952,82.455,MUDRA,true,Unknown,Unknown,Unknown,Unknown,Unknown,75,+916289519791,https://bandhan.bank.in
P001720,Bank of India - Nuapada,Public Sector Bank,Odisha,Nuapada,Nuapada,766105,20.7952,82.455,PMEGP; MUDRA,true,Unknown,Unknown,Unknown,Unknown,Unknown,100,+918660713103,https://bankofindia.bank.in
P001721,State Bank of India - Khariar Road Bazar Branch,Public Sector Bank,Odisha,Nuapada,Nuapada,766104,20.9798425,82.6084144,PMEGP; MUDRA,true,Unknown,Unknown,Unknown,Unknown,Unknown,100,+919937574450,https://sbi.bank.in
P001722,Bandhan Bank - Puri,Private Sector Bank,Odisha,Puri,Puri,752001,19.8005,85.8262222,MUDRA,true,Unknown,Unknown,Unknown,Unknown,Unknown,75,+919938210351,https://bandhan.bank.in
P001723,Bank of India - Kakatpur,Public Sector Bank,Odisha,Puri,Puri,752108,20.0202567,86.1939962,PMEGP; MUDRA,true,Unknown,Unknown,Unknown,Unknown,Unknown,100,+917008213048,https://bankofindia.bank.in
P001724,State Bank of India - Sme Branch Puri,Public Sector Bank,Odisha,Puri,Puri,752001,19.8005,85.8262222,PMEGP; MUDRA,true,Unknown,Unknown,Unknown,Unknown,Unknown,100,+918885559482,https://sbi.bank.in
P001725,Bank of Baroda - Rourkela Branch,Public Sector Bank,Odisha,Raurkela,Raurkela,769005,22.2575883,84.867135,PMEGP; MUDRA,true,Unknown,Unknown,Unknown,Unknown,Unknown,90,Unknown,https://bankofbaroda.bank.in
P001726,Bandhan Bank - Rayagada,Private Sector Bank,Odisha,Rayagada,Rayagada,765001,19.148341,83.453261,MUDRA,true,Unknown,Unknown,Unknown,Unknown,Unknown,75,+916289519751,https://bandhan.bank.in
P001727,ICICI Bank - Rayagada,Private Sector Bank,Odisha,Rayagada,Rayagada,765001,19.148341,83.453261,MUDRA,true,Unknown,Unknown,Unknown,Unknown,Unknown,75,+917682860188,https://icici.bank.in
P001728,Indian Bank - Gunupur,Public Sector Bank,Odisha,Rayagada,Rayagada,765022,19.0717924,83.9273451,PMEGP; MUDRA,true,Unknown,Unknown,Unknown,Unknown,Unknown,100,+916857250547,https://indianbank.bank.in
P001729,UCO Bank - Rourkela Bazar Sambalpur,Public Sector Bank,Odisha,Rourkela,Rourkela,769001,22.2277,84.863,PMEGP; MUDRA,true,Unknown,Unknown,Unknown,Unknown,Unknown,100,+9166222510151,https://uco.bank.in
P001730,Bandhan Bank - Sambalpur,Private Sector Bank,Odisha,Sambalpur,Sambalpur,768001,21.4593611,83.9746667,MUDRA,true,Unknown,Unknown,Unknown,Unknown,Unknown,75,+919178617461,https://bandhan.bank.in
P001731,Bank of India - Burla Branch,Public Sector Bank,Odisha,Sambalpur,Sambalpur,768017,21.4790555,83.9395833,PMEGP; MUDRA,true,Unknown,Unknown,Unknown,Unknown,Unknown,100,+917978881717,https://bankofindia.bank.in
P001732,UCO Bank - Sambalpur Main,Public Sector Bank,Odisha,Sambalpur,Sambalpur,768001,21.4593611,83.9746667,PMEGP; MUDRA,true,Unknown,Unknown,Unknown,Unknown,Unknown,100,+916632520277,https://uco.bank.in
P001733,Bandhan Bank - Sonepur,Private Sector Bank,Odisha,Sonepur,Sonepur,767017,20.845452,83.908749,MUDRA,true,Unknown,Unknown,Unknown,Unknown,Unknown,75,+919330319811,https://bandhan.bank.in
P001734,Bank of India - Sonepur,Public Sector Bank,Odisha,Sonepur,Sonepur,767017,20.845452,83.908749,PMEGP; MUDRA,true,Unknown,Unknown,Unknown,Unknown,Unknown,100,+916654220888,https://bankofindia.bank.in
P001735,IDBI Bank - Subarnapur,Private Sector Bank,Odisha,Sonepur,Sonepur,767017,20.845452,83.908749,MUDRA,true,Unknown,Unknown,Unknown,Unknown,Unknown,75,+919179193897,https://idbi.bank.in
P001736,Bandhan Bank - Sundargarh,Private Sector Bank,Odisha,Sundargarh,Sundargarh,770001,22.1207333,84.0371316,MUDRA,true,Unknown,Unknown,Unknown,Unknown,Unknown,75,+916290819261,https://bandhan.bank.in
P001737,Canara Bank - Sundergarh,Public Sector Bank,Odisha,Sundargarh,Sundargarh,770001,22.1207333,84.0371316,PMEGP; MUDRA,true,Unknown,Unknown,Unknown,Unknown,Unknown,100,+916622272077,https://canarabank.bank.in
P001738,ICICI Bank - Sundergarh,Private Sector Bank,Odisha,Sundargarh,Sundargarh,770001,22.1207333,84.0371316,MUDRA,true,Unknown,Unknown,Unknown,Unknown,Unknown,75,+917752006166,https://icici.bank.in
P001739,Canara Bank - Karaikal,Public Sector Bank,Puducherry,Karaikal,Karaikal,609602,10.9239167,79.8310278,PMEGP; MUDRA,true,Unknown,Unknown,Unknown,Unknown,Unknown,100,+914368248426,https://canarabank.bank.in
P001740,ICICI Bank - Karaikal,Private Sector Bank,Puducherry,Karaikal,Karaikal,609602,10.9239167,79.8310278,MUDRA,true,Unknown,Unknown,Unknown,Unknown,Unknown,75,+919894960079,https://icici.bank.in
P001741,"Indian Bank - Digital Banking Unit,Karaikal",Public Sector Bank,Puducherry,Karaikal,Karaikal,609602,10.9239167,79.8310278,PMEGP; MUDRA,true,Unknown,Unknown,Unknown,Unknown,Unknown,100,+919904074243,https://indianbank.bank.in
P001742,Bank of Maharashtra - Mahe,Public Sector Bank,Puducherry,Mahe,Mahe,673310,11.6988219,75.5466845,PMEGP; MUDRA,true,Unknown,Unknown,Unknown,Unknown,Unknown,100,+917907304722,https://bankofmaharashtra.bank.in
P001743,Canara Bank - Mahe,Public Sector Bank,Puducherry,Mahe,Mahe,673310,11.6988219,75.5466845,PMEGP; MUDRA,true,Unknown,Unknown,Unknown,Unknown,Unknown,100,+919961255752,https://canarabank.bank.in
P001744,Indian Bank - Mahe,Public Sector Bank,Puducherry,Mahe,Mahe,673310,11.6988219,75.5466845,PMEGP; MUDRA,true,Unknown,Unknown,Unknown,Unknown,Unknown,100,+914902332685,https://indianbank.bank.in
P001745,Bandhan Bank - Puducherry,Private Sector Bank,Puducherry,Puducherry,Puducherry,605005,11.9293056,79.8116667,MUDRA,true,Unknown,Unknown,Unknown,Unknown,Unknown,75,+916290817911,https://bandhan.bank.in
P001746,"Canara Bank - Muthialpet,Pondicherry",Public Sector Bank,Puducherry,Puducherry,Puducherry,605001,11.9344722,79.8350556,PMEGP; MUDRA,true,Unknown,Unknown,Unknown,Unknown,Unknown,100,+919272333182,https://canarabank.bank.in
P001747,ICICI Bank - Mission Street,Private Sector Bank,Puducherry,Puducherry,Puducherry,605001,11.9344722,79.8350556,MUDRA,true,Unknown,Unknown,Unknown,Unknown,Unknown,75,+917021882981,https://icici.bank.in
P001748,Indian Bank - Bussy Street,Public Sector Bank,Puducherry,Puducherry,Puducherry,605001,11.9344722,79.8350556,PMEGP; MUDRA,true,Unknown,Unknown,Unknown,Unknown,Unknown,100,+914132336402,https://indianbank.bank.in
P001749,Indian Bank - Pondicherry Main,Public Sector Bank,Puducherry,Puducherry,Puducherry,605001,11.9344722,79.8350556,PMEGP; MUDRA,true,Unknown,Unknown,Unknown,Unknown,Unknown,100,+914132338010,https://indianbank.bank.in
P001750,Indian Overseas Bank - Pondicherrythavalakuppam,Public Sector Bank,Puducherry,Puducherry,Puducherry,605007,11.8730007,79.7856928,PMEGP; MUDRA,true,Unknown,Unknown,Unknown,Unknown,Unknown,100,22200083,https://www.iob.in
P001751,Punjab & Sind Bank - Pondicherry,Public Sector Bank,Puducherry,Puducherry,Puducherry,605001,11.9344722,79.8350556,PMEGP; MUDRA,true,Unknown,Unknown,Unknown,Unknown,Unknown,100,+919003111193,https://punjabandsind.bank.in
P001752,State Bank of India - Dac Pondicherry,Public Sector Bank,Puducherry,Puducherry,Puducherry,607402,11.817748,79.733884,PMEGP; MUDRA,true,Unknown,Unknown,Unknown,Unknown,Unknown,100,+919445862338,https://sbi.bank.in
P001753,UCO Bank - Pondicherry Main Chennai,Public Sector Bank,Puducherry,Puducherry,Puducherry,605001,11.9344722,79.8350556,PMEGP; MUDRA,true,Unknown,Unknown,Unknown,Unknown,Unknown,100,+914132332345,https://uco.bank.in
P001754,UCO Bank - Pondicherry Bazar Chennai,Public Sector Bank,Puducherry,Puducherry,Puducherry,605001,11.9344722,79.8350556,PMEGP; MUDRA,true,Unknown,Unknown,Unknown,Unknown,Unknown,100,+914132336580,https://uco.bank.in
P001755,Bank of Maharashtra - Yanam,Public Sector Bank,Puducherry,Yanam,Yanam,533464,17.3213,82.0407,PMEGP; MUDRA,true,Unknown,Unknown,Unknown,Unknown,Unknown,100,+917799987712,https://bankofmaharashtra.bank.in
P001756,Indian Bank - Yanam,Public Sector Bank,Puducherry,Yanam,Yanam,533464,17.3213,82.0407,PMEGP; MUDRA,true,Unknown,Unknown,Unknown,Unknown,Unknown,100,+918842321271,https://indianbank.bank.in
P001757,UCO Bank - Yanam,Public Sector Bank,Puducherry,Yanam,Yanam,533464,17.3213,82.0407,PMEGP; MUDRA,true,Unknown,Unknown,Unknown,Unknown,Unknown,100,+919030219364,https://uco.bank.in
P001758,Bandhan Bank - Amritsar,Private Sector Bank,Punjab,Amritsar,Amritsar,143001,31.6374921,74.8660101,MUDRA,true,Unknown,Unknown,Unknown,Unknown,Unknown,75,+917837816161,https://bandhan.bank.in
P001759,Bandhan Bank - Hall Bazar Branch Amritsar,Private Sector Bank,Punjab,Amritsar,Amritsar,143001,31.6374921,74.8660101,MUDRA,true,Unknown,Unknown,Unknown,Unknown,Unknown,75,+919831625631,https://bandhan.bank.in
P001760,Bank of India - Circular Road,Public Sector Bank,Punjab,Amritsar,Amritsar,143001,31.6374921,74.8660101,PMEGP; MUDRA,true,Unknown,Unknown,Unknown,Unknown,Unknown,100,+917283233185,https://bankofindia.bank.in
P001761,"Canara Bank - D S Market,Main, Amritsar",Public Sector Bank,Punjab,Amritsar,Amritsar,143001,31.6374921,74.8660101,PMEGP; MUDRA,true,Unknown,Unknown,Unknown,Unknown,Unknown,100,+911832532900,https://canarabank.bank.in
P001762,ICICI Bank - Amritsarhall Bazar,Private Sector Bank,Punjab,Amritsar,Amritsar,143001,31.6374921,74.8660101,MUDRA,true,Unknown,Unknown,Unknown,Unknown,Unknown,75,+918146624636,https://icici.bank.in
P001763,IDFC FIRST Bank - Amritsar-Hall Bazar Branch,Private Sector Bank,Punjab,Amritsar,Amritsar,143001,31.6374921,74.8660101,MUDRA,true,Unknown,Unknown,Unknown,Unknown,Unknown,75,+9118004194332,https://idfcfirst.bank.in
P001764,Punjab & Sind Bank - Civil Lines,Public Sector Bank,Punjab,Amritsar,Amritsar,143001,31.6374921,74.8660101,PMEGP; MUDRA,true,Unknown,Unknown,Unknown,Unknown,Unknown,100,+911832221675,https://punjabandsind.bank.in
P001765,Punjab National Bank - Amritsarcivil Lines,Public Sector Bank,Punjab,Amritsar,Amritsar,143001,31.6374921,74.8660101,PMEGP; MUDRA,true,Unknown,Unknown,Unknown,Unknown,Unknown,100,+911832564682,https://pnb.bank.in
P001766,Punjab National Bank - Amritsar-Ssi Batala Road Amritsar,Public Sector Bank,Punjab,Amritsar,Amritsar,143036,,,PMEGP; MUDRA,true,Unknown,Unknown,Unknown,Unknown,Unknown,100,+911832275836,https://pnb.bank.in
P001767,UCO Bank - Civil Lines Amritsar,Public Sector Bank,Punjab,Amritsar,Amritsar,143001,31.6374921,74.8660101,PMEGP; MUDRA,true,Unknown,Unknown,Unknown,Unknown,Unknown,100,+911832565209,https://uco.bank.in
P001768,Bandhan Bank - College Road Branch Barnala,Private Sector Bank,Punjab,Barnala,Barnala,148101,30.3745833,75.5500556,MUDRA,true,Unknown,Unknown,Unknown,Unknown,Unknown,75,+919831423321,https://bandhan.bank.in
P001769,ICICI Bank - Barnala,Private Sector Bank,Punjab,Barnala,Barnala,148101,30.3745833,75.5500556,MUDRA,true,Unknown,Unknown,Unknown,Unknown,Unknown,75,+918146608218,https://icici.bank.in
P001770,Indian Bank - Barnala,Public Sector Bank,Punjab,Barnala,Barnala,148101,30.3745833,75.5500556,PMEGP; MUDRA,true,Unknown,Unknown,Unknown,Unknown,Unknown,100,+911679230626,https://indianbank.bank.in
P001771,UCO Bank - Batala,Public Sector Bank,Punjab,Batala,Batala,143505,31.8075,75.19558,PMEGP; MUDRA,true,Unknown,Unknown,Unknown,Unknown,Unknown,100,+911874243152,https://uco.bank.in
P001772,Canara Bank - Bhatinda Main Branch,Public Sector Bank,Punjab,Bathinda,Bathinda,151001,30.204677,74.949001,PMEGP; MUDRA,true,Unknown,Unknown,Unknown,Unknown,Unknown,100,+911642254875,https://canarabank.bank.in
P001773,ICICI Bank - Civil Lines,Private Sector Bank,Punjab,Bathinda,Bathinda,151001,30.204677,74.949001,MUDRA,true,Unknown,Unknown,Unknown,Unknown,Unknown,75,+918288004719,https://icici.bank.in
P001774,State Bank of India - Green City Road Bathinda,Public Sector Bank,Punjab,Bathinda,Bathinda,151001,30.204677,74.949001,PMEGP; MUDRA,true,Unknown,Unknown,Unknown,Unknown,Unknown,100,+919914399928,https://sbi.bank.in
P001775,Indian Overseas Bank - Bhatinda,Public Sector Bank,Punjab,Bhatinda,Bhatinda,151001,30.2007357,74.9436737,PMEGP; MUDRA,true,Unknown,Unknown,Unknown,Unknown,Unknown,100,+911642252399,https://www.iob.in
P001776,Punjab & Sind Bank - Bhatinda,Public Sector Bank,Punjab,Bhatinda,Bhatinda,151001,30.2007357,74.9436737,PMEGP; MUDRA,true,Unknown,Unknown,Unknown,Unknown,Unknown,100,+911645011901,https://punjabandsind.bank.in
P001777,State Bank of India - Racpc Bhatinda,Public Sector Bank,Punjab,Bhatinda,Bhatinda,151001,30.2007357,74.9436737,PMEGP; MUDRA,true,Unknown,Unknown,Unknown,Unknown,Unknown,100,+919416206753,https://sbi.bank.in
P001778,Bandhan Bank - Sector Xxvii Branch Chandigarh,Private Sector Bank,Punjab,Chandigarh,Chandigarh,160019,30.7263611,76.7961944,MUDRA,true,Unknown,Unknown,Unknown,Unknown,Unknown,75,+918981823191,https://bandhan.bank.in
P001779,Punjab & Sind Bank - Cenmarg Chandigarh,Public Sector Bank,Punjab,Chandigarh,Chandigarh,160017,30.7423305,76.7833278,PMEGP; MUDRA,true,Unknown,Unknown,Unknown,Unknown,Unknown,100,+911725077033,https://punjabandsind.bank.in
P001780,"Punjab & Sind Bank - Sector Thirty Five, Chandigarh",Public Sector Bank,Punjab,Chandigarh,Chandigarh,160035,,,PMEGP; MUDRA,true,Unknown,Unknown,Unknown,Unknown,Unknown,100,+911725046939,https://punjabandsind.bank.in
P001781,State Bank of India - Sector Thirty Two Chandigarh,Public Sector Bank,Punjab,Chandigarh,Chandigarh,160031,,,PMEGP; MUDRA,true,Unknown,Unknown,Unknown,Unknown,Unknown,100,+919888866623,https://sbi.bank.in
P001782,State Bank of India - Hni Branch Chandigarh,Public Sector Bank,Punjab,Chandigarh,Chandigarh,160009,30.7479167,76.7928333,PMEGP; MUDRA,true,Unknown,Unknown,Unknown,Unknown,Unknown,100,+918146569064,https://sbi.bank.in
P001783,UCO Bank - Mandigobind Garh Punjab,Public Sector Bank,Punjab,Chandigarh,Chandigarh,147301,30.6617667,76.2365403,PMEGP; MUDRA,true,Unknown,Unknown,Unknown,Unknown,Unknown,100,+91172256000,https://uco.bank.in
P001784,Bandhan Bank - Faridkot Branch,Private Sector Bank,Punjab,Faridkot,Faridkot,151203,30.683489,74.760401,MUDRA,true,Unknown,Unknown,Unknown,Unknown,Unknown,75,+919903324461,https://bandhan.bank.in
P001785,Canara Bank - Faridkot,Public Sector Bank,Punjab,Faridkot,Faridkot,151203,30.683489,74.760401,PMEGP; MUDRA,true,Unknown,Unknown,Unknown,Unknown,Unknown,100,+911639250343,https://canarabank.bank.in
P001786,DCB Bank - Faridkot,Private Sector Bank,Punjab,Faridkot,Faridkot,151203,30.683489,74.760401,MUDRA,true,Unknown,Unknown,Unknown,Unknown,Unknown,75,+918728800310,https://dcb.bank.in
P001787,Canara Bank - Chunni Kalan,Public Sector Bank,Punjab,Fatehgarh Sahib,Fatehgarh Sahib,140406,30.642,76.396,PMEGP; MUDRA,true,Unknown,Unknown,Unknown,Unknown,Unknown,100,+911763248022,https://canarabank.bank.in
P001788,ICICI Bank - Sehjadpur,Private Sector Bank,Punjab,Fatehgarh Sahib,Fatehgarh Sahib,140412,30.826,76.564,MUDRA,true,Unknown,Unknown,Unknown,Unknown,Unknown,75,+918146608211,https://icici.bank.in
P001789,IDBI Bank - Sirhind Fatehgarh Sahib,Private Sector Bank,Punjab,Fatehgarh Sahib,Fatehgarh Sahib,140406,30.6430514,76.3854115,MUDRA,true,Unknown,Unknown,Unknown,Unknown,Unknown,75,+919996629292,https://idbi.bank.in
P001790,Bank of Maharashtra - Fazilka,Public Sector Bank,Punjab,Fazilka,Fazilka,152123,30.4036,74.0279,PMEGP; MUDRA,true,Unknown,Unknown,Unknown,Unknown,Unknown,100,+919115566945,https://bankofmaharashtra.bank.in
P001791,Indian Bank - Fazilka,Public Sector Bank,Punjab,Fazilka,Fazilka,152123,30.4036,74.0279,PMEGP; MUDRA,true,Unknown,Unknown,Unknown,Unknown,Unknown,100,+911638260465,https://indianbank.bank.in
P001792,Punjab National Bank - Fazilka New Grain Market,Public Sector Bank,Punjab,Fazilka,Fazilka,152123,30.4036,74.0279,PMEGP; MUDRA,true,Unknown,Unknown,Unknown,Unknown,Unknown,100,+911638267134,https://pnb.bank.in
P001793,DCB Bank - Ferozepur,Private Sector Bank,Punjab,Ferozepur,Ferozepur,152002,30.9331,74.6225,MUDRA,true,Unknown,Unknown,Unknown,Unknown,Unknown,75,+919872300498,https://dcb.bank.in
P001794,Indian Bank - Manochahal,Public Sector Bank,Punjab,Ferozepur,Ferozepur,152021,30.8718136,74.6252214,PMEGP; MUDRA,true,Unknown,Unknown,Unknown,Unknown,Unknown,100,+919569689889,https://indianbank.bank.in
P001795,State Bank of India - Racc Fimm Ferozepur,Public Sector Bank,Punjab,Ferozepur,Ferozepur,152002,30.9331,74.6225,PMEGP; MUDRA,true,Unknown,Unknown,Unknown,Unknown,Unknown,100,+919805002266,https://sbi.bank.in
P001796,Punjab National Bank - Ferozepur-Mochi Bazar,Public Sector Bank,Punjab,Firozpur,Firozpur,152002,30.990804,74.60254,PMEGP; MUDRA,true,Unknown,Unknown,Unknown,Unknown,Unknown,100,+91163233,https://pnb.bank.in
P001797,State Bank of India - Sbc College Of Engg,Public Sector Bank,Punjab,Firozpur,Firozpur,152004,30.1624456,74.5830918,PMEGP; MUDRA,true,Unknown,Unknown,Unknown,Unknown,Unknown,100,+919779511779,https://sbi.bank.in
P001798,Bandhan Bank - Gurdaspur,Private Sector Bank,Punjab,Gurdaspur,Gurdaspur,143521,32.043274,75.39888,MUDRA,true,Unknown,Unknown,Unknown,Unknown,Unknown,75,+919988617841,https://bandhan.bank.in
P001799,Bank of India - Dina Nagar,Public Sector Bank,Punjab,Gurdaspur,Gurdaspur,143531,32.126,75.466,PMEGP; MUDRA,true,Unknown,Unknown,Unknown,Unknown,Unknown,100,+919417071633,https://bankofindia.bank.in
P001800,Canara Bank - Gurdaspur,Public Sector Bank,Punjab,Gurdaspur,Gurdaspur,143521,32.043274,75.39888,PMEGP; MUDRA,true,Unknown,Unknown,Unknown,Unknown,Unknown,100,+911874246920,https://canarabank.bank.in
P001801,Bandhan Bank - Hoshiarpur,Private Sector Bank,Punjab,Hoshiarpur,Hoshiarpur,146001,31.528927,75.924148,MUDRA,true,Unknown,Unknown,Unknown,Unknown,Unknown,75,+919646117831,https://bandhan.bank.in
P001802,Canara Bank - Hoshiarpur Main,Public Sector Bank,Punjab,Hoshiarpur,Hoshiarpur,146001,31.528927,75.924148,PMEGP; MUDRA,true,Unknown,Unknown,Unknown,Unknown,Unknown,100,+911882232387,https://canarabank.bank.in
P001803,Punjab National Bank - Hoshiarpur-Gaushala Bazar,Public Sector Bank,Punjab,Hoshiarpur,Hoshiarpur,146001,31.528927,75.924148,PMEGP; MUDRA,true,Unknown,Unknown,Unknown,Unknown,Unknown,100,+911882222432,https://pnb.bank.in
P001804,Axis Bank - Civil Lines Jalandhar,Private Sector Bank,Punjab,Jalandhar,Jalandhar,144001,31.3241639,75.5809862,MUDRA,true,Unknown,Unknown,Unknown,Unknown,Unknown,75,+916280713741,https://axis.bank.in
P001805,Bandhan Bank - Jalandhar,Private Sector Bank,Punjab,Jalandhar,Jalandhar,144008,31.3414668,75.569771,MUDRA,true,Unknown,Unknown,Unknown,Unknown,Unknown,75,+918054716171,https://bandhan.bank.in
P001806,Bank of India - Shahkot,Public Sector Bank,Punjab,Jalandhar,Jalandhar,144702,31.445832,75.4430321,PMEGP; MUDRA,true,Unknown,Unknown,Unknown,Unknown,Unknown,100,+911821260800,https://bankofindia.bank.in
P001807,"Canara Bank - Bmc Chowk, Jalandhar",Public Sector Bank,Punjab,Jalandhar,Jalandhar,144103,31.4250151,75.7505827,PMEGP; MUDRA,true,Unknown,Unknown,Unknown,Unknown,Unknown,100,+911812224617,https://canarabank.bank.in
P001808,Canara Bank - Jalandhar Sme Sulabh,Public Sector Bank,Punjab,Jalandhar,Jalandhar,144001,31.3241639,75.5809862,PMEGP; MUDRA,true,Unknown,Unknown,Unknown,Unknown,Unknown,100,+918725079327,https://canarabank.bank.in
P001809,DCB Bank - Jalandhar,Private Sector Bank,Punjab,Jalandhar,Jalandhar,144003,31.3061129,75.5780422,MUDRA,true,Unknown,Unknown,Unknown,Unknown,Unknown,75,+919888551433,https://dcb.bank.in
P001810,"ICICI Bank - Jalandhar Civil Lines, Punjab",Private Sector Bank,Punjab,Jalandhar,Jalandhar,144001,31.3241639,75.5809862,MUDRA,true,Unknown,Unknown,Unknown,Unknown,Unknown,75,+918146624748,https://icici.bank.in
P001811,"IDBI Bank - Industrial Area,Jalandhar",Private Sector Bank,Punjab,Jalandhar,Jalandhar,144004,,,MUDRA,true,Unknown,Unknown,Unknown,Unknown,Unknown,75,+919878075763,https://idbi.bank.in
P001812,Punjab & Sind Bank - Ssi Jalandhar,Public Sector Bank,Punjab,Jalandhar,Jalandhar,144004,,,PMEGP; MUDRA,true,Unknown,Unknown,Unknown,Unknown,Unknown,100,+911815015674,https://punjabandsind.bank.in
P001813,UCO Bank - Jullundur City,Public Sector Bank,Punjab,Jalandhar,Jalandhar,144001,31.3241639,75.5809862,PMEGP; MUDRA,true,Unknown,Unknown,Unknown,Unknown,Unknown,100,+911812401727,https://uco.bank.in
P001814,Bandhan Bank - Kapurthala,Private Sector Bank,Punjab,Kapurthala,Kapurthala,144601,31.3721893,75.3777881,MUDRA,true,Unknown,Unknown,Unknown,Unknown,Unknown,75,+919888718301,https://bandhan.bank.in
P001815,"Canara Bank - Mall Main,Kapurthala",Public Sector Bank,Punjab,Kapurthala,Kapurthala,144601,31.3721893,75.3777881,PMEGP; MUDRA,true,Unknown,Unknown,Unknown,Unknown,Unknown,100,+911822230980,https://canarabank.bank.in
P001816,ICICI Bank - Kapurthala,Private Sector Bank,Punjab,Kapurthala,Kapurthala,144601,31.3721893,75.3777881,MUDRA,true,Unknown,Unknown,Unknown,Unknown,Unknown,75,+918288004887,https://icici.bank.in
P001817,Bank of India - South City Ayali Khurd,Public Sector Bank,Punjab,Ludhiana,Ludhiana,142027,30.9102719,75.7496742,PMEGP; MUDRA,true,Unknown,Unknown,Unknown,Unknown,Unknown,100,+918556078573,https://bankofindia.bank.in
P001818,Canara Bank - Ssi-Millerganj,Public Sector Bank,Punjab,Ludhiana,Ludhiana,141003,30.89,75.86,PMEGP; MUDRA,true,Unknown,Unknown,Unknown,Unknown,Unknown,100,+911612543648,https://canarabank.bank.in
P001819,"Canara Bank - Sundernagar Sme, Ludhiana",Public Sector Bank,Punjab,Ludhiana,Ludhiana,141007,30.972,75.942,PMEGP; MUDRA,true,Unknown,Unknown,Unknown,Unknown,Unknown,100,+911612620190,https://canarabank.bank.in
P001820,ICICI Bank - Ludhiana- Chaura Bazar,Private Sector Bank,Punjab,Ludhiana,Ludhiana,141008,30.94,75.83,MUDRA,true,Unknown,Unknown,Unknown,Unknown,Unknown,75,+918558849985,https://icici.bank.in
P001821,IDBI Bank - Civil Lines Ludhiana,Private Sector Bank,Punjab,Ludhiana,Ludhiana,141001,30.9026389,75.83775,MUDRA,true,Unknown,Unknown,Unknown,Unknown,Unknown,75,+919815745959,https://idbi.bank.in
P001822,Indian Bank - Ludhiana Chaurabazar,Public Sector Bank,Punjab,Ludhiana,Ludhiana,141008,30.94,75.83,PMEGP; MUDRA,true,Unknown,Unknown,Unknown,Unknown,Unknown,100,+917347035088,https://indianbank.bank.in
P001823,Indian Bank - Ludhiana Sme Finance Branch,Public Sector Bank,Punjab,Ludhiana,Ludhiana,141007,30.972,75.942,PMEGP; MUDRA,true,Unknown,Unknown,Unknown,Unknown,Unknown,100,+917347035077,https://indianbank.bank.in
P001824,Punjab & Sind Bank - Ssi Ludhiana,Public Sector Bank,Punjab,Ludhiana,Ludhiana,141001,30.9026389,75.83775,PMEGP; MUDRA,true,Unknown,Unknown,Unknown,Unknown,Unknown,100,+911615068064,https://punjabandsind.bank.in
P001825,Punjab National Bank - Ludhiana-Ssi,Public Sector Bank,Punjab,Ludhiana,Ludhiana,141003,30.89,75.86,PMEGP; MUDRA,true,Unknown,Unknown,Unknown,Unknown,Unknown,100,+911615092869,https://pnb.bank.in
P001826,UCO Bank - Mid Corporate Ludhiana,Public Sector Bank,Punjab,Ludhiana,Ludhiana,141003,30.89,75.86,PMEGP; MUDRA,true,Unknown,Unknown,Unknown,Unknown,Unknown,100,+911612222295,https://uco.bank.in
P001827,Bandhan Bank - Mansa Branch,Private Sector Bank,Punjab,Mansa,Mansa,151505,29.98736,75.40363,MUDRA,true,Unknown,Unknown,Unknown,Unknown,Unknown,75,+918981823251,https://bandhan.bank.in
P001828,Canara Bank - Mansa,Public Sector Bank,Punjab,Mansa,Mansa,151505,29.98736,75.40363,PMEGP; MUDRA,true,Unknown,Unknown,Unknown,Unknown,Unknown,100,+911652225298,https://canarabank.bank.in
P001829,IDBI Bank - Mansa,Private Sector Bank,Punjab,Mansa,Mansa,151505,29.98736,75.40363,MUDRA,true,Unknown,Unknown,Unknown,Unknown,Unknown,75,+917619928080,https://idbi.bank.in
P001830,Bandhan Bank - Moga,Private Sector Bank,Punjab,Moga,Moga,142001,30.815948,75.166847,MUDRA,true,Unknown,Unknown,Unknown,Unknown,Unknown,75,+919988418311,https://bandhan.bank.in
P001831,Canara Bank - Moga,Public Sector Bank,Punjab,Moga,Moga,142001,30.815948,75.166847,PMEGP; MUDRA,true,Unknown,Unknown,Unknown,Unknown,Unknown,100,+911636222429,https://canarabank.bank.in
P001832,UCO Bank - Moga Main,Public Sector Bank,Punjab,Moga,Moga,142001,30.815948,75.166847,PMEGP; MUDRA,true,Unknown,Unknown,Unknown,Unknown,Unknown,100,+911636222361,https://uco.bank.in
P001833,"State Bank of India - Phase Ix, Mohali",Public Sector Bank,Punjab,Mohali,Mohali,160062,30.8249861,75.1329305,PMEGP; MUDRA,true,Unknown,Unknown,Unknown,Unknown,Unknown,100,+919876055048,https://sbi.bank.in
P001834,UCO Bank - Mohali Punjab,Public Sector Bank,Punjab,Mohali,Mohali,160055,30.7267324,76.687526,PMEGP; MUDRA,true,Unknown,Unknown,Unknown,Unknown,Unknown,100,+911722225045,https://uco.bank.in
P001835,Union Bank of India - Panjab Mandi Board Mohali,Public Sector Bank,Punjab,Mohali,Mohali,160062,30.8249861,75.1329305,PMEGP; MUDRA,true,Unknown,Unknown,Unknown,Unknown,Unknown,100,+919872694433,https://unionbankofindia.bank.in
P001836,Canara Bank - Muktsar,Public Sector Bank,Punjab,Muktsar,Muktsar,152026,30.473617,74.529899,PMEGP; MUDRA,true,Unknown,Unknown,Unknown,Unknown,Unknown,100,+911633261960,https://canarabank.bank.in
P001837,DCB Bank - Muktsar,Private Sector Bank,Punjab,Muktsar,Muktsar,152026,30.473617,74.529899,MUDRA,true,Unknown,Unknown,Unknown,Unknown,Unknown,75,+918291912303,https://dcb.bank.in
P001838,IDBI Bank - Kotkapura Road Muktsar,Private Sector Bank,Punjab,Muktsar,Muktsar,152026,30.473617,74.529899,MUDRA,true,Unknown,Unknown,Unknown,Unknown,Unknown,75,+911633501192,https://idbi.bank.in
P001839,Bandhan Bank - Pathankot,Private Sector Bank,Punjab,Pathankot,Pathankot,145001,32.27,75.62,MUDRA,true,Unknown,Unknown,Unknown,Unknown,Unknown,75,+916290819151,https://bandhan.bank.in
P001840,DCB Bank - Pathankot,Private Sector Bank,Punjab,Pathankot,Pathankot,145001,32.27,75.62,MUDRA,true,Unknown,Unknown,Unknown,Unknown,Unknown,75,+918291287541,https://dcb.bank.in
P001841,Indian Bank - Pathankot,Public Sector Bank,Punjab,Pathankot,Pathankot,145001,32.27,75.62,PMEGP; MUDRA,true,Unknown,Unknown,Unknown,Unknown,Unknown,100,+911862231622,https://indianbank.bank.in
P001842,Bandhan Bank - Patiala,Private Sector Bank,Punjab,Patiala,Patiala,147001,30.334492,76.385886,MUDRA,true,Unknown,Unknown,Unknown,Unknown,Unknown,75,+918556013421,https://bandhan.bank.in
P001843,Bank of Maharashtra - Patiala Branch,Public Sector Bank,Punjab,Patiala,Patiala,147001,30.334492,76.385886,PMEGP; MUDRA,true,Unknown,Unknown,Unknown,Unknown,Unknown,100,+919530580985,https://bankofmaharashtra.bank.in
P001844,Canara Bank - Patiala Main,Public Sector Bank,Punjab,Patiala,Patiala,147001,30.334492,76.385886,PMEGP; MUDRA,true,Unknown,Unknown,Unknown,Unknown,Unknown,100,+911752213284,https://canarabank.bank.in
P001845,Canara Bank - Patiala Sme,Public Sector Bank,Punjab,Patiala,Patiala,147001,30.334492,76.385886,PMEGP; MUDRA,true,Unknown,Unknown,Unknown,Unknown,Unknown,100,+911752360387,https://canarabank.bank.in
P001846,DCB Bank - Nabha,Private Sector Bank,Punjab,Patiala,Patiala,147201,30.4537968,76.178004,MUDRA,true,Unknown,Unknown,Unknown,Unknown,Unknown,75,+911765223540,https://dcb.bank.in
P001847,ICICI Bank - Patialaleela Bhawan,Private Sector Bank,Punjab,Patiala,Patiala,147001,30.334492,76.385886,MUDRA,true,Unknown,Unknown,Unknown,Unknown,Unknown,75,+919729533810,https://icici.bank.in
P001848,IDBI Bank - Patiala,Private Sector Bank,Punjab,Patiala,Patiala,147001,30.334492,76.385886,MUDRA,true,Unknown,Unknown,Unknown,Unknown,Unknown,75,+917696064100,https://idbi.bank.in
P001849,Indian Bank - Jansla,Public Sector Bank,Punjab,Patiala,Patiala,140601,30.5547972,76.7493452,PMEGP; MUDRA,true,Unknown,Unknown,Unknown,Unknown,Unknown,100,+911762258909,https://indianbank.bank.in
P001850,Indian Overseas Bank - Patiala,Public Sector Bank,Punjab,Patiala,Patiala,147001,30.334492,76.385886,PMEGP; MUDRA,true,Unknown,Unknown,Unknown,Unknown,Unknown,100,+911752227213,https://www.iob.in
P001851,UCO Bank - Patiala Main,Public Sector Bank,Punjab,Patiala,Patiala,147001,30.334492,76.385886,PMEGP; MUDRA,true,Unknown,Unknown,Unknown,Unknown,Unknown,100,+911752227272,https://uco.bank.in
P001852,UCO Bank - Phagwara Jullundhar,Public Sector Bank,Punjab,Phagwara,Phagwara,144401,31.2529039,75.7614479,PMEGP; MUDRA,true,Unknown,Unknown,Unknown,Unknown,Unknown,100,+911822264448,https://uco.bank.in
P001853,Axis Bank - Grain Market Rajpura,Private Sector Bank,Punjab,Rajpura,Rajpura,140401,30.486038,76.592572,MUDRA,true,Unknown,Unknown,Unknown,Unknown,Unknown,75,+911762500013,https://axis.bank.in
P001854,Bandhan Bank - Rupnagar Branch,Private Sector Bank,Punjab,Rupnagar,Rupnagar,140001,30.8957763,75.8208386,MUDRA,true,Unknown,Unknown,Unknown,Unknown,Unknown,75,+918981823261,https://bandhan.bank.in
P001855,Canara Bank - Rupnagar Ropar,Public Sector Bank,Punjab,Rupnagar,Rupnagar,140001,30.8957763,75.8208386,PMEGP; MUDRA,true,Unknown,Unknown,Unknown,Unknown,Unknown,100,+911881222425,https://canarabank.bank.in
P001856,UCO Bank - Ropar Main,Public Sector Bank,Punjab,Rupnagar,Rupnagar,141001,30.9138789,75.8272489,PMEGP; MUDRA,true,Unknown,Unknown,Unknown,Unknown,Unknown,100,+911881222088,https://uco.bank.in
P001857,Canara Bank - Sangrur,Public Sector Bank,Punjab,Sangrur,Sangrur,148001,30.2455278,75.8443056,PMEGP; MUDRA,true,Unknown,Unknown,Unknown,Unknown,Unknown,100,+911672232362,https://canarabank.bank.in
P001858,DCB Bank - Sangrur,Private Sector Bank,Punjab,Sangrur,Sangrur,148001,30.2455278,75.8443056,MUDRA,true,Unknown,Unknown,Unknown,Unknown,Unknown,75,+919115102975,https://dcb.bank.in
P001859,IDBI Bank - Bharo,Private Sector Bank,Punjab,Sangrur,Sangrur,148026,30.7432248,75.5757092,MUDRA,true,Unknown,Unknown,Unknown,Unknown,Unknown,75,+919463843857,https://idbi.bank.in
P001860,Indian Bank - Dharamgarh,Public Sector Bank,Punjab,Sas Nagar Mohali,Sas Nagar Mohali,140601,30.5547972,76.7493452,PMEGP; MUDRA,true,Unknown,Unknown,Unknown,Unknown,Unknown,100,+911762251030,https://indianbank.bank.in
P001861,Bank of Maharashtra - Tarn Taran,Public Sector Bank,Punjab,Tarn Taran,Tarn Taran,143401,31.457758,74.918607,PMEGP; MUDRA,true,Unknown,Unknown,Unknown,Unknown,Unknown,100,+919115566943,https://bankofmaharashtra.bank.in
P001862,Indian Bank - Tarn Taran,Public Sector Bank,Punjab,Tarn Taran,Tarn Taran,143401,31.457758,74.918607,PMEGP; MUDRA,true,Unknown,Unknown,Unknown,Unknown,Unknown,100,+919068770978,https://indianbank.bank.in
P001863,State Bank of India - Cac Tarn Taran,Public Sector Bank,Punjab,Tarn Taran,Tarn Taran,143001,31.6464984,74.879802,PMEGP; MUDRA,true,Unknown,Unknown,Unknown,Unknown,Unknown,100,+918146668161,https://sbi.bank.in
P001864,"Bank of Baroda - Zirakpur, Dist Patiala",Public Sector Bank,Punjab,Zirakpur,Zirakpur,140603,30.6539722,76.8209722,PMEGP; MUDRA,true,Unknown,Unknown,Unknown,Unknown,Unknown,90,Unknown,https://bankofbaroda.bank.in
P001865,Bandhan Bank - Ajmer,Private Sector Bank,Rajasthan,Ajmer,Ajmer,305001,26.4589444,74.6355278,MUDRA,true,Unknown,Unknown,Unknown,Unknown,Unknown,75,+919829113741,https://bandhan.bank.in
P001866,Bank of India - Ajay Nagar,Public Sector Bank,Rajasthan,Ajmer,Ajmer,305001,26.4589444,74.6355278,PMEGP; MUDRA,true,Unknown,Unknown,Unknown,Unknown,Unknown,100,+911452691758,https://bankofindia.bank.in
P001867,"Canara Bank - M G Marg ,Main,Ajmer",Public Sector Bank,Rajasthan,Ajmer,Ajmer,305001,26.4589444,74.6355278,PMEGP; MUDRA,true,Unknown,Unknown,Unknown,Unknown,Unknown,100,+911452621376,https://canarabank.bank.in
P001868,"Canara Bank - Prithviraj Marg, Ajmer",Public Sector Bank,Rajasthan,Ajmer,Ajmer,305001,26.4589444,74.6355278,PMEGP; MUDRA,true,Unknown,Unknown,Unknown,Unknown,Unknown,100,+911452621515,https://canarabank.bank.in
P001869,DCB Bank - Ajmer,Private Sector Bank,Rajasthan,Ajmer,Ajmer,305001,26.4589444,74.6355278,MUDRA,true,Unknown,Unknown,Unknown,Unknown,Unknown,75,+911452623302,https://dcb.bank.in
P001870,ICICI Bank - Ajmer,Private Sector Bank,Rajasthan,Ajmer,Ajmer,305001,26.4589444,74.6355278,MUDRA,true,Unknown,Unknown,Unknown,Unknown,Unknown,75,+918696948645,https://icici.bank.in
P001871,ICICI Bank - Kishangarh City,Private Sector Bank,Rajasthan,Ajmer,Ajmer,305802,26.4244262,74.8346662,MUDRA,true,Unknown,Unknown,Unknown,Unknown,Unknown,75,+917073479153,https://icici.bank.in
P001872,Indian Bank - Ajmer Main,Public Sector Bank,Rajasthan,Ajmer,Ajmer,305001,26.4589444,74.6355278,PMEGP; MUDRA,true,Unknown,Unknown,Unknown,Unknown,Unknown,100,+911452629547,https://indianbank.bank.in
P001873,Indian Bank - Kutchery Road Ajmer,Public Sector Bank,Rajasthan,Ajmer,Ajmer,305001,26.4589444,74.6355278,PMEGP; MUDRA,true,Unknown,Unknown,Unknown,Unknown,Unknown,100,+919629194467,https://indianbank.bank.in
P001874,Rajasthan Marudhara Gramin Bank - P R Marg Ajmer Main Branch,Regional Rural Bank,Rajasthan,Ajmer,Ajmer,305001,26.4589444,74.6355278,PMEGP; MUDRA,true,Unknown,Unknown,Unknown,Unknown,Unknown,90,Unknown,Unknown
P001875,"State Bank of India - Diggi Bazar, Ajmer",Public Sector Bank,Rajasthan,Ajmer,Ajmer,305001,26.4589444,74.6355278,PMEGP; MUDRA,true,Unknown,Unknown,Unknown,Unknown,Unknown,100,+911452426206,https://sbi.bank.in
P001876,Bandhan Bank - Alwar,Private Sector Bank,Rajasthan,Alwar,Alwar,301001,27.561542,76.613021,MUDRA,true,Unknown,Unknown,Unknown,Unknown,Unknown,75,+919829115161,https://bandhan.bank.in
P001877,Indian Bank - Alwar Main,Public Sector Bank,Rajasthan,Alwar,Alwar,301001,27.561542,76.613021,PMEGP; MUDRA,true,Unknown,Unknown,Unknown,Unknown,Unknown,100,+911442348890,https://indianbank.bank.in
P001878,Rajasthan Marudhara Gramin Bank - Alwar Main Branch,Regional Rural Bank,Rajasthan,Alwar,Alwar,301001,27.561542,76.613021,PMEGP; MUDRA,true,Unknown,Unknown,Unknown,Unknown,Unknown,90,Unknown,Unknown
P001879,"State Bank of India - Sme Arya Nagar Branch, Alwar",Public Sector Bank,Rajasthan,Alwar,Alwar,301001,27.561542,76.613021,PMEGP; MUDRA,true,Unknown,Unknown,Unknown,Unknown,Unknown,100,+919413396227,https://sbi.bank.in
P001880,Bandhan Bank - College Road Branch Banswara,Private Sector Bank,Rajasthan,Banswara,Banswara,327001,23.5528611,74.44925,MUDRA,true,Unknown,Unknown,Unknown,Unknown,Unknown,75,+919088025731,https://bandhan.bank.in
P001881,Canara Bank - Banaswara,Public Sector Bank,Rajasthan,Banswara,Banswara,327001,23.5528611,74.44925,PMEGP; MUDRA,true,Unknown,Unknown,Unknown,Unknown,Unknown,100,+912962247666,https://canarabank.bank.in
P001882,Indian Bank - Banswara Main,Public Sector Bank,Rajasthan,Banswara,Banswara,327001,23.5528611,74.44925,PMEGP; MUDRA,true,Unknown,Unknown,Unknown,Unknown,Unknown,100,+912962245945,https://indianbank.bank.in
P001883,Rajasthan Marudhara Gramin Bank - Rbo Banswara,Regional Rural Bank,Rajasthan,Banswara,Banswara,327001,23.5528611,74.44925,PMEGP; MUDRA,true,Unknown,Unknown,Unknown,Unknown,Unknown,90,Unknown,Unknown
P001884,Bandhan Bank - Baran,Private Sector Bank,Rajasthan,Baran,Baran,325205,25.0972222,76.5097222,MUDRA,true,Unknown,Unknown,Unknown,Unknown,Unknown,75,+918529213751,https://bandhan.bank.in
P001885,Bank of India - Baran,Public Sector Bank,Rajasthan,Baran,Baran,325205,25.0972222,76.5097222,PMEGP; MUDRA,true,Unknown,Unknown,Unknown,Unknown,Unknown,100,+917453230754,https://bankofindia.bank.in
P001886,IDBI Bank - Baran,Private Sector Bank,Rajasthan,Baran,Baran,325205,25.0972222,76.5097222,MUDRA,true,Unknown,Unknown,Unknown,Unknown,Unknown,75,+919610048927,https://idbi.bank.in
P001887,Rajasthan Marudhara Gramin Bank - Mini Sec. Baran,Regional Rural Bank,Rajasthan,Baran,Baran,325205,25.0972222,76.5097222,PMEGP; MUDRA,true,Unknown,Unknown,Unknown,Unknown,Unknown,90,Unknown,Unknown
P001888,Bandhan Bank - Barmer Branch,Private Sector Bank,Rajasthan,Barmer,Barmer,344001,25.7521625,71.4126406,MUDRA,true,Unknown,Unknown,Unknown,Unknown,Unknown,75,+919831824171,https://bandhan.bank.in
P001889,Canara Bank - Barmer,Public Sector Bank,Rajasthan,Barmer,Barmer,344001,25.7521625,71.4126406,PMEGP; MUDRA,true,Unknown,Unknown,Unknown,Unknown,Unknown,100,+912982223372,https://canarabank.bank.in
P001890,State Bank of India - Barmer City,Public Sector Bank,Rajasthan,Barmer,Barmer,344001,25.7521625,71.4126406,PMEGP; MUDRA,true,Unknown,Unknown,Unknown,Unknown,Unknown,100,+912982220382,https://sbi.bank.in
P001891,Rajasthan Marudhara Gramin Bank - Beawar,Regional Rural Bank,Rajasthan,Beawar,Beawar,305901,26.1080556,74.3247222,PMEGP; MUDRA,true,Unknown,Unknown,Unknown,Unknown,Unknown,90,Unknown,Unknown
P001892,UCO Bank - Beawar,Public Sector Bank,Rajasthan,Beawar,Beawar,305901,26.1080556,74.3247222,PMEGP; MUDRA,true,Unknown,Unknown,Unknown,Unknown,Unknown,100,+91145257902,https://uco.bank.in
P001893,Canara Bank - Bharatpur Sme,Public Sector Bank,Rajasthan,Bharatpur,Bharatpur,321001,27.223605,77.491637,PMEGP; MUDRA,true,Unknown,Unknown,Unknown,Unknown,Unknown,100,+915644228412,https://canarabank.bank.in
P001894,IDBI Bank - Bharatpur,Private Sector Bank,Rajasthan,Bharatpur,Bharatpur,321001,27.223605,77.491637,MUDRA,true,Unknown,Unknown,Unknown,Unknown,Unknown,75,+919887333300,https://idbi.bank.in
P001895,"Rajasthan Marudhara Gramin Bank - Main Branch, Bharatpur",Regional Rural Bank,Rajasthan,Bharatpur,Bharatpur,321001,27.223605,77.491637,PMEGP; MUDRA,true,Unknown,Unknown,Unknown,Unknown,Unknown,90,Unknown,Unknown
P001896,"State Bank of India - Collectorate, Bharatpur",Public Sector Bank,Rajasthan,Bharatpur,Bharatpur,321001,27.223605,77.491637,PMEGP; MUDRA,true,Unknown,Unknown,Unknown,Unknown,Unknown,100,+915644222502,https://sbi.bank.in
P001897,Bandhan Bank - Bhilwara,Private Sector Bank,Rajasthan,Bhilwara,Bhilwara,311001,25.3471,74.6408,MUDRA,true,Unknown,Unknown,Unknown,Unknown,Unknown,75,+919116515171,https://bandhan.bank.in
P001898,Bank of India - Shastri Circle,Public Sector Bank,Rajasthan,Bhilwara,Bhilwara,311001,25.3471,74.6408,PMEGP; MUDRA,true,Unknown,Unknown,Unknown,Unknown,Unknown,100,+911482250454,https://bankofindia.bank.in
P001899,Canara Bank - Bhilwara Sme,Public Sector Bank,Rajasthan,Bhilwara,Bhilwara,311001,25.3471,74.6408,PMEGP; MUDRA,true,Unknown,Unknown,Unknown,Unknown,Unknown,100,+911862242033,https://canarabank.bank.in
P001900,Rajasthan Marudhara Gramin Bank - Bhilwara Nagori Garden Main Br.,Regional Rural Bank,Rajasthan,Bhilwara,Bhilwara,311001,25.3471,74.6408,PMEGP; MUDRA,true,Unknown,Unknown,Unknown,Unknown,Unknown,90,Unknown,Unknown
P001901,State Bank of India - Sme Bhiwadi,Public Sector Bank,Rajasthan,Bhiwadi,Bhiwadi,301019,28.2093364,76.8661321,PMEGP; MUDRA,true,Unknown,Unknown,Unknown,Unknown,Unknown,100,+918290724044,https://sbi.bank.in
P001902,Canara Bank - Bikaner Sme,Public Sector Bank,Rajasthan,Bikaner,Bikaner,334001,28.0208333,73.3158333,PMEGP; MUDRA,true,Unknown,Unknown,Unknown,Unknown,Unknown,100,+911412378835,https://canarabank.bank.in
P001903,Rajasthan Marudhara Gramin Bank - Rd Six Eight Two Aabadi,Regional Rural Bank,Rajasthan,Bikaner,Bikaner,334808,28.5328954,72.7272934,PMEGP; MUDRA,true,Unknown,Unknown,Unknown,Unknown,Unknown,90,Unknown,Unknown
P001904,State Bank of India - Rasmeccc Bikaner,Public Sector Bank,Rajasthan,Bikaner,Bikaner,334001,28.0208333,73.3158333,PMEGP; MUDRA,true,Unknown,Unknown,Unknown,Unknown,Unknown,100,+919414345224,https://sbi.bank.in
P001905,UCO Bank - Bikaner Main,Public Sector Bank,Rajasthan,Bikaner,Bikaner,334001,28.0208333,73.3158333,PMEGP; MUDRA,true,Unknown,Unknown,Unknown,Unknown,Unknown,100,+9115212202246,https://uco.bank.in
P001906,Bandhan Bank - Civil Lines Road Gayatri Nagar Branch Bundi,Private Sector Bank,Rajasthan,Bundi,Bundi,323001,25.430514,75.649903,MUDRA,true,Unknown,Unknown,Unknown,Unknown,Unknown,75,+917568809880,https://bandhan.bank.in
P001907,Bank of India - Bundi,Public Sector Bank,Rajasthan,Bundi,Bundi,323001,25.430514,75.649903,PMEGP; MUDRA,true,Unknown,Unknown,Unknown,Unknown,Unknown,100,+917472442725,https://bankofindia.bank.in
P001908,Indian Bank - Bundi Main,Public Sector Bank,Rajasthan,Bundi,Bundi,323001,25.430514,75.649903,PMEGP; MUDRA,true,Unknown,Unknown,Unknown,Unknown,Unknown,100,+917023333649,https://indianbank.bank.in
P001909,IDBI Bank - Setu Marg Chittorgarh,Private Sector Bank,Rajasthan,Chittorgarh,Chittorgarh,312001,24.8827778,74.6225,MUDRA,true,Unknown,Unknown,Unknown,Unknown,Unknown,75,+919825840321,https://idbi.bank.in
P001910,Indian Bank - Chittorgarh,Public Sector Bank,Rajasthan,Chittorgarh,Chittorgarh,312001,24.8827778,74.6225,PMEGP; MUDRA,true,Unknown,Unknown,Unknown,Unknown,Unknown,100,+911472240047,https://indianbank.bank.in
P001911,Rajasthan Marudhara Gramin Bank - Rbo Chittorgarh,Regional Rural Bank,Rajasthan,Chittorgarh,Chittorgarh,312001,24.8827778,74.6225,PMEGP; MUDRA,true,Unknown,Unknown,Unknown,Unknown,Unknown,90,Unknown,Unknown
P001912,State Bank of India - Rawatbhata Nuclear Fuel Complex Nfc,Public Sector Bank,Rajasthan,Chittorgarh,Chittorgarh,323307,24.9799121,75.6292932,PMEGP; MUDRA,true,Unknown,Unknown,Unknown,Unknown,Unknown,100,+919887857902,https://sbi.bank.in
P001913,Bandhan Bank - Churu Branch,Private Sector Bank,Rajasthan,Churu,Churu,331001,28.2902778,74.9613889,MUDRA,true,Unknown,Unknown,Unknown,Unknown,Unknown,75,+919903725951,https://bandhan.bank.in
P001914,Bank of India - Sardar Shahar,Public Sector Bank,Rajasthan,Churu,Churu,331403,28.6764841,74.5365478,PMEGP; MUDRA,true,Unknown,Unknown,Unknown,Unknown,Unknown,100,+919413651877,https://bankofindia.bank.in
P001915,Rajasthan Marudhara Gramin Bank - Rbo Churu,Regional Rural Bank,Rajasthan,Churu,Churu,331001,28.2902778,74.9613889,PMEGP; MUDRA,true,Unknown,Unknown,Unknown,Unknown,Unknown,90,Unknown,Unknown
P001916,"State Bank of India - Collectorate, Churu",Public Sector Bank,Rajasthan,Churu,Churu,331001,28.2902778,74.9613889,PMEGP; MUDRA,true,Unknown,Unknown,Unknown,Unknown,Unknown,100,+911562250283,https://sbi.bank.in
P001917,Bandhan Bank - Dausa,Private Sector Bank,Rajasthan,Dausa,Dausa,303303,26.8908889,76.3378889,MUDRA,true,Unknown,Unknown,Unknown,Unknown,Unknown,75,+918529213771,https://bandhan.bank.in
P001918,ICICI Bank - Dausa,Private Sector Bank,Rajasthan,Dausa,Dausa,303303,26.8908889,76.3378889,MUDRA,true,Unknown,Unknown,Unknown,Unknown,Unknown,75,+918696901606,https://icici.bank.in
P001919,Indian Bank - Dausa Main,Public Sector Bank,Rajasthan,Dausa,Dausa,303303,26.8908889,76.3378889,PMEGP; MUDRA,true,Unknown,Unknown,Unknown,Unknown,Unknown,100,+919521471399,https://indianbank.bank.in
P001920,"Rajasthan Marudhara Gramin Bank - Agra Road, Dausa",Regional Rural Bank,Rajasthan,Dausa,Dausa,303303,26.8908889,76.3378889,PMEGP; MUDRA,true,Unknown,Unknown,Unknown,Unknown,Unknown,100,+917073454312,Unknown
P001921,HDFC Bank - The Dholpur Urban Co Op Bank Ltd,Private Sector Bank,Rajasthan,Dholpur,Dholpur,328001,26.6926111,77.8993611,MUDRA,true,Unknown,Unknown,Unknown,Unknown,Unknown,75,+919414268890,https://hdfc.bank.in
P001922,IDBI Bank - Dhoulpur,Private Sector Bank,Rajasthan,Dholpur,Dholpur,328001,26.6926111,77.8993611,MUDRA,true,Unknown,Unknown,Unknown,Unknown,Unknown,75,+918936990077,https://idbi.bank.in
P001923,Punjab National Bank - Dhaulpur Collectorate,Public Sector Bank,Rajasthan,Dholpur,Dholpur,328001,26.6926111,77.8993611,PMEGP; MUDRA,true,Unknown,Unknown,Unknown,Unknown,Unknown,100,+919001021506,https://pnb.bank.in
P001924,Rajasthan Marudhara Gramin Bank - Dholpur Main Branch,Regional Rural Bank,Rajasthan,Dholpur,Dholpur,328001,26.6926111,77.8993611,PMEGP; MUDRA,true,Unknown,Unknown,Unknown,Unknown,Unknown,90,Unknown,Unknown
P001925,Bandhan Bank - Dungarpur Branch,Private Sector Bank,Rajasthan,Dungarpur,Dungarpur,314001,23.8507222,73.71,MUDRA,true,Unknown,Unknown,Unknown,Unknown,Unknown,75,+919073623421,https://bandhan.bank.in
P001926,Canara Bank - Dungarpur,Public Sector Bank,Rajasthan,Dungarpur,Dungarpur,314001,23.8507222,73.71,PMEGP; MUDRA,true,Unknown,Unknown,Unknown,Unknown,Unknown,100,+912964231474,https://canarabank.bank.in
P001927,IDBI Bank - Dungarpur,Private Sector Bank,Rajasthan,Dungarpur,Dungarpur,314001,23.8507222,73.71,MUDRA,true,Unknown,Unknown,Unknown,Unknown,Unknown,75,+919828343000,https://idbi.bank.in
P001928,"Rajasthan Marudhara Gramin Bank - New Colony, Dungarpur",Regional Rural Bank,Rajasthan,Dungarpur,Dungarpur,314001,23.8507222,73.71,PMEGP; MUDRA,true,Unknown,Unknown,Unknown,Unknown,Unknown,90,Unknown,Unknown
P001929,Bandhan Bank - Sukhadia Circle Branch Ganganagar,Private Sector Bank,Rajasthan,Ganganagar,Ganganagar,335001,29.268915,74.407657,MUDRA,true,Unknown,Unknown,Unknown,Unknown,Unknown,75,+919831825771,https://bandhan.bank.in
P001930,Bank of India - Raisinghnagar,Public Sector Bank,Rajasthan,Ganganagar,Ganganagar,335051,29.5789502,73.5029132,PMEGP; MUDRA,true,Unknown,Unknown,Unknown,Unknown,Unknown,100,+919638576512,https://bankofindia.bank.in
P001931,"State Bank of India - Collectorate, Sriganganagar",Public Sector Bank,Rajasthan,Ganganagar,Ganganagar,335001,29.268915,74.407657,PMEGP; MUDRA,true,Unknown,Unknown,Unknown,Unknown,Unknown,100,+911542445330,https://sbi.bank.in
P001932,Canara Bank - Hanumangarh,Public Sector Bank,Rajasthan,Hanumangarh,Hanumangarh,335512,29.932378,73.865606,PMEGP; MUDRA,true,Unknown,Unknown,Unknown,Unknown,Unknown,100,+911552269474,https://canarabank.bank.in
P001933,ICICI Bank - Hanumangarh Town,Private Sector Bank,Rajasthan,Hanumangarh,Hanumangarh,335513,29.5783333,74.3358333,MUDRA,true,Unknown,Unknown,Unknown,Unknown,Unknown,75,+919829792122,https://icici.bank.in
P001934,IDBI Bank - Hanumangarh,Private Sector Bank,Rajasthan,Hanumangarh,Hanumangarh,335512,29.932378,73.865606,MUDRA,true,Unknown,Unknown,Unknown,Unknown,Unknown,75,+919999493801,https://idbi.bank.in
P001935,Rajasthan Marudhara Gramin Bank - Eleven Ntr-B,Regional Rural Bank,Rajasthan,Hanumangarh,Hanumangarh,335504,29.2265088,74.9774646,PMEGP; MUDRA,true,Unknown,Unknown,Unknown,Unknown,Unknown,90,Unknown,Unknown
P001936,Axis Bank - Collectorate Circle Jaipur,Private Sector Bank,Rajasthan,Jaipur,Jaipur,302016,26.925485,75.792714,MUDRA,true,Unknown,Unknown,Unknown,Unknown,Unknown,75,+919024697574,https://axis.bank.in
P001937,Bandhan Bank - Jaipur,Private Sector Bank,Rajasthan,Jaipur,Jaipur,302021,26.9116667,75.74,MUDRA,true,Unknown,Unknown,Unknown,Unknown,Unknown,75,+918529215181,https://bandhan.bank.in
P001938,Bandhan Bank - Johari Bazar Branch,Private Sector Bank,Rajasthan,Jaipur,Jaipur,302003,26.91525,75.8260278,MUDRA,true,Unknown,Unknown,Unknown,Unknown,Unknown,75,+919073922471,https://bandhan.bank.in
P001939,Bank of India - Vidhyadhar Nagar,Public Sector Bank,Rajasthan,Jaipur,Jaipur,302023,,,PMEGP; MUDRA,true,Unknown,Unknown,Unknown,Unknown,Unknown,100,+911412233541,https://bankofindia.bank.in
P001940,Bank of India - Jawahar Nagar,Public Sector Bank,Rajasthan,Jaipur,Jaipur,302004,26.9013875,75.8319843,PMEGP; MUDRA,true,Unknown,Unknown,Unknown,Unknown,Unknown,100,+911412652361,https://bankofindia.bank.in
P001941,Bank of Maharashtra - Mid Corporate Branch Jaipur,Public Sector Bank,Rajasthan,Jaipur,Jaipur,302030,,,PMEGP; MUDRA,true,Unknown,Unknown,Unknown,Unknown,Unknown,100,+919587222437,https://bankofmaharashtra.bank.in
P001942,Canara Bank - Vaishalinagar,Public Sector Bank,Rajasthan,Jaipur,Jaipur,302001,26.9175278,75.8036667,PMEGP; MUDRA,true,Unknown,Unknown,Unknown,Unknown,Unknown,100,+911412355763,https://canarabank.bank.in
P001943,Canara Bank - Manasarovar,Public Sector Bank,Rajasthan,Jaipur,Jaipur,302001,26.9175278,75.8036667,PMEGP; MUDRA,true,Unknown,Unknown,Unknown,Unknown,Unknown,100,+911412782478,https://canarabank.bank.in
P001944,Canara Bank - Spld Large Corporate Branch,Public Sector Bank,Rajasthan,Jaipur,Jaipur,302003,26.91525,75.8260278,PMEGP; MUDRA,true,Unknown,Unknown,Unknown,Unknown,Unknown,100,+911412222308,https://canarabank.bank.in
P001945,DCB Bank - Jaipur,Private Sector Bank,Rajasthan,Jaipur,Jaipur,302006,26.9185833,75.7902222,MUDRA,true,Unknown,Unknown,Unknown,Unknown,Unknown,75,+911412211361,https://dcb.bank.in
P001946,DCB Bank - New Sanganer Road Jaipur,Private Sector Bank,Rajasthan,Jaipur,Jaipur,302019,26.91925,75.7196389,MUDRA,true,Unknown,Unknown,Unknown,Unknown,Unknown,75,+919782157974,https://dcb.bank.in
P001947,HDFC Bank - Sardar Patel Marg,Private Sector Bank,Rajasthan,Jaipur,Jaipur,302001,26.9175278,75.8036667,MUDRA,true,Unknown,Unknown,Unknown,Unknown,Unknown,75,+91180061606161,https://hdfc.bank.in
P001948,"ICICI Bank - Johari Bazarjaipur, Rajasthan",Private Sector Bank,Rajasthan,Jaipur,Jaipur,302003,26.91525,75.8260278,MUDRA,true,Unknown,Unknown,Unknown,Unknown,Unknown,75,+918003295825,https://icici.bank.in
P001949,"ICICI Bank - Jaipur, Johari Bazar",Private Sector Bank,Rajasthan,Jaipur,Jaipur,302001,26.9175278,75.8036667,MUDRA,true,Unknown,Unknown,Unknown,Unknown,Unknown,75,+918003295825,https://icici.bank.in
P001950,IDBI Bank - Jaipur Main Branch,Private Sector Bank,Rajasthan,Jaipur,Jaipur,302015,26.873427,75.799251,MUDRA,true,Unknown,Unknown,Unknown,Unknown,Unknown,75,+919717500766,https://idbi.bank.in
P001951,IDBI Bank - Tonk Road,Private Sector Bank,Rajasthan,Jaipur,Jaipur,302015,26.873427,75.799251,MUDRA,true,Unknown,Unknown,Unknown,Unknown,Unknown,75,+919918401954,https://idbi.bank.in
P001952,Indian Bank - Bilwa,Public Sector Bank,Rajasthan,Jaipur,Jaipur,302022,26.7925514,75.8477158,PMEGP; MUDRA,true,Unknown,Unknown,Unknown,Unknown,Unknown,100,+919116153597,https://indianbank.bank.in
P001953,Punjab National Bank - Jaipur-Johri Bazar,Public Sector Bank,Rajasthan,Jaipur,Jaipur,302003,26.91525,75.8260278,PMEGP; MUDRA,true,Unknown,Unknown,Unknown,Unknown,Unknown,100,+911412575642,https://pnb.bank.in
P001954,"Rajasthan Marudhara Gramin Bank - Vaishali Nagar,Jaipur",Regional Rural Bank,Rajasthan,Jaipur,Jaipur,302021,26.9116667,75.74,PMEGP; MUDRA,true,Unknown,Unknown,Unknown,Unknown,Unknown,90,Unknown,Unknown
P001955,State Bank of India - Collectorate Circle Jaipur,Public Sector Bank,Rajasthan,Jaipur,Jaipur,302016,26.925485,75.792714,PMEGP; MUDRA,true,Unknown,Unknown,Unknown,Unknown,Unknown,100,+911416060113,https://sbi.bank.in
P001956,State Bank of India - Jaipur Administrative Business Unit,Public Sector Bank,Rajasthan,Jaipur,Jaipur,302005,26.900471,75.800939,PMEGP; MUDRA,true,Unknown,Unknown,Unknown,Unknown,Unknown,100,+911412227798,https://sbi.bank.in
P001957,"State Bank of India - Mid Corporate Branch, Vkie, Jaipur",Public Sector Bank,Rajasthan,Jaipur,Jaipur,302013,26.9698152,75.0504447,PMEGP; MUDRA,true,Unknown,Unknown,Unknown,Unknown,Unknown,100,+911412338653,https://sbi.bank.in
P001958,UCO Bank - Johari Bazar Jaipur,Public Sector Bank,Rajasthan,Jaipur,Jaipur,302003,26.91525,75.8260278,PMEGP; MUDRA,true,Unknown,Unknown,Unknown,Unknown,Unknown,100,+911412578879,https://uco.bank.in
P001959,UCO Bank - Mid Corporate Jaipur,Public Sector Bank,Rajasthan,Jaipur,Jaipur,302006,26.9185833,75.7902222,PMEGP; MUDRA,true,Unknown,Unknown,Unknown,Unknown,Unknown,100,+911412207547,https://uco.bank.in
P001960,"Yes Bank - Johari Bazar, Jaipur",Private Sector Bank,Rajasthan,Jaipur,Jaipur,302001,26.9175278,75.8036667,MUDRA,true,Unknown,Unknown,Unknown,Unknown,Unknown,75,+911413329130,https://yes.bank.in
P001961,Bank of India - Jaisalmer,Public Sector Bank,Rajasthan,Jaisalmer,Jaisalmer,345001,26.913901,70.908032,PMEGP; MUDRA,true,Unknown,Unknown,Unknown,Unknown,Unknown,100,+912992254245,https://bankofindia.bank.in
P001962,"ICICI Bank - Jaisalmer, Rajasthan",Private Sector Bank,Rajasthan,Jaisalmer,Jaisalmer,345001,26.913901,70.908032,MUDRA,true,Unknown,Unknown,Unknown,Unknown,Unknown,75,+918112272672,https://icici.bank.in
P001963,IDBI Bank - Jaisalmer,Private Sector Bank,Rajasthan,Jaisalmer,Jaisalmer,345001,26.913901,70.908032,MUDRA,true,Unknown,Unknown,Unknown,Unknown,Unknown,75,+917737659118,https://idbi.bank.in
P001964,Rajasthan Marudhara Gramin Bank - Ratariya,Regional Rural Bank,Rajasthan,Jaisalmer,Jaisalmer,345021,26.9349915,71.544202,PMEGP; MUDRA,true,Unknown,Unknown,Unknown,Unknown,Unknown,90,Unknown,Unknown
P001965,Indian Bank - Jalore,Public Sector Bank,Rajasthan,Jalore,Jalore,343001,25.349951,72.628006,PMEGP; MUDRA,true,Unknown,Unknown,Unknown,Unknown,Unknown,100,+919381816120,https://indianbank.bank.in
P001966,Rajasthan Marudhara Gramin Bank - Nimbla,Regional Rural Bank,Rajasthan,Jalore,Jalore,307029,43.0589378,33.2272646,PMEGP; MUDRA,true,Unknown,Unknown,Unknown,Unknown,Unknown,90,Unknown,Unknown
P001967,State Bank of India - Mini Racpc Jalore,Public Sector Bank,Rajasthan,Jalore,Jalore,343001,25.349951,72.628006,PMEGP; MUDRA,true,Unknown,Unknown,Unknown,Unknown,Unknown,100,+918239198212,https://sbi.bank.in
P001968,Bank of India - Jhalawar,Public Sector Bank,Rajasthan,Jhalawar,Jhalawar,326001,24.58,76.17,PMEGP; MUDRA,true,Unknown,Unknown,Unknown,Unknown,Unknown,100,+917283233206,https://bankofindia.bank.in
P001969,ICICI Bank - Jhalawar,Private Sector Bank,Rajasthan,Jhalawar,Jhalawar,326001,24.58,76.17,MUDRA,true,Unknown,Unknown,Unknown,Unknown,Unknown,75,+919983337040,https://icici.bank.in
P001970,IDBI Bank - Jhalawar,Private Sector Bank,Rajasthan,Jhalawar,Jhalawar,326001,24.58,76.17,MUDRA,true,Unknown,Unknown,Unknown,Unknown,Unknown,75,+918829046362,https://idbi.bank.in
P001971,Rajasthan Marudhara Gramin Bank - Mini Sec. Jhalawar,Regional Rural Bank,Rajasthan,Jhalawar,Jhalawar,326001,24.58,76.17,PMEGP; MUDRA,true,Unknown,Unknown,Unknown,Unknown,Unknown,90,Unknown,Unknown
P001972,Bank of India - Purohiton Ki Dhani,Public Sector Bank,Rajasthan,Jhunjhunu,Jhunjhunu,333001,28.1194444,75.3986111,PMEGP; MUDRA,true,Unknown,Unknown,Unknown,Unknown,Unknown,100,+916800452460,https://bankofindia.bank.in
P001973,Indian Bank - Jhunjhunu Main,Public Sector Bank,Rajasthan,Jhunjhunu,Jhunjhunu,333001,28.1194444,75.3986111,PMEGP; MUDRA,true,Unknown,Unknown,Unknown,Unknown,Unknown,100,+919829084448,https://indianbank.bank.in
P001974,Rajasthan Marudhara Gramin Bank - Jhunjhunu Main Br,Regional Rural Bank,Rajasthan,Jhunjhunu,Jhunjhunu,333001,28.1194444,75.3986111,PMEGP; MUDRA,true,Unknown,Unknown,Unknown,Unknown,Unknown,90,Unknown,Unknown
P001975,"State Bank of India - Collectorate, Jhunjhunu",Public Sector Bank,Rajasthan,Jhunjhunu,Jhunjhunu,333001,28.1194444,75.3986111,PMEGP; MUDRA,true,Unknown,Unknown,Unknown,Unknown,Unknown,100,+911592232297,https://sbi.bank.in
P001976,Bandhan Bank - Jodhpur,Private Sector Bank,Rajasthan,Jodhpur,Jodhpur,342024,26.320122,72.9763872,MUDRA,true,Unknown,Unknown,Unknown,Unknown,Unknown,75,+918529213781,https://bandhan.bank.in
P001977,Bank of India - Boranada,Public Sector Bank,Rajasthan,Jodhpur,Jodhpur,342012,26.1909722,72.9354444,PMEGP; MUDRA,true,Unknown,Unknown,Unknown,Unknown,Unknown,100,+912931281356,https://bankofindia.bank.in
P001978,Canara Bank - Jalorigate Main,Public Sector Bank,Rajasthan,Jodhpur,Jodhpur,342001,26.273048,73.0233764,PMEGP; MUDRA,true,Unknown,Unknown,Unknown,Unknown,Unknown,100,+912912434570,https://canarabank.bank.in
P001979,"Canara Bank - Chopasani Road,Jodhpur",Public Sector Bank,Rajasthan,Jodhpur,Jodhpur,342001,26.273048,73.0233764,PMEGP; MUDRA,true,Unknown,Unknown,Unknown,Unknown,Unknown,100,+912912610884,https://canarabank.bank.in
P001980,DCB Bank - Jodhpur,Private Sector Bank,Rajasthan,Jodhpur,Jodhpur,342001,26.273048,73.0233764,MUDRA,true,Unknown,Unknown,Unknown,Unknown,Unknown,75,+917045026228,https://dcb.bank.in
P001981,Indian Bank - Jodhpur Main,Public Sector Bank,Rajasthan,Jodhpur,Jodhpur,342001,26.273048,73.0233764,PMEGP; MUDRA,true,Unknown,Unknown,Unknown,Unknown,Unknown,100,+912912616241,https://indianbank.bank.in
P001982,Punjab National Bank - Jodhpur-Drda Collectorate,Public Sector Bank,Rajasthan,Jodhpur,Jodhpur,342006,26.294421,73.036988,PMEGP; MUDRA,true,Unknown,Unknown,Unknown,Unknown,Unknown,100,+912912551554,https://pnb.bank.in
P001983,Rajasthan Marudhara Gramin Bank - Boranara,Regional Rural Bank,Rajasthan,Jodhpur,Jodhpur,342012,26.1909722,72.9354444,PMEGP; MUDRA,true,Unknown,Unknown,Unknown,Unknown,Unknown,90,Unknown,Unknown
P001984,State Bank of India - Commercial Branch Jodhpur,Public Sector Bank,Rajasthan,Jodhpur,Jodhpur,342003,26.2717222,73.0036389,PMEGP; MUDRA,true,Unknown,Unknown,Unknown,Unknown,Unknown,100,+912912621596,https://sbi.bank.in
P001985,"State Bank of India - Regional Business Office, Jodhpur",Public Sector Bank,Rajasthan,Jodhpur,Jodhpur,342002,26.273036,73.02042,PMEGP; MUDRA,true,Unknown,Unknown,Unknown,Unknown,Unknown,100,+912912771552,https://sbi.bank.in
P001986,UCO Bank - Jodhpur Main,Public Sector Bank,Rajasthan,Jodhpur,Jodhpur,342001,26.273048,73.0233764,PMEGP; MUDRA,true,Unknown,Unknown,Unknown,Unknown,Unknown,100,+9129312633724,https://uco.bank.in
P001987,Canara Bank - Karauli,Public Sector Bank,Rajasthan,Karauli,Karauli,322241,26.4951944,77.0289167,PMEGP; MUDRA,true,Unknown,Unknown,Unknown,Unknown,Unknown,100,+917464220813,https://canarabank.bank.in
P001988,ICICI Bank - Karauli,Private Sector Bank,Rajasthan,Karauli,Karauli,322241,26.4951944,77.0289167,MUDRA,true,Unknown,Unknown,Unknown,Unknown,Unknown,75,+917021185781,https://icici.bank.in
P001989,State Bank of India - Hindaun City,Public Sector Bank,Rajasthan,Karauli,Karauli,322230,31.1676636,65.8080316,PMEGP; MUDRA,true,Unknown,Unknown,Unknown,Unknown,Unknown,100,+917469235901,https://sbi.bank.in
P001990,Bandhan Bank - Kota,Private Sector Bank,Rajasthan,Kota,Kota,324007,25.16,75.85,MUDRA,true,Unknown,Unknown,Unknown,Unknown,Unknown,75,+919145813791,https://bandhan.bank.in
P001991,Bank of India - Mahavir Nagar,Public Sector Bank,Rajasthan,Kota,Kota,324005,25.1502222,75.8579722,PMEGP; MUDRA,true,Unknown,Unknown,Unknown,Unknown,Unknown,100,+917442433700,https://bankofindia.bank.in
P001992,Canara Bank - Kota,Public Sector Bank,Rajasthan,Kota,Kota,324001,25.21,75.86,PMEGP; MUDRA,true,Unknown,Unknown,Unknown,Unknown,Unknown,100,+917442325961,https://canarabank.bank.in
P001993,DCB Bank - Kota,Private Sector Bank,Rajasthan,Kota,Kota,324007,25.16,75.85,MUDRA,true,Unknown,Unknown,Unknown,Unknown,Unknown,75,+919828371222,https://dcb.bank.in
P001994,ICICI Bank - Kota,Private Sector Bank,Rajasthan,Kota,Kota,324007,25.16,75.85,MUDRA,true,Unknown,Unknown,Unknown,Unknown,Unknown,75,+917073473322,https://icici.bank.in
P001995,"ICICI Bank - Kota,Kota City",Private Sector Bank,Rajasthan,Kota,Kota,324006,25.1877778,75.8419444,MUDRA,true,Unknown,Unknown,Unknown,Unknown,Unknown,75,+919587885844,https://icici.bank.in
P001996,Indian Bank - Kota Main,Public Sector Bank,Rajasthan,Kota,Kota,324005,25.1427778,75.8533333,PMEGP; MUDRA,true,Unknown,Unknown,Unknown,Unknown,Unknown,100,+917073452529,https://indianbank.bank.in
P001997,"Rajasthan Marudhara Gramin Bank - Nayapura, Kota Main Branch",Regional Rural Bank,Rajasthan,Kota,Kota,324001,25.21,75.86,PMEGP; MUDRA,true,Unknown,Unknown,Unknown,Unknown,Unknown,90,Unknown,Unknown
P001998,State Bank of India - Kota Main,Public Sector Bank,Rajasthan,Kota,Kota,324007,25.16,75.85,PMEGP; MUDRA,true,Unknown,Unknown,Unknown,Unknown,Unknown,100,+917442391953,https://sbi.bank.in
P001999,State Bank of India - Kota City,Public Sector Bank,Rajasthan,Kota,Kota,324006,25.1877778,75.8419444,PMEGP; MUDRA,true,Unknown,Unknown,Unknown,Unknown,Unknown,100,+917442380756,https://sbi.bank.in
P002000,UCO Bank - Kota Main,Public Sector Bank,Rajasthan,Kota,Kota,324006,25.1877778,75.8419444,PMEGP; MUDRA,true,Unknown,Unknown,Unknown,Unknown,Unknown,100,+9177532380971,https://uco.bank.in
P002001,Axis Bank - Kuchaman City,Private Sector Bank,Rajasthan,Nagaur,Nagaur,341508,27.3549199,75.0866611,MUDRA,true,Unknown,Unknown,Unknown,Unknown,Unknown,75,+911586222245,https://axis.bank.in
P002002,Indian Bank - Merta City,Public Sector Bank,Rajasthan,Nagaur,Nagaur,341510,26.7695448,75.6584977,PMEGP; MUDRA,true,Unknown,Unknown,Unknown,Unknown,Unknown,100,+918005648801,https://indianbank.bank.in
P002003,State Bank of India - Kuchman City,Public Sector Bank,Rajasthan,Nagaur,Nagaur,341513,26.7238894,74.1949603,PMEGP; MUDRA,true,Unknown,Unknown,Unknown,Unknown,Unknown,100,+911586222303,https://sbi.bank.in
P002004,Bandhan Bank - Bapu Nagar Branch Pali,Private Sector Bank,Rajasthan,Pali,Pali,306401,25.7697222,73.3233333,MUDRA,true,Unknown,Unknown,Unknown,Unknown,Unknown,75,+919163024501,https://bandhan.bank.in
P002005,Bank of India - Deeri,Public Sector Bank,Rajasthan,Pali,Pali,306401,25.7697222,73.3233333,PMEGP; MUDRA,true,Unknown,Unknown,Unknown,Unknown,Unknown,100,+911512240124,https://bankofindia.bank.in
P002006,State Bank of India - Pali City,Public Sector Bank,Rajasthan,Pali,Pali,306401,25.7697222,73.3233333,PMEGP; MUDRA,true,Unknown,Unknown,Unknown,Unknown,Unknown,100,+912932228087,https://sbi.bank.in
P002007,Bank of Maharashtra - Pratapgarh Rajasthan,Public Sector Bank,Rajasthan,Pratapgarh,Pratapgarh,312605,25.3552606,75.3185912,PMEGP; MUDRA,true,Unknown,Unknown,Unknown,Unknown,Unknown,100,+919587612439,https://bankofmaharashtra.bank.in
P002008,Punjab National Bank - Pratapgarh - Rajasthan,Public Sector Bank,Rajasthan,Pratapgarh,Pratapgarh,312605,25.3552606,75.3185912,PMEGP; MUDRA,true,Unknown,Unknown,Unknown,Unknown,Unknown,100,+911478220150,https://pnb.bank.in
P002009,Union Bank of India - Pratapgarh,Public Sector Bank,Rajasthan,Pratapgarh,Pratapgarh,312605,25.3552606,75.3185912,PMEGP; MUDRA,true,Unknown,Unknown,Unknown,Unknown,Unknown,100,+919982982041,https://unionbankofindia.bank.in
P002010,Bank of India - Rajsamand,Public Sector Bank,Rajasthan,Rajsamand,Rajsamand,313326,,,PMEGP; MUDRA,true,Unknown,Unknown,Unknown,Unknown,Unknown,100,+912952220175,https://bankofindia.bank.in
P002011,Canara Bank - Rajsamand Dist. Hq,Public Sector Bank,Rajasthan,Rajsamand,Rajsamand,313324,24.0609444,73.8741944,PMEGP; MUDRA,true,Unknown,Unknown,Unknown,Unknown,Unknown,100,+912952225151,https://canarabank.bank.in
P002012,IDBI Bank - Rajsamand,Private Sector Bank,Rajasthan,Rajsamand,Rajsamand,313326,,,MUDRA,true,Unknown,Unknown,Unknown,Unknown,Unknown,75,+919654406271,https://idbi.bank.in
P002013,Bandhan Bank - Gulab Bagh Branch Sawai Madhopur,Private Sector Bank,Rajasthan,Sawai Madhopur,Sawai Madhopur,322001,26.035158,76.355046,MUDRA,true,Unknown,Unknown,Unknown,Unknown,Unknown,75,+916292124511,https://bandhan.bank.in
P002014,IDBI Bank - Sawai Madhopur,Private Sector Bank,Rajasthan,Sawai Madhopur,Sawai Madhopur,322001,26.035158,76.355046,MUDRA,true,Unknown,Unknown,Unknown,Unknown,Unknown,75,+918696265522,https://idbi.bank.in
P002015,Indian Bank - Gangapur City,Public Sector Bank,Rajasthan,Sawai Madhopur,Sawai Madhopur,322201,30.3880916,69.1751084,PMEGP; MUDRA,true,Unknown,Unknown,Unknown,Unknown,Unknown,100,+919571733393,https://indianbank.bank.in
P002016,Rajasthan Marudhara Gramin Bank - Rbo Sawai Madhopur,Regional Rural Bank,Rajasthan,Sawai Madhopur,Sawai Madhopur,322001,26.035158,76.355046,PMEGP; MUDRA,true,Unknown,Unknown,Unknown,Unknown,Unknown,90,Unknown,Unknown
P002017,Bandhan Bank - Sikar,Private Sector Bank,Rajasthan,Sikar,Sikar,332001,27.61627,75.15244,MUDRA,true,Unknown,Unknown,Unknown,Unknown,Unknown,75,+919680015201,https://bandhan.bank.in
P002018,Bank of India - Neem Ka Thana,Public Sector Bank,Rajasthan,Sikar,Sikar,332713,27.7780542,75.784842,PMEGP; MUDRA,true,Unknown,Unknown,Unknown,Unknown,Unknown,100,+911574230530,https://bankofindia.bank.in
P002019,Rajasthan Marudhara Gramin Bank - Rbo Sikar,Regional Rural Bank,Rajasthan,Sikar,Sikar,332001,27.61627,75.15244,PMEGP; MUDRA,true,Unknown,Unknown,Unknown,Unknown,Unknown,90,Unknown,Unknown
P002020,State Bank of India - Sikar City,Public Sector Bank,Rajasthan,Sikar,Sikar,302015,26.8800875,75.8008675,PMEGP; MUDRA,true,Unknown,Unknown,Unknown,Unknown,Unknown,100,+919829453863,https://sbi.bank.in
P002021,Canara Bank - Sirohi Dist. Hq,Public Sector Bank,Rajasthan,Sirohi,Sirohi,307001,24.8852778,72.8530556,PMEGP; MUDRA,true,Unknown,Unknown,Unknown,Unknown,Unknown,100,+912972224111,https://canarabank.bank.in
P002022,"ICICI Bank - Sirohi, Rajasthan",Private Sector Bank,Rajasthan,Sirohi,Sirohi,307001,24.8852778,72.8530556,MUDRA,true,Unknown,Unknown,Unknown,Unknown,Unknown,75,+917073484777,https://icici.bank.in
P002023,Indian Bank - Abu Road,Public Sector Bank,Rajasthan,Sirohi,Sirohi,307026,24.5471966,72.5142274,PMEGP; MUDRA,true,Unknown,Unknown,Unknown,Unknown,Unknown,100,+912974226844,https://indianbank.bank.in
P002024,Rajasthan Marudhara Gramin Bank - Rampura,Regional Rural Bank,Rajasthan,Sirohi,Sirohi,307001,24.8852778,72.8530556,PMEGP; MUDRA,true,Unknown,Unknown,Unknown,Unknown,Unknown,100,+917073453709,Unknown
P002025,Indian Bank - Bhopalwala Arya Sr. Secondary School,Public Sector Bank,Rajasthan,Sri Ganganagar,Sri Ganganagar,335001,29.895578,73.9520022,PMEGP; MUDRA,true,Unknown,Unknown,Unknown,Unknown,Unknown,100,+919779623144,https://indianbank.bank.in
P002026,State Bank of India - Sme Sri Ganganagar,Public Sector Bank,Rajasthan,Sri Ganganagar,Sri Ganganagar,335001,29.895578,73.9520022,PMEGP; MUDRA,true,Unknown,Unknown,Unknown,Unknown,Unknown,100,+917023301842,https://sbi.bank.in
P002027,UCO Bank - Sriganganagar,Public Sector Bank,Rajasthan,Sri Ganganagar,Sri Ganganagar,335001,29.895578,73.9520022,PMEGP; MUDRA,true,Unknown,Unknown,Unknown,Unknown,Unknown,100,+912912470254,https://uco.bank.in
P002028,Bandhan Bank - Tonk,Private Sector Bank,Rajasthan,Tonk,Tonk,304001,26.16204,75.789472,MUDRA,true,Unknown,Unknown,Unknown,Unknown,Unknown,75,+919950915211,https://bandhan.bank.in
P002029,DCB Bank - Tonk,Private Sector Bank,Rajasthan,Tonk,Tonk,304001,26.16204,75.789472,MUDRA,true,Unknown,Unknown,Unknown,Unknown,Unknown,75,+91143268997777,https://dcb.bank.in
P002030,IDBI Bank - Tonk,Private Sector Bank,Rajasthan,Tonk,Tonk,304001,26.16204,75.789472,MUDRA,true,Unknown,Unknown,Unknown,Unknown,Unknown,75,+917624020476,https://idbi.bank.in
P002031,Bandhan Bank - Udaipur,Private Sector Bank,Rajasthan,Udaipur,Udaipur,313002,24.56725,73.7262778,MUDRA,true,Unknown,Unknown,Unknown,Unknown,Unknown,75,+918529213811,https://bandhan.bank.in
P002032,Bank of India - Nyay Marg,Public Sector Bank,Rajasthan,Udaipur,Udaipur,313001,24.5872222,73.6983333,PMEGP; MUDRA,true,Unknown,Unknown,Unknown,Unknown,Unknown,100,+912942411558,https://bankofindia.bank.in
P002033,Canara Bank - Udaipur,Public Sector Bank,Rajasthan,Udaipur,Udaipur,313001,24.5872222,73.6983333,PMEGP; MUDRA,true,Unknown,Unknown,Unknown,Unknown,Unknown,100,+912942415254,https://canarabank.bank.in
P002034,"ICICI Bank - Udaipur,Bapu Bazar",Private Sector Bank,Rajasthan,Udaipur,Udaipur,313001,24.5872222,73.6983333,MUDRA,true,Unknown,Unknown,Unknown,Unknown,Unknown,75,+919950404000,https://icici.bank.in
P002035,IDBI Bank - Udaipur Corporate Banking Branch,Private Sector Bank,Rajasthan,Udaipur,Udaipur,313001,24.5872222,73.6983333,MUDRA,true,Unknown,Unknown,Unknown,Unknown,Unknown,75,+919930164946,https://idbi.bank.in
P002036,Indian Bank - Udaipur Main,Public Sector Bank,Rajasthan,Udaipur,Udaipur,313001,24.5872222,73.6983333,PMEGP; MUDRA,true,Unknown,Unknown,Unknown,Unknown,Unknown,100,+912942418103,https://indianbank.bank.in
P002037,State Bank of India - Specialized Sme Branch Udaipur,Public Sector Bank,Rajasthan,Udaipur,Udaipur,313001,24.5872222,73.6983333,PMEGP; MUDRA,true,Unknown,Unknown,Unknown,Unknown,Unknown,100,+919413396855,https://sbi.bank.in
P002038,State Bank of India - Sme Rbo Udaipur,Public Sector Bank,Rajasthan,Udaipur,Udaipur,313001,24.5872222,73.6983333,PMEGP; MUDRA,true,Unknown,Unknown,Unknown,Unknown,Unknown,100,+918003994980,https://sbi.bank.in
P002039,UCO Bank - Udaipur Main,Public Sector Bank,Rajasthan,Udaipur,Udaipur,313001,24.5872222,73.6983333,PMEGP; MUDRA,true,Unknown,Unknown,Unknown,Unknown,Unknown,100,+9178332421126,https://uco.bank.in
P002040,Yes Bank - Udaipur Ucb Bada Bazar,Private Sector Bank,Rajasthan,Udaipur,Udaipur,313001,24.5872222,73.6983333,MUDRA,true,Unknown,Unknown,Unknown,Unknown,Unknown,75,+912942420429,https://yes.bank.in
P002041,Bank of Baroda - Gangtok,Public Sector Bank,Sikkim,East Sikkim,East Sikkim,737101,27.331125,88.6070139,PMEGP; MUDRA,true,Unknown,Unknown,Unknown,Unknown,Unknown,90,Unknown,https://bankofbaroda.bank.in
P002042,Bank of Maharashtra - Gangtok,Public Sector Bank,Sikkim,Gangtok,Gangtok,737101,27.33225,88.6140278,PMEGP; MUDRA,true,Unknown,Unknown,Unknown,Unknown,Unknown,100,+919073943240,https://bankofmaharashtra.bank.in
P002043,State Bank of India - Libing,Public Sector Bank,Sikkim,Gangtok,Gangtok,737102,27.5381255,88.5947568,PMEGP; MUDRA,true,Unknown,Unknown,Unknown,Unknown,Unknown,100,+918918535488,https://sbi.bank.in
P002044,State Bank of India - Sme Branch Gangtok,Public Sector Bank,Sikkim,Gangtok,Gangtok,737101,27.33225,88.6140278,PMEGP; MUDRA,true,Unknown,Unknown,Unknown,Unknown,Unknown,100,+918001196197,https://sbi.bank.in
P002045,UCO Bank - Gangtok,Public Sector Bank,Sikkim,Gangtok,Gangtok,737101,27.33225,88.6140278,PMEGP; MUDRA,true,Unknown,Unknown,Unknown,Unknown,Unknown,100,+913592203164,https://uco.bank.in
P002046,Bank of Baroda - Namchi,Public Sector Bank,Sikkim,South Sikkim,South Sikkim,737126,27.3553092,88.4741378,PMEGP; MUDRA,true,Unknown,Unknown,Unknown,Unknown,Unknown,90,Unknown,https://bankofbaroda.bank.in
P002047,Union Bank of India - Namchi,Public Sector Bank,Sikkim,South Sikkim,South Sikkim,737126,27.3553092,88.4741378,PMEGP; MUDRA,true,Unknown,Unknown,Unknown,Unknown,Unknown,90,Unknown,https://unionbankofindia.bank.in
P002048,HDFC Bank - Gyalshing,Private Sector Bank,Sikkim,West Sikkim,West Sikkim,737111,27.5341255,88.4607568,MUDRA,true,Unknown,Unknown,Unknown,Unknown,Unknown,65,Unknown,https://hdfc.bank.in
P002049,Bank of Maharashtra - Ariyalur,Public Sector Bank,Tamil Nadu,Ariyalur,Ariyalur,621704,11.18769,79.258148,PMEGP; MUDRA,true,Unknown,Unknown,Unknown,Unknown,Unknown,100,+916381287817,https://bankofmaharashtra.bank.in
P002050,Indian Bank - Ariyalur,Public Sector Bank,Tamil Nadu,Ariyalur,Ariyalur,621704,11.18769,79.258148,PMEGP; MUDRA,true,Unknown,Unknown,Unknown,Unknown,Unknown,100,+914329224998,https://indianbank.bank.in
P002051,State Bank of India - Keelapalur,Public Sector Bank,Tamil Nadu,Ariyalur,Ariyalur,621707,11.0343611,79.0836389,PMEGP; MUDRA,true,Unknown,Unknown,Unknown,Unknown,Unknown,100,+918754744211,https://sbi.bank.in
P002052,IDBI Bank - Medavakkam,Private Sector Bank,Tamil Nadu,Chengalpattu,Chengalpattu,600100,12.9289528,80.1962032,MUDRA,true,Unknown,Unknown,Unknown,Unknown,Unknown,75,+918939018607,https://idbi.bank.in
P002053,Indian Bank - Anupuram Township,Public Sector Bank,Tamil Nadu,Chengalpattu,Chengalpattu,603102,12.5178342,80.136969,PMEGP; MUDRA,true,Unknown,Unknown,Unknown,Unknown,Unknown,100,+914427482124,https://indianbank.bank.in
P002054,UCO Bank - Chengalpattu,Public Sector Bank,Tamil Nadu,Chengalpattu,Chengalpattu,603001,13.0084722,80.0041667,PMEGP; MUDRA,true,Unknown,Unknown,Unknown,Unknown,Unknown,100,+917867040997,https://uco.bank.in
P002055,Axis Bank - Ramanujan It City,Private Sector Bank,Tamil Nadu,Chennai,Chennai,600113,12.9853366,80.2499826,MUDRA,true,Unknown,Unknown,Unknown,Unknown,Unknown,75,+914424432114,https://axis.bank.in
P002056,Axis Bank - Velachery Main Road Pallikaranai,Private Sector Bank,Tamil Nadu,Chennai,Chennai,600100,12.9289528,80.1962032,MUDRA,true,Unknown,Unknown,Unknown,Unknown,Unknown,75,+918056156425,https://axis.bank.in
P002057,Bandhan Bank - Porur Branch,Private Sector Bank,Tamil Nadu,Chennai,Chennai,600087,13.0475,80.1809861,MUDRA,true,Unknown,Unknown,Unknown,Unknown,Unknown,75,+916293222441,https://bandhan.bank.in
P002058,Bandhan Bank - West Mambalam Branch,Private Sector Bank,Tamil Nadu,Chennai,Chennai,600033,13.0368194,80.2235556,MUDRA,true,Unknown,Unknown,Unknown,Unknown,Unknown,75,+918017822461,https://bandhan.bank.in
P002059,Bank of India - Chennai Bullion Banking,Public Sector Bank,Tamil Nadu,Chennai,Chennai,600017,13.0424458,80.2375958,PMEGP; MUDRA,true,Unknown,Unknown,Unknown,Unknown,Unknown,100,+9133256523,https://bankofindia.bank.in
P002060,Bank of India - Sowcarpet,Public Sector Bank,Tamil Nadu,Chennai,Chennai,600003,13.0819187,80.2760577,PMEGP; MUDRA,true,Unknown,Unknown,Unknown,Unknown,Unknown,100,+914425354008,https://bankofindia.bank.in
P002061,Bank of Maharashtra - Mid Corporate Branch Chennai,Public Sector Bank,Tamil Nadu,Chennai,Chennai,600017,13.0424458,80.2375958,PMEGP; MUDRA,true,Unknown,Unknown,Unknown,Unknown,Unknown,100,+919500333994,https://bankofmaharashtra.bank.in
P002062,"Canara Bank - Perungudi Ssi, Chennai",Public Sector Bank,Tamil Nadu,Chennai,Chennai,600096,12.9676944,80.2449444,PMEGP; MUDRA,true,Unknown,Unknown,Unknown,Unknown,Unknown,100,+914424540906,https://canarabank.bank.in
P002063,"Canara Bank - Thirumudivakkam-Sme,Chennai",Public Sector Bank,Tamil Nadu,Chennai,Chennai,600044,12.9410889,80.1285278,PMEGP; MUDRA,true,Unknown,Unknown,Unknown,Unknown,Unknown,100,+914424780088,https://canarabank.bank.in
P002064,Canara Bank - Sme Sulabh Chennai I,Public Sector Bank,Tamil Nadu,Chennai,Chennai,600018,13.1396476,80.2066469,PMEGP; MUDRA,true,Unknown,Unknown,Unknown,Unknown,Unknown,100,+914424331301,https://canarabank.bank.in
P002065,"ICICI Bank - Chennaianna Nagar Vi Main, Tamil Nadu",Private Sector Bank,Tamil Nadu,Chennai,Chennai,600040,13.0846405,80.2079023,MUDRA,true,Unknown,Unknown,Unknown,Unknown,Unknown,75,+919789009424,https://icici.bank.in
P002066,ICICI Bank - Mambakkam Main Road,Private Sector Bank,Tamil Nadu,Chennai,Chennai,600126,12.9030695,80.1543472,MUDRA,true,Unknown,Unknown,Unknown,Unknown,Unknown,75,+919952961231,https://icici.bank.in
P002067,IDBI Bank - Chennai Main Branch,Private Sector Bank,Tamil Nadu,Chennai,Chennai,600015,13.0453611,80.2376111,MUDRA,true,Unknown,Unknown,Unknown,Unknown,Unknown,75,+919003322277,https://idbi.bank.in
P002068,Indian Bank - Large Corporate Branch Chennai,Public Sector Bank,Tamil Nadu,Chennai,Chennai,600035,13.0317778,80.2407222,PMEGP; MUDRA,true,Unknown,Unknown,Unknown,Unknown,Unknown,100,+914424334172,https://indianbank.bank.in
P002069,Indian Bank - Govt Business Service Branch,Public Sector Bank,Tamil Nadu,Chennai,Chennai,600008,13.0692888,80.2582881,PMEGP; MUDRA,true,Unknown,Unknown,Unknown,Unknown,Unknown,100,+914428134030,https://indianbank.bank.in
P002070,Indian Bank - Kothawal Bazaar,Public Sector Bank,Tamil Nadu,Chennai,Chennai,600001,13.0929722,80.2915,PMEGP; MUDRA,true,Unknown,Unknown,Unknown,Unknown,Unknown,100,+914425217799,https://indianbank.bank.in
P002071,Indian Overseas Bank - Commercial And Instl Credit,Public Sector Bank,Tamil Nadu,Chennai,Chennai,600004,12.7022315,80.2121204,PMEGP; MUDRA,true,Unknown,Unknown,Unknown,Unknown,Unknown,100,28478638,https://www.iob.in
P002072,Indian Overseas Bank - Ssi Guindy,Public Sector Bank,Tamil Nadu,Chennai,Chennai,600032,13.0515278,80.2115833,PMEGP; MUDRA,true,Unknown,Unknown,Unknown,Unknown,Unknown,100,22500088,https://www.iob.in
P002073,Punjab National Bank - Chennai-Mid Corporate Branch Kilpauk,Public Sector Bank,Tamil Nadu,Chennai,Chennai,600010,13.0786022,80.2399928,PMEGP; MUDRA,true,Unknown,Unknown,Unknown,Unknown,Unknown,100,+914426444437,https://pnb.bank.in
P002074,Punjab National Bank - Corporate Finance Br-Chennai,Public Sector Bank,Tamil Nadu,Chennai,Chennai,600001,13.0929722,80.2915,PMEGP; MUDRA,true,Unknown,Unknown,Unknown,Unknown,Unknown,100,+914425340143,https://pnb.bank.in
P002075,State Bank of India - Sme Rajaji Salai,Public Sector Bank,Tamil Nadu,Chennai,Chennai,600001,13.0929722,80.2915,PMEGP; MUDRA,true,Unknown,Unknown,Unknown,Unknown,Unknown,100,+919444399317,https://sbi.bank.in
P002076,State Bank of India - Sme Branch Perungudi,Public Sector Bank,Tamil Nadu,Chennai,Chennai,600096,12.9676944,80.2449444,PMEGP; MUDRA,true,Unknown,Unknown,Unknown,Unknown,Unknown,100,+919962112518,https://sbi.bank.in
P002077,UCO Bank - Chennai Main Branch,Public Sector Bank,Tamil Nadu,Chennai,Chennai,600001,13.0929722,80.2915,PMEGP; MUDRA,true,Unknown,Unknown,Unknown,Unknown,Unknown,100,+914425342852,https://uco.bank.in
P002078,Union Bank of India - Chennai Main,Public Sector Bank,Tamil Nadu,Chennai,Chennai,600001,13.0929722,80.2915,PMEGP; MUDRA,true,Unknown,Unknown,Unknown,Unknown,Unknown,100,+917662522119,https://unionbankofindia.bank.in
P002079,Bandhan Bank - Coimbatore,Private Sector Bank,Tamil Nadu,Coimbatore,Coimbatore,641012,11.0209883,76.966334,MUDRA,true,Unknown,Unknown,Unknown,Unknown,Unknown,75,+919952417341,https://bandhan.bank.in
P002080,Bandhan Bank - Avinashi Road Coimbatore,Private Sector Bank,Tamil Nadu,Coimbatore,Coimbatore,641018,11.00502,76.9751,MUDRA,true,Unknown,Unknown,Unknown,Unknown,Unknown,75,+916292224091,https://bandhan.bank.in
P002081,Bank of India - Peelamedu,Public Sector Bank,Tamil Nadu,Coimbatore,Coimbatore,641004,11.0278084,76.7990111,PMEGP; MUDRA,true,Unknown,Unknown,Unknown,Unknown,Unknown,100,+914222568556,https://bankofindia.bank.in
P002082,Bank of India - Saravanampatti,Public Sector Bank,Tamil Nadu,Coimbatore,Coimbatore,641035,11.0587853,76.9305602,PMEGP; MUDRA,true,Unknown,Unknown,Unknown,Unknown,Unknown,100,+919524898722,https://bankofindia.bank.in
P002083,Bank of Maharashtra - Coimbatore - Raja Street,Public Sector Bank,Tamil Nadu,Coimbatore,Coimbatore,641001,11,76.9632,PMEGP; MUDRA,true,Unknown,Unknown,Unknown,Unknown,Unknown,100,+919361189671,https://bankofmaharashtra.bank.in
P002084,Bank of Maharashtra - Mid Corporate Branch Coimbatore,Public Sector Bank,Tamil Nadu,Coimbatore,Coimbatore,641002,11.0095,76.953,PMEGP; MUDRA,true,Unknown,Unknown,Unknown,Unknown,Unknown,100,+917825827638,https://bankofmaharashtra.bank.in
P002085,Canara Bank - Mid Corporate Branch,Public Sector Bank,Tamil Nadu,Coimbatore,Coimbatore,641002,11.0095,76.953,PMEGP; MUDRA,true,Unknown,Unknown,Unknown,Unknown,Unknown,100,+914222540984,https://canarabank.bank.in
P002086,Canara Bank - Sme Branch Coimbatore,Public Sector Bank,Tamil Nadu,Coimbatore,Coimbatore,641018,11.00502,76.9751,PMEGP; MUDRA,true,Unknown,Unknown,Unknown,Unknown,Unknown,100,+919489043513,https://canarabank.bank.in
P002087,Canara Bank - Coimbatore Chinniampalayam Sme,Public Sector Bank,Tamil Nadu,Coimbatore,Coimbatore,641062,11.0621325,77.0705066,PMEGP; MUDRA,true,Unknown,Unknown,Unknown,Unknown,Unknown,100,+914222625997,https://canarabank.bank.in
P002088,DCB Bank - Coimbatore,Private Sector Bank,Tamil Nadu,Coimbatore,Coimbatore,641044,11.01743,76.9844,MUDRA,true,Unknown,Unknown,Unknown,Unknown,Unknown,75,+919843259234,https://dcb.bank.in
P002089,ICICI Bank - Coimbatoretrichy Road,Private Sector Bank,Tamil Nadu,Coimbatore,Coimbatore,641018,11.00502,76.9751,MUDRA,true,Unknown,Unknown,Unknown,Unknown,Unknown,75,+919840180968,https://icici.bank.in
P002090,ICICI Bank - Coimbatorepricol,Private Sector Bank,Tamil Nadu,Coimbatore,Coimbatore,641020,11.147635,76.9364504,MUDRA,true,Unknown,Unknown,Unknown,Unknown,Unknown,75,+919677067818,https://icici.bank.in
P002091,IDBI Bank - Specialized Corporate Branch Coimbatore,Private Sector Bank,Tamil Nadu,Coimbatore,Coimbatore,641018,11.00502,76.9751,MUDRA,true,Unknown,Unknown,Unknown,Unknown,Unknown,75,+919920331273,https://idbi.bank.in
P002092,IDBI Bank - Retail Asset Coimbatore,Private Sector Bank,Tamil Nadu,Coimbatore,Coimbatore,641018,11.00502,76.9751,MUDRA,true,Unknown,Unknown,Unknown,Unknown,Unknown,75,+919940333207,https://idbi.bank.in
P002093,IDBI Bank - Rs Puram,Private Sector Bank,Tamil Nadu,Coimbatore,Coimbatore,641002,11.0095,76.953,MUDRA,true,Unknown,Unknown,Unknown,Unknown,Unknown,75,+919790900895,https://idbi.bank.in
P002094,IDFC FIRST Bank - Coimbatore Branch,Private Sector Bank,Tamil Nadu,Coimbatore,Coimbatore,641002,11.0095,76.953,MUDRA,true,Unknown,Unknown,Unknown,Unknown,Unknown,75,+917718885312,https://idfcfirst.bank.in
P002095,Indian Bank - Coimbatore Main,Public Sector Bank,Tamil Nadu,Coimbatore,Coimbatore,641001,11,76.9632,PMEGP; MUDRA,true,Unknown,Unknown,Unknown,Unknown,Unknown,100,+914222390930,https://indianbank.bank.in
P002096,Indian Bank - Ind Msme Coimbatore,Public Sector Bank,Tamil Nadu,Coimbatore,Coimbatore,641006,11.0427177,76.9708378,PMEGP; MUDRA,true,Unknown,Unknown,Unknown,Unknown,Unknown,100,+914222531301,https://indianbank.bank.in
P002097,Indian Bank - Specialised Msme Branch Coimbatore,Public Sector Bank,Tamil Nadu,Coimbatore,Coimbatore,641045,10.997,76.9978,PMEGP; MUDRA,true,Unknown,Unknown,Unknown,Unknown,Unknown,100,+914222314694,https://indianbank.bank.in
P002098,Indian Overseas Bank - Coimbatore Main,Public Sector Bank,Tamil Nadu,Coimbatore,Coimbatore,641001,11,76.9632,PMEGP; MUDRA,true,Unknown,Unknown,Unknown,Unknown,Unknown,100,+914222398190,https://www.iob.in
P002099,Indian Overseas Bank - Kavundampalayam Kongunadu College,Public Sector Bank,Tamil Nadu,Coimbatore,Coimbatore,641029,11.0669224,76.9504367,PMEGP; MUDRA,true,Unknown,Unknown,Unknown,Unknown,Unknown,100,26850440,https://www.iob.in
P002100,State Bank of India - Sme Pollachi,Public Sector Bank,Tamil Nadu,Coimbatore,Coimbatore,642001,10.6617667,77.0023333,PMEGP; MUDRA,true,Unknown,Unknown,Unknown,Unknown,Unknown,100,+919486640421,https://sbi.bank.in
P002101,UCO Bank - Coimbatore Main Trichy Rd,Public Sector Bank,Tamil Nadu,Coimbatore,Coimbatore,641018,11.00502,76.9751,PMEGP; MUDRA,true,Unknown,Unknown,Unknown,Unknown,Unknown,100,+914222397801,https://uco.bank.in
P002102,Union Bank of India - Mid Corporate Coimbatore,Public Sector Bank,Tamil Nadu,Coimbatore,Coimbatore,641001,11,76.9632,PMEGP; MUDRA,true,Unknown,Unknown,Unknown,Unknown,Unknown,100,+919443078040,https://unionbankofindia.bank.in
P002103,ICICI Bank - Main Roadpennadam,Private Sector Bank,Tamil Nadu,Cuddalore,Cuddalore,606105,11.4204333,79.2707556,MUDRA,true,Unknown,Unknown,Unknown,Unknown,Unknown,75,+919940087887,https://icici.bank.in
P002104,Indian Bank - Cuddalore Main,Public Sector Bank,Tamil Nadu,Cuddalore,Cuddalore,607001,11.76,79.76,PMEGP; MUDRA,true,Unknown,Unknown,Unknown,Unknown,Unknown,100,+914142222256,https://indianbank.bank.in
P002105,State Bank of India - Sme Branch Tirupapuliyur,Public Sector Bank,Tamil Nadu,Cuddalore,Cuddalore,607002,11.75,79.75,PMEGP; MUDRA,true,Unknown,Unknown,Unknown,Unknown,Unknown,100,+919443670855,https://sbi.bank.in
P002106,Bank of India - Dharmapuri,Public Sector Bank,Tamil Nadu,Dharmapuri,Dharmapuri,636701,12.1462091,78.1578583,PMEGP; MUDRA,true,Unknown,Unknown,Unknown,Unknown,Unknown,100,+914342262870,https://bankofindia.bank.in
P002107,Canara Bank - Msme Sulabh Dharmapuri,Public Sector Bank,Tamil Nadu,Dharmapuri,Dharmapuri,636701,12.1462091,78.1578583,PMEGP; MUDRA,true,Unknown,Unknown,Unknown,Unknown,Unknown,100,+919442965894,https://canarabank.bank.in
P002108,DCB Bank - Dharmapuri,Private Sector Bank,Tamil Nadu,Dharmapuri,Dharmapuri,636705,12.0975833,78.141,MUDRA,true,Unknown,Unknown,Unknown,Unknown,Unknown,75,+919715774109,https://dcb.bank.in
P002109,Canara Bank - Dindigul Sme,Public Sector Bank,Tamil Nadu,Dindigul,Dindigul,624001,10.363107,77.981923,PMEGP; MUDRA,true,Unknown,Unknown,Unknown,Unknown,Unknown,100,+914512426760,https://canarabank.bank.in
P002110,ICICI Bank - Main Road Chatrapatti,Private Sector Bank,Tamil Nadu,Dindigul,Dindigul,624614,10.6085278,77.5701667,MUDRA,true,Unknown,Unknown,Unknown,Unknown,Unknown,75,+918939812806,https://icici.bank.in
P002111,IDBI Bank - Dindigul,Private Sector Bank,Tamil Nadu,Dindigul,Dindigul,624001,10.363107,77.981923,MUDRA,true,Unknown,Unknown,Unknown,Unknown,Unknown,75,+919942235701,https://idbi.bank.in
P002112,Bandhan Bank - Erode,Private Sector Bank,Tamil Nadu,Erode,Erode,638001,11.445313,77.687988,MUDRA,true,Unknown,Unknown,Unknown,Unknown,Unknown,75,+916290018931,https://bandhan.bank.in
P002113,Bank of India - Gangapuram,Public Sector Bank,Tamil Nadu,Erode,Erode,638102,11.387265,77.636488,PMEGP; MUDRA,true,Unknown,Unknown,Unknown,Unknown,Unknown,100,+919638576567,https://bankofindia.bank.in
P002114,Canara Bank - Cutchery Road Main,Public Sector Bank,Tamil Nadu,Erode,Erode,638001,11.445313,77.687988,PMEGP; MUDRA,true,Unknown,Unknown,Unknown,Unknown,Unknown,100,+914242254858,https://canarabank.bank.in
P002115,State Bank of India - Sme Hosur,Public Sector Bank,Tamil Nadu,Hosur,Hosur,635126,12.7609444,77.7969444,PMEGP; MUDRA,true,Unknown,Unknown,Unknown,Unknown,Unknown,100,+919600009584,https://sbi.bank.in
P002116,Bank of Maharashtra - Kallakkurichi,Public Sector Bank,Tamil Nadu,Kallakurichi,Kallakurichi,606202,11.7381667,78.9601389,PMEGP; MUDRA,true,Unknown,Unknown,Unknown,Unknown,Unknown,100,+919629345822,https://bankofmaharashtra.bank.in
P002117,Indian Bank - Ammayagaram,Public Sector Bank,Tamil Nadu,Kallakurichi,Kallakurichi,606201,11.674,78.884,PMEGP; MUDRA,true,Unknown,Unknown,Unknown,Unknown,Unknown,100,+914151256271,https://indianbank.bank.in
P002118,UCO Bank - Kallakurichi,Public Sector Bank,Tamil Nadu,Kallakurichi,Kallakurichi,606202,11.7381667,78.9601389,PMEGP; MUDRA,true,Unknown,Unknown,Unknown,Unknown,Unknown,100,+914443405586,https://uco.bank.in
P002119,Bandhan Bank - Kancheepuram,Private Sector Bank,Tamil Nadu,Kancheepuram,Kancheepuram,631501,12.8340874,79.7148379,MUDRA,true,Unknown,Unknown,Unknown,Unknown,Unknown,75,+916290819481,https://bandhan.bank.in
P002120,IDBI Bank - Kancheepuram,Private Sector Bank,Tamil Nadu,Kancheepuram,Kancheepuram,631502,12.8632882,79.7275063,MUDRA,true,Unknown,Unknown,Unknown,Unknown,Unknown,75,+919962154545,https://idbi.bank.in
P002121,Indian Bank - Kancheepuram,Public Sector Bank,Tamil Nadu,Kancheepuram,Kancheepuram,631501,12.8340874,79.7148379,PMEGP; MUDRA,true,Unknown,Unknown,Unknown,Unknown,Unknown,100,+914427222836,https://indianbank.bank.in
P002122,Bank of India - Porur,Public Sector Bank,Tamil Nadu,Kanchipuram,Kanchipuram,600116,13.0357315,80.152537,PMEGP; MUDRA,true,Unknown,Unknown,Unknown,Unknown,Unknown,100,+914429001629,https://bankofindia.bank.in
P002123,State Bank of India - Kancheepuram,Public Sector Bank,Tamil Nadu,Kanchipuram,Kanchipuram,631502,12.8305,79.7068611,PMEGP; MUDRA,true,Unknown,Unknown,Unknown,Unknown,Unknown,100,+914427233780,https://sbi.bank.in
P002124,Canara Bank - Kulasekaram,Public Sector Bank,Tamil Nadu,Kanyakumari,Kanyakumari,629161,8.4155222,77.3236833,PMEGP; MUDRA,true,Unknown,Unknown,Unknown,Unknown,Unknown,100,+914651277689,https://canarabank.bank.in
P002125,ICICI Bank - Anjugrammam,Private Sector Bank,Tamil Nadu,Kanyakumari,Kanyakumari,629401,8.1454556,77.5521333,MUDRA,true,Unknown,Unknown,Unknown,Unknown,Unknown,75,+918939857191,https://icici.bank.in
P002126,Indian Bank - Azhagappapuram,Public Sector Bank,Tamil Nadu,Kanyakumari,Kanyakumari,629401,8.1454556,77.5521333,PMEGP; MUDRA,true,Unknown,Unknown,Unknown,Unknown,Unknown,100,+914652267124,https://indianbank.bank.in
P002127,State Bank of India - Mini Racpc Karaikudi,Public Sector Bank,Tamil Nadu,Karaikudi,Karaikudi,630001,10.0768595,78.7794284,PMEGP; MUDRA,true,Unknown,Unknown,Unknown,Unknown,Unknown,100,+919790366054,https://sbi.bank.in
P002128,Canara Bank - Karur,Public Sector Bank,Tamil Nadu,Karur,Karur,639001,10.9602222,78.0827222,PMEGP; MUDRA,true,Unknown,Unknown,Unknown,Unknown,Unknown,100,+914324230835,https://canarabank.bank.in
P002129,DCB Bank - Karur,Private Sector Bank,Tamil Nadu,Karur,Karur,639002,10.9463056,78.01265,MUDRA,true,Unknown,Unknown,Unknown,Unknown,Unknown,75,+919600729222,https://dcb.bank.in
P002130,IDBI Bank - Karur,Private Sector Bank,Tamil Nadu,Karur,Karur,639001,10.9602222,78.0827222,MUDRA,true,Unknown,Unknown,Unknown,Unknown,Unknown,75,+919965525813,https://idbi.bank.in
P002131,Canara Bank - Krishnagiri,Public Sector Bank,Tamil Nadu,Krishnagiri,Krishnagiri,635001,12.5296,78.2064,PMEGP; MUDRA,true,Unknown,Unknown,Unknown,Unknown,Unknown,100,+914343239739,https://canarabank.bank.in
P002132,ICICI Bank - Krishnagiri,Private Sector Bank,Tamil Nadu,Krishnagiri,Krishnagiri,635001,12.5296,78.2064,MUDRA,true,Unknown,Unknown,Unknown,Unknown,Unknown,75,+917695891170,https://icici.bank.in
P002133,IDBI Bank - Krishnagiri,Private Sector Bank,Tamil Nadu,Krishnagiri,Krishnagiri,635001,12.5296,78.2064,MUDRA,true,Unknown,Unknown,Unknown,Unknown,Unknown,75,+919787136517,https://idbi.bank.in
P002134,Bank of India - Kumbakonam,Public Sector Bank,Tamil Nadu,Kumbakonam,Kumbakonam,612001,10.9577222,79.3803056,PMEGP; MUDRA,true,Unknown,Unknown,Unknown,Unknown,Unknown,100,+914352420693,https://bankofindia.bank.in
P002135,Bandhan Bank - Madurai,Private Sector Bank,Tamil Nadu,Madurai,Madurai,625001,9.924447,78.113207,MUDRA,true,Unknown,Unknown,Unknown,Unknown,Unknown,75,+919952917921,https://bandhan.bank.in
P002136,Bank of India - Melur,Public Sector Bank,Tamil Nadu,Madurai,Madurai,625106,10.0333,78.3359,PMEGP; MUDRA,true,Unknown,Unknown,Unknown,Unknown,Unknown,100,+919600530301,https://bankofindia.bank.in
P002137,Canara Bank - Specialised Mid Corporate Madurai,Public Sector Bank,Tamil Nadu,Madurai,Madurai,625009,11.5123074,78.6633054,PMEGP; MUDRA,true,Unknown,Unknown,Unknown,Unknown,Unknown,100,+914522311788,https://canarabank.bank.in
P002138,Canara Bank - Msme Sulabh Madurai,Public Sector Bank,Tamil Nadu,Madurai,Madurai,625001,9.924447,78.113207,PMEGP; MUDRA,true,Unknown,Unknown,Unknown,Unknown,Unknown,100,+919446830295,https://canarabank.bank.in
P002139,ICICI Bank - Main Roadsamayanallur,Private Sector Bank,Tamil Nadu,Madurai,Madurai,625402,9.999865,78.0388485,MUDRA,true,Unknown,Unknown,Unknown,Unknown,Unknown,75,+919095574909,https://icici.bank.in
P002140,IDBI Bank - Specialised Msme Branch,Private Sector Bank,Tamil Nadu,Madurai,Madurai,625001,9.924447,78.113207,MUDRA,true,Unknown,Unknown,Unknown,Unknown,Unknown,75,+919940133955,https://idbi.bank.in
P002141,Indian Bank - Madurai Main,Public Sector Bank,Tamil Nadu,Madurai,Madurai,625001,9.924447,78.113207,PMEGP; MUDRA,true,Unknown,Unknown,Unknown,Unknown,Unknown,100,+914522322563,https://indianbank.bank.in
P002142,State Bank of India - Madurai Main,Public Sector Bank,Tamil Nadu,Madurai,Madurai,625001,9.924447,78.113207,PMEGP; MUDRA,true,Unknown,Unknown,Unknown,Unknown,Unknown,100,+914522621751,https://sbi.bank.in
P002143,UCO Bank - Madurai Main,Public Sector Bank,Tamil Nadu,Madurai,Madurai,625001,9.924447,78.113207,PMEGP; MUDRA,true,Unknown,Unknown,Unknown,Unknown,Unknown,100,+914522622088,https://uco.bank.in
P002144,Union Bank of India - Sme Madurai,Public Sector Bank,Tamil Nadu,Madurai,Madurai,625020,9.9381389,78.1426944,PMEGP; MUDRA,true,Unknown,Unknown,Unknown,Unknown,Unknown,100,+914522588258,https://unionbankofindia.bank.in
P002145,Bank of India - Palakurichi,Public Sector Bank,Tamil Nadu,Nagapattinam,Nagapattinam,611109,10.7603056,79.8465278,PMEGP; MUDRA,true,Unknown,Unknown,Unknown,Unknown,Unknown,100,+914366279444,https://bankofindia.bank.in
P002146,Canara Bank - Nagapattinam,Public Sector Bank,Tamil Nadu,Nagapattinam,Nagapattinam,611001,10.7603056,79.8465278,PMEGP; MUDRA,true,Unknown,Unknown,Unknown,Unknown,Unknown,100,+914365242039,https://canarabank.bank.in
P002147,ICICI Bank - Anaimelagaram,Private Sector Bank,Tamil Nadu,Nagapattinam,Nagapattinam,609806,11.0827412,79.6042995,MUDRA,true,Unknown,Unknown,Unknown,Unknown,Unknown,75,+918838599527,https://icici.bank.in
P002148,Axis Bank - Medical College Road Nagercoil,Private Sector Bank,Tamil Nadu,Nagercoil,Nagercoil,629201,8.1615556,77.3761019,MUDRA,true,Unknown,Unknown,Unknown,Unknown,Unknown,75,+914652237050,https://axis.bank.in
P002149,State Bank of India - Fimm Rbo V Nagercoil,Public Sector Bank,Tamil Nadu,Nagercoil,Nagercoil,629001,8.1863889,77.4314444,PMEGP; MUDRA,true,Unknown,Unknown,Unknown,Unknown,Unknown,100,+919489902050,https://sbi.bank.in
P002150,UCO Bank - Nagercoil,Public Sector Bank,Tamil Nadu,Nagercoil,Nagercoil,629001,8.1863889,77.4314444,PMEGP; MUDRA,true,Unknown,Unknown,Unknown,Unknown,Unknown,100,+91422222318,https://uco.bank.in
P002151,Bank of India - Tiruchengode,Public Sector Bank,Tamil Nadu,Namakkal,Namakkal,637214,11.3447745,77.8603045,PMEGP; MUDRA,true,Unknown,Unknown,Unknown,Unknown,Unknown,100,+917708288890,https://bankofindia.bank.in
P002152,Canara Bank - Namakkal Sme,Public Sector Bank,Tamil Nadu,Namakkal,Namakkal,637001,11.2155833,78.1702778,PMEGP; MUDRA,true,Unknown,Unknown,Unknown,Unknown,Unknown,100,+914286232524,https://canarabank.bank.in
P002153,DCB Bank - Namakkal,Private Sector Bank,Tamil Nadu,Namakkal,Namakkal,637001,11.2155833,78.1702778,MUDRA,true,Unknown,Unknown,Unknown,Unknown,Unknown,75,+917304528202,https://dcb.bank.in
P002154,Indian Bank - Masinagudi,Public Sector Bank,Tamil Nadu,Nilgiris,Nilgiris,643223,11.5063925,76.6932777,PMEGP; MUDRA,true,Unknown,Unknown,Unknown,Unknown,Unknown,100,+914232526230,https://indianbank.bank.in
P002155,Canara Bank - Perambalur,Public Sector Bank,Tamil Nadu,Perambalur,Perambalur,621212,11.24,78.87,PMEGP; MUDRA,true,Unknown,Unknown,Unknown,Unknown,Unknown,100,+914328277246,https://canarabank.bank.in
P002156,ICICI Bank - Perambalur,Private Sector Bank,Tamil Nadu,Perambalur,Perambalur,621212,11.24,78.87,MUDRA,true,Unknown,Unknown,Unknown,Unknown,Unknown,75,+917304908648,https://icici.bank.in
P002157,State Bank of India - Sme Branch Perambalur,Public Sector Bank,Tamil Nadu,Perambalur,Perambalur,621212,11.24,78.87,PMEGP; MUDRA,true,Unknown,Unknown,Unknown,Unknown,Unknown,100,+918940234399,https://sbi.bank.in
P002158,Bank of Baroda - Pollachi Dist Coimbatore T.N.,Public Sector Bank,Tamil Nadu,Pollachi,Pollachi,642001,10.6595,77.0079,PMEGP; MUDRA,true,Unknown,Unknown,Unknown,Unknown,Unknown,90,Unknown,https://bankofbaroda.bank.in
P002159,State Bank of India - R And Db Racc Pollachi,Public Sector Bank,Tamil Nadu,Pollachi,Pollachi,642001,10.6595,77.0079,PMEGP; MUDRA,true,Unknown,Unknown,Unknown,Unknown,Unknown,90,Unknown,https://sbi.bank.in
P002160,Bank of India - Thavalakuppam,Public Sector Bank,Tamil Nadu,Pudukkottai,Pudukkottai,605007,11.8730007,79.7856928,PMEGP; MUDRA,true,Unknown,Unknown,Unknown,Unknown,Unknown,100,+919944421644,https://bankofindia.bank.in
P002161,ICICI Bank - Main Road Melasivapuri,Private Sector Bank,Tamil Nadu,Pudukkottai,Pudukkottai,622403,10.237537,78.5129556,MUDRA,true,Unknown,Unknown,Unknown,Unknown,Unknown,75,+919941331569,https://icici.bank.in
P002162,Indian Bank - Gandarvakottai,Public Sector Bank,Tamil Nadu,Pudukkottai,Pudukkottai,613301,10.614,79.016,PMEGP; MUDRA,true,Unknown,Unknown,Unknown,Unknown,Unknown,100,+914322275550,https://indianbank.bank.in
P002163,Punjab & Sind Bank - Pudukottai,Public Sector Bank,Tamil Nadu,Pudukottai,Pudukottai,622001,10.376,78.828,PMEGP; MUDRA,true,Unknown,Unknown,Unknown,Unknown,Unknown,100,+919677346515,https://punjabandsind.bank.in
P002164,State Bank of India - Cac Pudukottai,Public Sector Bank,Tamil Nadu,Pudukottai,Pudukottai,622001,10.376,78.828,PMEGP; MUDRA,true,Unknown,Unknown,Unknown,Unknown,Unknown,100,+919445862504,https://sbi.bank.in
P002165,Canara Bank - Ramanathapuram,Public Sector Bank,Tamil Nadu,Ramanathapuram,Ramanathapuram,623701,9.584,78.592,PMEGP; MUDRA,true,Unknown,Unknown,Unknown,Unknown,Unknown,100,+914567220201,https://canarabank.bank.in
P002166,ICICI Bank - Kangirangudi,Private Sector Bank,Tamil Nadu,Ramanathapuram,Ramanathapuram,623517,9.2601316,78.7189112,MUDRA,true,Unknown,Unknown,Unknown,Unknown,Unknown,75,+919043843432,https://icici.bank.in
P002167,IDBI Bank - Ramanathapuram,Private Sector Bank,Tamil Nadu,Ramanathapuram,Ramanathapuram,623501,9.360065,78.861618,MUDRA,true,Unknown,Unknown,Unknown,Unknown,Unknown,75,+918220016984,https://idbi.bank.in
P002168,Bank of Maharashtra - Ranipettai,Public Sector Bank,Tamil Nadu,Ranipet,Ranipet,632401,12.928303,79.332485,PMEGP; MUDRA,true,Unknown,Unknown,Unknown,Unknown,Unknown,100,+917824859720,https://bankofmaharashtra.bank.in
P002169,Indian Bank - Arcot,Public Sector Bank,Tamil Nadu,Ranipet,Ranipet,632503,12.9046903,79.320365,PMEGP; MUDRA,true,Unknown,Unknown,Unknown,Unknown,Unknown,100,+914172235880,https://indianbank.bank.in
P002170,State Bank of India - Kannigapuram,Public Sector Bank,Tamil Nadu,Ranipet,Ranipet,632517,12.9247817,79.3719274,PMEGP; MUDRA,true,Unknown,Unknown,Unknown,Unknown,Unknown,100,+917708003539,https://sbi.bank.in
P002171,Bandhan Bank - Salem,Private Sector Bank,Tamil Nadu,Salem,Salem,636004,11.676978,78.1397828,MUDRA,true,Unknown,Unknown,Unknown,Unknown,Unknown,75,+916290018941,https://bandhan.bank.in
P002172,Bank of India - Uthamasolapuram,Public Sector Bank,Tamil Nadu,Salem,Salem,636010,11.6242399,78.1156225,PMEGP; MUDRA,true,Unknown,Unknown,Unknown,Unknown,Unknown,100,+914272914200,https://bankofindia.bank.in
P002173,Bank of Maharashtra - Salem - Main Road,Public Sector Bank,Tamil Nadu,Salem,Salem,636006,11.6420294,78.1512906,PMEGP; MUDRA,true,Unknown,Unknown,Unknown,Unknown,Unknown,100,+917825827630,https://bankofmaharashtra.bank.in
P002174,"Canara Bank - Fort Main, Salem",Public Sector Bank,Tamil Nadu,Salem,Salem,636001,11.6542404,78.159627,PMEGP; MUDRA,true,Unknown,Unknown,Unknown,Unknown,Unknown,100,+914272210422,https://canarabank.bank.in
P002175,"Canara Bank - Sme Branch, Salem",Public Sector Bank,Tamil Nadu,Salem,Salem,636001,11.6542404,78.159627,PMEGP; MUDRA,true,Unknown,Unknown,Unknown,Unknown,Unknown,100,+914272216555,https://canarabank.bank.in
P002176,ICICI Bank - Bazaar Streetidappadi,Private Sector Bank,Tamil Nadu,Salem,Salem,637105,11.6191017,77.8711711,MUDRA,true,Unknown,Unknown,Unknown,Unknown,Unknown,75,+919952557488,https://icici.bank.in
P002177,ICICI Bank - Bazarstreetvanavasi,Private Sector Bank,Tamil Nadu,Salem,Salem,636457,11.7451943,77.87147,MUDRA,true,Unknown,Unknown,Unknown,Unknown,Unknown,75,+919842114242,https://icici.bank.in
P002178,Indian Bank - Fairlands Main Road,Public Sector Bank,Tamil Nadu,Salem,Salem,636016,11.6771655,78.1455144,PMEGP; MUDRA,true,Unknown,Unknown,Unknown,Unknown,Unknown,100,+914272448185,https://indianbank.bank.in
P002179,Indian Bank - Salem Main,Public Sector Bank,Tamil Nadu,Salem,Salem,636001,11.6542404,78.159627,PMEGP; MUDRA,true,Unknown,Unknown,Unknown,Unknown,Unknown,100,+914272268060,https://indianbank.bank.in
P002180,Indian Overseas Bank - Salem Main,Public Sector Bank,Tamil Nadu,Salem,Salem,636001,11.6542404,78.159627,PMEGP; MUDRA,true,Unknown,Unknown,Unknown,Unknown,Unknown,100,+914272267464,https://www.iob.in
P002181,Canara Bank - Thondi,Public Sector Bank,Tamil Nadu,Sivaganga,Sivaganga,623409,9.783475,79.036889,PMEGP; MUDRA,true,Unknown,Unknown,Unknown,Unknown,Unknown,100,+914561253664,https://canarabank.bank.in
P002182,ICICI Bank - Konapet Main Road Nemathanpatti,Private Sector Bank,Tamil Nadu,Sivaganga,Sivaganga,630103,10.5564904,78.8485439,MUDRA,true,Unknown,Unknown,Unknown,Unknown,Unknown,75,+919150190711,https://icici.bank.in
P002183,IDBI Bank - Sivaganga,Private Sector Bank,Tamil Nadu,Sivaganga,Sivaganga,630561,9.8555539,78.485859,MUDRA,true,Unknown,Unknown,Unknown,Unknown,Unknown,75,+919487168178,https://idbi.bank.in
P002184,UCO Bank - Sivagangai Branch,Public Sector Bank,Tamil Nadu,Sivagangai,Sivagangai,630561,9.8504652,78.4902508,PMEGP; MUDRA,true,Unknown,Unknown,Unknown,Unknown,Unknown,100,+914575241400,https://uco.bank.in
P002185,Bank of India - Anaiyur,Public Sector Bank,Tamil Nadu,Sivakasi,Sivakasi,626124,9.46,77.78,PMEGP; MUDRA,true,Unknown,Unknown,Unknown,Unknown,Unknown,100,+914562221723,https://bankofindia.bank.in
P002186,UCO Bank - Sivakasi,Public Sector Bank,Tamil Nadu,Sivakasi,Sivakasi,626123,9.45325,77.7941389,PMEGP; MUDRA,true,Unknown,Unknown,Unknown,Unknown,Unknown,100,+914562224994,https://uco.bank.in
P002187,Bandhan Bank - Tenkasi Branch,Private Sector Bank,Tamil Nadu,Tenkasi,Tenkasi,627811,8.9425,77.27962,MUDRA,true,Unknown,Unknown,Unknown,Unknown,Unknown,75,+919163325831,https://bandhan.bank.in
P002188,Bank of Maharashtra - Tenkasi,Public Sector Bank,Tamil Nadu,Tenkasi,Tenkasi,627811,8.9425,77.27962,PMEGP; MUDRA,true,Unknown,Unknown,Unknown,Unknown,Unknown,100,+919487634383,https://bankofmaharashtra.bank.in
P002189,Indian Bank - Mangudi,Public Sector Bank,Tamil Nadu,Tenkasi,Tenkasi,626111,9.365,77.5025,PMEGP; MUDRA,true,Unknown,Unknown,Unknown,Unknown,Unknown,100,+914563250540,https://indianbank.bank.in
P002190,ICICI Bank - Tanjorewest Main Street,Private Sector Bank,Tamil Nadu,Thanjavur,Thanjavur,613009,10.7911389,79.1344167,MUDRA,true,Unknown,Unknown,Unknown,Unknown,Unknown,75,+918754485514,https://icici.bank.in
P002191,Indian Bank - Thanjavur Main,Public Sector Bank,Tamil Nadu,Thanjavur,Thanjavur,613009,10.7911389,79.1344167,PMEGP; MUDRA,true,Unknown,Unknown,Unknown,Unknown,Unknown,100,+914362238612,https://indianbank.bank.in
P002192,Indian Overseas Bank - Specialised Sme Thanjavur,Public Sector Bank,Tamil Nadu,Thanjavur,Thanjavur,613010,10.7789167,79.1400556,PMEGP; MUDRA,true,Unknown,Unknown,Unknown,Unknown,Unknown,100,+914362264799,https://www.iob.in
P002193,Canara Bank - Theni,Public Sector Bank,Tamil Nadu,Theni,Theni,625531,10.013765,77.4809167,PMEGP; MUDRA,true,Unknown,Unknown,Unknown,Unknown,Unknown,100,+914546252378,https://canarabank.bank.in
P002194,ICICI Bank - Branganathpuram,Private Sector Bank,Tamil Nadu,Theni,Theni,625582,10.0399612,77.2789626,MUDRA,true,Unknown,Unknown,Unknown,Unknown,Unknown,75,+919500024764,https://icici.bank.in
P002195,IDBI Bank - Anaimalaiyanpatti,Private Sector Bank,Tamil Nadu,Theni,Theni,625256,,,MUDRA,true,Unknown,Unknown,Unknown,Unknown,Unknown,75,+919894086986,https://idbi.bank.in
P002196,DCB Bank - Minjur,Private Sector Bank,Tamil Nadu,Thiruvallur,Thiruvallur,601203,13.3110667,80.2506444,MUDRA,true,Unknown,Unknown,Unknown,Unknown,Unknown,75,+914427933330,https://dcb.bank.in
P002197,IDBI Bank - Thiruvallur,Private Sector Bank,Tamil Nadu,Thiruvallur,Thiruvallur,602001,13.1423373,79.9068298,MUDRA,true,Unknown,Unknown,Unknown,Unknown,Unknown,75,+919600012721,https://idbi.bank.in
P002198,Indian Bank - Padi,Public Sector Bank,Tamil Nadu,Thiruvallur,Thiruvallur,600058,13.0925417,80.1580417,PMEGP; MUDRA,true,Unknown,Unknown,Unknown,Unknown,Unknown,100,+914426258097,https://indianbank.bank.in
P002199,Canara Bank - Msme Sulabh Thoothukudi,Public Sector Bank,Tamil Nadu,Thoothukudi,Thoothukudi,628001,8.677393,78.3169168,PMEGP; MUDRA,true,Unknown,Unknown,Unknown,Unknown,Unknown,100,+918220279932,https://canarabank.bank.in
P002200,State Bank of India - Kuttudankadu,Public Sector Bank,Tamil Nadu,Thoothukudi,Thoothukudi,628103,8.7500421,78.0854443,PMEGP; MUDRA,true,Unknown,Unknown,Unknown,Unknown,Unknown,100,+918668179051,https://sbi.bank.in
P002201,Bank of India - Kk Nagar,Public Sector Bank,Tamil Nadu,Tiruchirapalli,Tiruchirapalli,620021,10.8045273,78.6838996,PMEGP; MUDRA,true,Unknown,Unknown,Unknown,Unknown,Unknown,100,+919047923450,https://bankofindia.bank.in
P002202,IDBI Bank - Salai Road Trichy,Private Sector Bank,Tamil Nadu,Tiruchirapalli,Tiruchirapalli,620018,10.8226944,78.6823611,MUDRA,true,Unknown,Unknown,Unknown,Unknown,Unknown,75,+91994494503,https://idbi.bank.in
P002203,UCO Bank - Trichy Main,Public Sector Bank,Tamil Nadu,Tiruchirapalli,Tiruchirapalli,620008,10.8172834,78.6955416,PMEGP; MUDRA,true,Unknown,Unknown,Unknown,Unknown,Unknown,100,+914312704076,https://uco.bank.in
P002204,Axis Bank - Vayalur Road,Private Sector Bank,Tamil Nadu,Tiruchirappalli,Tiruchirappalli,620017,10.8168888,78.6805139,MUDRA,true,Unknown,Unknown,Unknown,Unknown,Unknown,75,+914312782841,https://axis.bank.in
P002205,ICICI Bank - Trichy Salai Road,Private Sector Bank,Tamil Nadu,Tiruchirappalli,Tiruchirappalli,620018,10.8226944,78.6823611,MUDRA,true,Unknown,Unknown,Unknown,Unknown,Unknown,75,+919655943697,https://icici.bank.in
P002206,Canara Bank - Msme Sulabh Tirunelveli,Public Sector Bank,Tamil Nadu,Tirunelveli,Tirunelveli,627002,8.7224612,77.7428204,PMEGP; MUDRA,true,Unknown,Unknown,Unknown,Unknown,Unknown,100,+918940549798,https://canarabank.bank.in
P002207,DCB Bank - Tirunelveli,Private Sector Bank,Tamil Nadu,Tirunelveli,Tirunelveli,627001,8.7285583,77.703892,MUDRA,true,Unknown,Unknown,Unknown,Unknown,Unknown,75,+917304590610,https://dcb.bank.in
P002208,Indian Bank - Cheranmahadevi,Public Sector Bank,Tamil Nadu,Tirunelveli,Tirunelveli,627414,8.649767,77.5706153,PMEGP; MUDRA,true,Unknown,Unknown,Unknown,Unknown,Unknown,100,+914634261477,https://indianbank.bank.in
P002209,Bank of Maharashtra - Mid Corporate Branch Tiruppur,Public Sector Bank,Tamil Nadu,Tiruppur,Tiruppur,641603,11.1235457,77.3242883,PMEGP; MUDRA,true,Unknown,Unknown,Unknown,Unknown,Unknown,100,+917824837083,https://bankofmaharashtra.bank.in
P002210,DCB Bank - Tiruppur,Private Sector Bank,Tamil Nadu,Tiruppur,Tiruppur,641603,11.1235457,77.3242883,MUDRA,true,Unknown,Unknown,Unknown,Unknown,Unknown,75,+919391837778,https://dcb.bank.in
P002211,Indian Bank - Ind Msme Tiruppur,Public Sector Bank,Tamil Nadu,Tiruppur,Tiruppur,641601,11.1078889,77.3409444,PMEGP; MUDRA,true,Unknown,Unknown,Unknown,Unknown,Unknown,100,+914212202412,https://indianbank.bank.in
P002212,Bank of India - Vellakoil,Public Sector Bank,Tamil Nadu,Tirupur,Tirupur,638111,10.9625251,77.7151224,PMEGP; MUDRA,true,Unknown,Unknown,Unknown,Unknown,Unknown,100,+919597710648,https://bankofindia.bank.in
P002213,State Bank of India - Racpc Tirupur,Public Sector Bank,Tamil Nadu,Tirupur,Tirupur,641604,11.094687,77.34838,PMEGP; MUDRA,true,Unknown,Unknown,Unknown,Unknown,Unknown,100,+919442252315,https://sbi.bank.in
P002214,Union Bank of India - Kangeyam Road Tirupur,Public Sector Bank,Tamil Nadu,Tirupur,Tirupur,641604,11.094687,77.34838,PMEGP; MUDRA,true,Unknown,Unknown,Unknown,Unknown,Unknown,100,+919787702266,https://unionbankofindia.bank.in
P002215,Indian Bank - Tiruvallur Bazaar,Public Sector Bank,Tamil Nadu,Tiruvallur,Tiruvallur,602001,13.131862,79.9095294,PMEGP; MUDRA,true,Unknown,Unknown,Unknown,Unknown,Unknown,100,+914427660828,https://indianbank.bank.in
P002216,State Bank of India - Sme Tiruvallur,Public Sector Bank,Tamil Nadu,Tiruvallur,Tiruvallur,602001,13.131862,79.9095294,PMEGP; MUDRA,true,Unknown,Unknown,Unknown,Unknown,Unknown,100,+918838030110,https://sbi.bank.in
P002217,Canara Bank - Thiruvannamalai,Public Sector Bank,Tamil Nadu,Tiruvannamalai,Tiruvannamalai,606601,12.2351944,79.0765833,PMEGP; MUDRA,true,Unknown,Unknown,Unknown,Unknown,Unknown,100,+914175222452,https://canarabank.bank.in
P002218,ICICI Bank - Boothamangalam,Private Sector Bank,Tamil Nadu,Tiruvannamalai,Tiruvannamalai,606902,12.9672,79.86418,MUDRA,true,Unknown,Unknown,Unknown,Unknown,Unknown,75,+918838428858,https://icici.bank.in
P002219,IDBI Bank - Thiruvannamalai,Private Sector Bank,Tamil Nadu,Tiruvannamalai,Tiruvannamalai,606601,12.2351944,79.0765833,MUDRA,true,Unknown,Unknown,Unknown,Unknown,Unknown,75,+914175226211,https://idbi.bank.in
P002220,Indian Bank - Anjalai Ammal Mahalingam Engg Coll Koilv,Public Sector Bank,Tamil Nadu,Tiruvarur,Tiruvarur,614403,10.7632722,79.4234278,PMEGP; MUDRA,true,Unknown,Unknown,Unknown,Unknown,Unknown,100,+914374232064,https://indianbank.bank.in
P002221,State Bank of India - Cac Thiruvarur,Public Sector Bank,Tamil Nadu,Tiruvarur,Tiruvarur,610002,,,PMEGP; MUDRA,true,Unknown,Unknown,Unknown,Unknown,Unknown,100,+918870411511,https://sbi.bank.in
P002222,Canara Bank - Msme Sulabh,Public Sector Bank,Tamil Nadu,Trichy,Trichy,620001,10.8053278,78.6864778,PMEGP; MUDRA,true,Unknown,Unknown,Unknown,Unknown,Unknown,100,+914312415607,https://canarabank.bank.in
P002223,Indian Bank - Trichy Main,Public Sector Bank,Tamil Nadu,Trichy,Trichy,620008,10.8172834,78.6955416,PMEGP; MUDRA,true,Unknown,Unknown,Unknown,Unknown,Unknown,100,+914312700292,https://indianbank.bank.in
P002224,"State Bank of India - Sblc, Tiruchirapalli",Public Sector Bank,Tamil Nadu,Trichy,Trichy,620001,10.8053278,78.6864778,PMEGP; MUDRA,true,Unknown,Unknown,Unknown,Unknown,Unknown,100,+919445862402,https://sbi.bank.in
P002225,Bank of India - Third Mile,Public Sector Bank,Tamil Nadu,Tuticorin,Tuticorin,628003,8.7256944,78.2025556,PMEGP; MUDRA,true,Unknown,Unknown,Unknown,Unknown,Unknown,100,+919442924752,https://bankofindia.bank.in
P002226,Indian Bank - Millerpuram,Public Sector Bank,Tamil Nadu,Tuticorin,Tuticorin,628003,8.7256944,78.2025556,PMEGP; MUDRA,true,Unknown,Unknown,Unknown,Unknown,Unknown,100,+914612300829,https://indianbank.bank.in
P002227,State Bank of India - Tuticorin Town,Public Sector Bank,Tamil Nadu,Tuticorin,Tuticorin,628002,8.7591111,78.2475556,PMEGP; MUDRA,true,Unknown,Unknown,Unknown,Unknown,Unknown,100,+919445863405,https://sbi.bank.in
P002228,Canara Bank - Msme Sulabh Vellore,Public Sector Bank,Tamil Nadu,Vellore,Vellore,632007,12.9890806,79.138018,PMEGP; MUDRA,true,Unknown,Unknown,Unknown,Unknown,Unknown,100,+919652177846,https://canarabank.bank.in
P002229,ICICI Bank - Vellore - Long Bazar,Private Sector Bank,Tamil Nadu,Vellore,Vellore,632004,12.9245278,79.1333889,MUDRA,true,Unknown,Unknown,Unknown,Unknown,Unknown,75,+917823920696,https://icici.bank.in
P002230,Indian Bank - Vellore Bazar,Public Sector Bank,Tamil Nadu,Vellore,Vellore,632001,12.9155833,79.1320278,PMEGP; MUDRA,true,Unknown,Unknown,Unknown,Unknown,Unknown,100,+914162221330,https://indianbank.bank.in
P002231,Bank of India - Ulundurpet,Public Sector Bank,Tamil Nadu,Villupuram,Villupuram,606107,11.7483444,79.2661389,PMEGP; MUDRA,true,Unknown,Unknown,Unknown,Unknown,Unknown,100,+919638576569,https://bankofindia.bank.in
P002232,Canara Bank - Villupuram,Public Sector Bank,Tamil Nadu,Villupuram,Villupuram,605602,11.95,79.49,PMEGP; MUDRA,true,Unknown,Unknown,Unknown,Unknown,Unknown,100,+914146226640,https://canarabank.bank.in
P002233,IDBI Bank - Villupuram,Private Sector Bank,Tamil Nadu,Villupuram,Villupuram,605602,11.95,79.49,MUDRA,true,Unknown,Unknown,Unknown,Unknown,Unknown,75,+919840787888,https://idbi.bank.in
P002234,Canara Bank - Virudhunagar,Public Sector Bank,Tamil Nadu,Virudhunagar,Virudhunagar,626001,9.5917203,77.9630416,PMEGP; MUDRA,true,Unknown,Unknown,Unknown,Unknown,Unknown,100,+914562243180,https://canarabank.bank.in
P002235,IDBI Bank - Virudhunagar,Private Sector Bank,Tamil Nadu,Virudhunagar,Virudhunagar,626001,9.5917203,77.9630416,MUDRA,true,Unknown,Unknown,Unknown,Unknown,Unknown,75,+918680013972,https://idbi.bank.in
P002236,Indian Bank - Srivilliputhur,Public Sector Bank,Tamil Nadu,Virudhunagar,Virudhunagar,626125,9.5171667,77.6454056,PMEGP; MUDRA,true,Unknown,Unknown,Unknown,Unknown,Unknown,100,+914563264033,https://indianbank.bank.in
P002237,Bandhan Bank - Mancherial Branch,Private Sector Bank,Telangana,Adilabad,Adilabad,504208,18.8739589,79.4479783,MUDRA,true,Unknown,Unknown,Unknown,Unknown,Unknown,75,+919163723491,https://bandhan.bank.in
P002238,Canara Bank - Adilabad,Public Sector Bank,Telangana,Adilabad,Adilabad,504001,19.671677,78.537184,PMEGP; MUDRA,true,Unknown,Unknown,Unknown,Unknown,Unknown,100,+919912874185,https://canarabank.bank.in
P002239,ICICI Bank - Adilabad,Private Sector Bank,Telangana,Adilabad,Adilabad,504001,19.671677,78.537184,MUDRA,true,Unknown,Unknown,Unknown,Unknown,Unknown,75,+917304914717,https://icici.bank.in
P002240,Telangana Grameena Bank - Bazar Hathnoor,Regional Rural Bank,Telangana,Adilabad,Adilabad,504304,19.5090107,78.3392319,PMEGP; MUDRA,true,Unknown,Unknown,Unknown,Unknown,Unknown,100,+919491041707,Unknown
P002241,Indian Bank - Kothagudem,Public Sector Bank,Telangana,Bhadradri Kothagudem,Bhadradri Kothagudem,507101,17.5435556,80.6184444,PMEGP; MUDRA,true,Unknown,Unknown,Unknown,Unknown,Unknown,100,+918744246700,https://indianbank.bank.in
P002242,State Bank of India - Laxmipuram,Public Sector Bank,Telangana,Bhadradri Kothagudem,Bhadradri Kothagudem,507114,17.6603956,80.8110201,PMEGP; MUDRA,true,Unknown,Unknown,Unknown,Unknown,Unknown,100,+919885444484,https://sbi.bank.in
P002243,Telangana Grameena Bank - Patwari Gudem,Regional Rural Bank,Telangana,Bhadradri Kothagudem,Bhadradri Kothagudem,507306,17.3459594,81.009604,PMEGP; MUDRA,true,Unknown,Unknown,Unknown,Unknown,Unknown,100,+919490157165,Unknown
P002244,Axis Bank - Malkajgiri Main Road,Private Sector Bank,Telangana,Hyderabad,Hyderabad,500047,17.6001503,78.7101292,MUDRA,true,Unknown,Unknown,Unknown,Unknown,Unknown,75,+914027064551,https://axis.bank.in
P002245,Bandhan Bank - S R Nagar,Private Sector Bank,Telangana,Hyderabad,Hyderabad,500038,17.5872773,78.5896746,MUDRA,true,Unknown,Unknown,Unknown,Unknown,Unknown,75,+919121016351,https://bandhan.bank.in
P002246,Bandhan Bank - Himayat Nagar Branch,Private Sector Bank,Telangana,Hyderabad,Hyderabad,500029,17.5840057,78.695902,MUDRA,true,Unknown,Unknown,Unknown,Unknown,Unknown,75,+919748622741,https://bandhan.bank.in
P002247,Bank of India - Bn Reddy Nagar,Public Sector Bank,Telangana,Hyderabad,Hyderabad,500070,17.3190737,78.5746233,PMEGP; MUDRA,true,Unknown,Unknown,Unknown,Unknown,Unknown,100,+919966392451,https://bankofindia.bank.in
P002248,Bank of Maharashtra - Mid Corporate Branch Hyderabad,Public Sector Bank,Telangana,Hyderabad,Hyderabad,500082,17.418544,78.456956,PMEGP; MUDRA,true,Unknown,Unknown,Unknown,Unknown,Unknown,100,+919010402385,https://bankofmaharashtra.bank.in
P002249,Canara Bank - Pragathi Nagar Hyderabad,Public Sector Bank,Telangana,Hyderabad,Hyderabad,500071,,,PMEGP; MUDRA,true,Unknown,Unknown,Unknown,Unknown,Unknown,100,+919000335625,https://canarabank.bank.in
P002250,Canara Bank - Karman Ghaat,Public Sector Bank,Telangana,Hyderabad,Hyderabad,500079,17.3339397,78.5335937,PMEGP; MUDRA,true,Unknown,Unknown,Unknown,Unknown,Unknown,100,+914024094778,https://canarabank.bank.in
P002251,Canara Bank - Msme Sulabh Hyderabad Ii,Public Sector Bank,Telangana,Hyderabad,Hyderabad,500029,17.5840057,78.695902,PMEGP; MUDRA,true,Unknown,Unknown,Unknown,Unknown,Unknown,100,+919987550423,https://canarabank.bank.in
P002252,DCB Bank - Banjara Hills,Private Sector Bank,Telangana,Hyderabad,Hyderabad,500073,17.4316097,78.4467863,MUDRA,true,Unknown,Unknown,Unknown,Unknown,Unknown,75,+919705131333,https://dcb.bank.in
P002253,DCB Bank - Begumpet,Private Sector Bank,Telangana,Hyderabad,Hyderabad,500003,17.4412809,78.4952238,MUDRA,true,Unknown,Unknown,Unknown,Unknown,Unknown,75,+918107976378,https://dcb.bank.in
P002254,HDFC Bank - Saidabad Colony,Private Sector Bank,Telangana,Hyderabad,Hyderabad,500059,17.3563009,78.5051118,MUDRA,true,Unknown,Unknown,Unknown,Unknown,Unknown,75,+9184132676161,https://hdfc.bank.in
P002255,HDFC Bank - Tilak Road,Private Sector Bank,Telangana,Hyderabad,Hyderabad,500001,17.387993,78.47652,MUDRA,true,Unknown,Unknown,Unknown,Unknown,Unknown,75,+919246838350,https://hdfc.bank.in
P002256,ICICI Bank - Hyderabadindian School Of Business,Private Sector Bank,Telangana,Hyderabad,Hyderabad,500019,17.47817,78.319599,MUDRA,true,Unknown,Unknown,Unknown,Unknown,Unknown,75,+918491942430,https://icici.bank.in
P002257,ICICI Bank - Phoenix Info City,Private Sector Bank,Telangana,Hyderabad,Hyderabad,500081,17.441637,78.391092,MUDRA,true,Unknown,Unknown,Unknown,Unknown,Unknown,75,+917304913102,https://icici.bank.in
P002258,ICICI Bank - Tech Mahindra Hitec City,Private Sector Bank,Telangana,Hyderabad,Hyderabad,500081,17.441637,78.391092,MUDRA,true,Unknown,Unknown,Unknown,Unknown,Unknown,75,+916281750753,https://icici.bank.in
P002259,IDBI Bank - Kondapur,Private Sector Bank,Telangana,Hyderabad,Hyderabad,500084,17.471471,78.363178,MUDRA,true,Unknown,Unknown,Unknown,Unknown,Unknown,75,+919538234918,https://idbi.bank.in
P002260,IDBI Bank - Mehdipatnam,Private Sector Bank,Telangana,Hyderabad,Hyderabad,500028,17.400378,78.4519595,MUDRA,true,Unknown,Unknown,Unknown,Unknown,Unknown,75,+914067694107,https://idbi.bank.in
P002261,IDFC FIRST Bank - Hyderabad Jubilee Town,Private Sector Bank,Telangana,Hyderabad,Hyderabad,500033,17.430006,78.3925634,MUDRA,true,Unknown,Unknown,Unknown,Unknown,Unknown,75,+917400430739,https://idfcfirst.bank.in
P002262,Indian Bank - Hyderabad Main,Public Sector Bank,Telangana,Hyderabad,Hyderabad,500001,17.387993,78.47652,PMEGP; MUDRA,true,Unknown,Unknown,Unknown,Unknown,Unknown,100,+914024650430,https://indianbank.bank.in
P002263,Kotak Mahindra Bank - Rajadhani Co Operative Urban Bank Ltd Begum Bazar,Private Sector Bank,Telangana,Hyderabad,Hyderabad,500012,17.37478,78.46977,MUDRA,true,Unknown,Unknown,Unknown,Unknown,Unknown,75,+914024737354,https://kotak.bank.in
P002264,Kotak Mahindra Bank - Siddiamber Bazar,Private Sector Bank,Telangana,Hyderabad,Hyderabad,500012,17.37478,78.46977,MUDRA,true,Unknown,Unknown,Unknown,Unknown,Unknown,75,+914024051963,https://kotak.bank.in
P002265,State Bank of India - Sme Branch Parishram Bhavan,Public Sector Bank,Telangana,Hyderabad,Hyderabad,500004,17.4053255,78.4656251,PMEGP; MUDRA,true,Unknown,Unknown,Unknown,Unknown,Unknown,100,+918686339157,https://sbi.bank.in
P002266,State Bank of India - Sme Balkampet,Public Sector Bank,Telangana,Hyderabad,Hyderabad,500038,17.5872773,78.5896746,PMEGP; MUDRA,true,Unknown,Unknown,Unknown,Unknown,Unknown,100,+919951182046,https://sbi.bank.in
P002267,Telangana Grameena Bank - Hyderabad-I-Rbo,Regional Rural Bank,Telangana,Hyderabad,Hyderabad,500060,17.3681042,78.5306278,PMEGP; MUDRA,true,Unknown,Unknown,Unknown,Unknown,Unknown,100,+919912703832,Unknown
P002268,Union Bank of India - Sultan Bazar Branch,Public Sector Bank,Telangana,Hyderabad,Hyderabad,500095,,,PMEGP; MUDRA,true,Unknown,Unknown,Unknown,Unknown,Unknown,100,+914683003007,https://unionbankofindia.bank.in
P002269,Bank of India - Jagtial,Public Sector Bank,Telangana,Jagtial,Jagtial,505327,18.7936944,78.9152778,PMEGP; MUDRA,true,Unknown,Unknown,Unknown,Unknown,Unknown,100,+919652149644,https://bankofindia.bank.in
P002270,State Bank of India - Mallapur,Public Sector Bank,Telangana,Jagtial,Jagtial,505331,18.9771964,78.7042948,PMEGP; MUDRA,true,Unknown,Unknown,Unknown,Unknown,Unknown,100,+919177662743,https://sbi.bank.in
P002271,Telangana Grameena Bank - Jagtial-Rbo,Regional Rural Bank,Telangana,Jagtial,Jagtial,505327,18.7936944,78.9152778,PMEGP; MUDRA,true,Unknown,Unknown,Unknown,Unknown,Unknown,100,+919247550800,Unknown
P002272,Union Bank of India - Thungur,Public Sector Bank,Telangana,Jagtial,Jagtial,505454,19.024973,78.9793146,PMEGP; MUDRA,true,Unknown,Unknown,Unknown,Unknown,Unknown,100,+919849647646,https://unionbankofindia.bank.in
P002273,Bank of India - Jangaon,Public Sector Bank,Telangana,Jangaon,Jangaon,506167,17.7244167,79.1523611,PMEGP; MUDRA,true,Unknown,Unknown,Unknown,Unknown,Unknown,100,+919840724523,https://bankofindia.bank.in
P002274,Indian Bank - Jangaon,Public Sector Bank,Telangana,Jangaon,Jangaon,506167,17.7244167,79.1523611,PMEGP; MUDRA,true,Unknown,Unknown,Unknown,Unknown,Unknown,100,+919989920869,https://indianbank.bank.in
P002275,State Bank of India - Dbu Jangaon,Public Sector Bank,Telangana,Jangaon,Jangaon,506167,17.7244167,79.1523611,PMEGP; MUDRA,true,Unknown,Unknown,Unknown,Unknown,Unknown,100,+919000160222,https://sbi.bank.in
P002276,Telangana Grameena Bank - Bachannapet,Regional Rural Bank,Telangana,Jangaon,Jangaon,506221,17.8401073,79.0281576,PMEGP; MUDRA,true,Unknown,Unknown,Unknown,Unknown,Unknown,100,+919490157415,Unknown
P002277,Indian Bank - Gadwal,Public Sector Bank,Telangana,Jogulamba Gadwal,Jogulamba Gadwal,509125,16.237774,77.804226,PMEGP; MUDRA,true,Unknown,Unknown,Unknown,Unknown,Unknown,100,+918546293121,https://indianbank.bank.in
P002278,State Bank of India - Chinnambavi,Public Sector Bank,Telangana,Jogulamba Gadwal,Jogulamba Gadwal,509104,16.2055,77.99425,PMEGP; MUDRA,true,Unknown,Unknown,Unknown,Unknown,Unknown,100,+919705620778,https://sbi.bank.in
P002279,Telangana Grameena Bank - Bonkur,Regional Rural Bank,Telangana,Jogulamba Gadwal,Jogulamba Gadwal,509128,16.0493622,77.8787245,PMEGP; MUDRA,true,Unknown,Unknown,Unknown,Unknown,Unknown,100,+919490157307,Unknown
P002280,Bandhan Bank - Kamareddy Branch,Private Sector Bank,Telangana,Kamareddy,Kamareddy,503111,18.320084,78.336474,MUDRA,true,Unknown,Unknown,Unknown,Unknown,Unknown,75,+91846840456456,https://bandhan.bank.in
P002281,Bank of India - Kamareddy,Public Sector Bank,Telangana,Kamareddy,Kamareddy,503111,18.320084,78.336474,PMEGP; MUDRA,true,Unknown,Unknown,Unknown,Unknown,Unknown,100,+919701874107,https://bankofindia.bank.in
P002282,DCB Bank - Kamareddy,Private Sector Bank,Telangana,Kamareddy,Kamareddy,503111,18.320084,78.336474,MUDRA,true,Unknown,Unknown,Unknown,Unknown,Unknown,75,+91846868997777,https://dcb.bank.in
P002283,Bandhan Bank - Karimnagar,Private Sector Bank,Telangana,Karimnagar,Karimnagar,505001,18.43392,79.134065,MUDRA,true,Unknown,Unknown,Unknown,Unknown,Unknown,75,+917605820911,https://bandhan.bank.in
P002284,ICICI Bank - Karimnagar,Private Sector Bank,Telangana,Karimnagar,Karimnagar,505001,18.43392,79.134065,MUDRA,true,Unknown,Unknown,Unknown,Unknown,Unknown,75,+919959652019,https://icici.bank.in
P002285,State Bank of India - Sme Branch Karimnagar,Public Sector Bank,Telangana,Karimnagar,Karimnagar,505001,18.43392,79.134065,PMEGP; MUDRA,true,Unknown,Unknown,Unknown,Unknown,Unknown,100,+919949473457,https://sbi.bank.in
P002286,Telangana Grameena Bank - Karimnagar-Rbo,Regional Rural Bank,Telangana,Karimnagar,Karimnagar,505001,18.43392,79.134065,PMEGP; MUDRA,true,Unknown,Unknown,Unknown,Unknown,Unknown,100,+919491041857,Unknown
P002287,Bandhan Bank - Khammam,Private Sector Bank,Telangana,Khammam,Khammam,507003,17.3892935,80.2908003,MUDRA,true,Unknown,Unknown,Unknown,Unknown,Unknown,75,+919007420921,https://bandhan.bank.in
P002288,Canara Bank - Rah Khammam,Public Sector Bank,Telangana,Khammam,Khammam,507008,,,PMEGP; MUDRA,true,Unknown,Unknown,Unknown,Unknown,Unknown,100,+917382932195,https://canarabank.bank.in
P002289,State Bank of India - Rasmeccc-Khammam,Public Sector Bank,Telangana,Khammam,Khammam,507002,17.4203717,80.2053824,PMEGP; MUDRA,true,Unknown,Unknown,Unknown,Unknown,Unknown,100,+919492666395,https://sbi.bank.in
P002290,Telangana Grameena Bank - Khammam,Regional Rural Bank,Telangana,Khammam,Khammam,507001,17.4026389,80.2353333,PMEGP; MUDRA,true,Unknown,Unknown,Unknown,Unknown,Unknown,100,+919440903935,Unknown
P002291,Bank of Maharashtra - Mahbubabad,Public Sector Bank,Telangana,Mahabubabad,Mahabubabad,506101,17.598128,80.001586,PMEGP; MUDRA,true,Unknown,Unknown,Unknown,Unknown,Unknown,100,+918099640365,https://bankofmaharashtra.bank.in
P002292,IDBI Bank - Mahabubabad,Private Sector Bank,Telangana,Mahabubabad,Mahabubabad,506101,17.598128,80.001586,MUDRA,true,Unknown,Unknown,Unknown,Unknown,Unknown,75,+919494011234,https://idbi.bank.in
P002293,Indian Bank - Kothaguda,Public Sector Bank,Telangana,Mahabubabad,Mahabubabad,506135,17.9823632,80.0926832,PMEGP; MUDRA,true,Unknown,Unknown,Unknown,Unknown,Unknown,100,+918718250305,https://indianbank.bank.in
P002294,Telangana Grameena Bank - Balapala,Regional Rural Bank,Telangana,Mahabubabad,Mahabubabad,506381,17.4551724,80.1104682,PMEGP; MUDRA,true,Unknown,Unknown,Unknown,Unknown,Unknown,100,+919490157416,Unknown
P002295,State Bank of India - Rbo Jogulamba,Public Sector Bank,Telangana,Mahabubnagar,Mahabubnagar,509001,16.7490833,77.9942222,PMEGP; MUDRA,true,Unknown,Unknown,Unknown,Unknown,Unknown,100,+919492573943,https://sbi.bank.in
P002296,Telangana Grameena Bank - Mahabubnagar-Rbo,Regional Rural Bank,Telangana,Mahabubnagar,Mahabubnagar,509001,16.7490833,77.9942222,PMEGP; MUDRA,true,Unknown,Unknown,Unknown,Unknown,Unknown,100,+919491520850,Unknown
P002297,Canara Bank - Makthamadharam,Public Sector Bank,Telangana,Mahbubnagar,Mahbubnagar,509408,16.3615,78.197,PMEGP; MUDRA,true,Unknown,Unknown,Unknown,Unknown,Unknown,100,+919985842846,https://canarabank.bank.in
P002298,ICICI Bank - Mahbub Nagar,Private Sector Bank,Telangana,Mahbubnagar,Mahbubnagar,509001,16.7474753,77.990233,MUDRA,true,Unknown,Unknown,Unknown,Unknown,Unknown,75,+917993355813,https://icici.bank.in
P002299,IDBI Bank - The Palamoor Co Operative Urban Bank Ltd Mahabubnagar,Private Sector Bank,Telangana,Mahbubnagar,Mahbubnagar,509001,16.7474753,77.990233,MUDRA,true,Unknown,Unknown,Unknown,Unknown,Unknown,75,+918542244589,https://idbi.bank.in
P002300,Telangana Grameena Bank - Mahabubnagar,Regional Rural Bank,Telangana,Mahbubnagar,Mahbubnagar,509001,16.7474753,77.990233,PMEGP; MUDRA,true,Unknown,Unknown,Unknown,Unknown,Unknown,100,+919440903944,Unknown
P002301,Bank of India - Mancherial,Public Sector Bank,Telangana,Mancherial,Mancherial,504209,18.897649,79.447076,PMEGP; MUDRA,true,Unknown,Unknown,Unknown,Unknown,Unknown,100,+918790573360,https://bankofindia.bank.in
P002302,HDFC Bank - Chennur,Private Sector Bank,Telangana,Mancherial,Mancherial,504202,19.1101113,78.8093006,MUDRA,true,Unknown,Unknown,Unknown,Unknown,Unknown,75,+918331976645,https://hdfc.bank.in
P002303,Indian Bank - Mancherial,Public Sector Bank,Telangana,Mancherial,Mancherial,504208,18.880305,79.442307,PMEGP; MUDRA,true,Unknown,Unknown,Unknown,Unknown,Unknown,100,+918736250304,https://indianbank.bank.in
P002304,Telangana Grameena Bank - Awadam,Regional Rural Bank,Telangana,Mancherial,Mancherial,504204,19.1190257,79.0610814,PMEGP; MUDRA,true,Unknown,Unknown,Unknown,Unknown,Unknown,100,+919491041706,Unknown
P002305,Bank of India - Medak,Public Sector Bank,Telangana,Medak,Medak,502110,18.049,78.2673333,PMEGP; MUDRA,true,Unknown,Unknown,Unknown,Unknown,Unknown,100,+917975660240,https://bankofindia.bank.in
P002306,ICICI Bank - Medak,Private Sector Bank,Telangana,Medak,Medak,502110,18.049,78.2673333,MUDRA,true,Unknown,Unknown,Unknown,Unknown,Unknown,75,+919000996185,https://icici.bank.in
P002307,Indian Bank - Medak,Public Sector Bank,Telangana,Medak,Medak,502110,18.049,78.2673333,PMEGP; MUDRA,true,Unknown,Unknown,Unknown,Unknown,Unknown,100,+918452222340,https://indianbank.bank.in
P002308,Telangana Grameena Bank - Chitkul,Regional Rural Bank,Telangana,Medak,Medak,502329,17.5501137,78.1612895,PMEGP; MUDRA,true,Unknown,Unknown,Unknown,Unknown,Unknown,100,+919490157364,Unknown
P002309,Bank of India - Nagarkurnool,Public Sector Bank,Telangana,Nagarkurnool,Nagarkurnool,509209,16.4854722,78.3159444,PMEGP; MUDRA,true,Unknown,Unknown,Unknown,Unknown,Unknown,100,+919581277244,https://bankofindia.bank.in
P002310,Bank of Maharashtra - Nagarkurnool,Public Sector Bank,Telangana,Nagarkurnool,Nagarkurnool,509209,16.4854722,78.3159444,PMEGP; MUDRA,true,Unknown,Unknown,Unknown,Unknown,Unknown,100,+919885552452,https://bankofmaharashtra.bank.in
P002311,State Bank of India - Peddakothapally,Public Sector Bank,Telangana,Nagarkurnool,Nagarkurnool,509412,16.29825,78.3600278,PMEGP; MUDRA,true,Unknown,Unknown,Unknown,Unknown,Unknown,100,+919514522829,https://sbi.bank.in
P002312,Telangana Grameena Bank - Telakapalli,Regional Rural Bank,Telangana,Nagarkurnool,Nagarkurnool,509385,16.4426667,78.4605833,PMEGP; MUDRA,true,Unknown,Unknown,Unknown,Unknown,Unknown,100,+919490157297,Unknown
P002313,Bandhan Bank - Devarakonda Road Branch Nalgonda,Private Sector Bank,Telangana,Nalgonda,Nalgonda,508001,17.058425,79.272626,MUDRA,true,Unknown,Unknown,Unknown,Unknown,Unknown,75,+916292224351,https://bandhan.bank.in
P002314,Canara Bank - Palivela,Public Sector Bank,Telangana,Nalgonda,Nalgonda,508244,17.1380146,79.2807287,PMEGP; MUDRA,true,Unknown,Unknown,Unknown,Unknown,Unknown,100,+919490749511,https://canarabank.bank.in
P002315,ICICI Bank - Nalgonda,Private Sector Bank,Telangana,Nalgonda,Nalgonda,508001,17.058425,79.272626,MUDRA,true,Unknown,Unknown,Unknown,Unknown,Unknown,75,+917618777810,https://icici.bank.in
P002316,Telangana Grameena Bank - Nalgonda Main,Regional Rural Bank,Telangana,Nalgonda,Nalgonda,508202,16.7871756,79.2887814,PMEGP; MUDRA,true,Unknown,Unknown,Unknown,Unknown,Unknown,100,+919440903937,Unknown
P002317,Axis Bank - Nirmal,Private Sector Bank,Telangana,Nirmal,Nirmal,504106,19.102906,78.347998,MUDRA,true,Unknown,Unknown,Unknown,Unknown,Unknown,75,+918734244226,https://axis.bank.in
P002318,Indian Bank - Nirmal,Public Sector Bank,Telangana,Nirmal,Nirmal,504106,19.102906,78.347998,PMEGP; MUDRA,true,Unknown,Unknown,Unknown,Unknown,Unknown,100,+916281240565,https://indianbank.bank.in
P002319,State Bank of India - Mini Racpc Nirmal,Public Sector Bank,Telangana,Nirmal,Nirmal,504106,19.102906,78.347998,PMEGP; MUDRA,true,Unknown,Unknown,Unknown,Unknown,Unknown,100,+919004441038,https://sbi.bank.in
P002320,Telangana Grameena Bank - Beeravelly,Regional Rural Bank,Telangana,Nirmal,Nirmal,504306,19.1044685,78.2410177,PMEGP; MUDRA,true,Unknown,Unknown,Unknown,Unknown,Unknown,100,+917901617134,Unknown
P002321,Bandhan Bank - Nizamabad,Private Sector Bank,Telangana,Nizamabad,Nizamabad,503003,18.677028,78.103083,MUDRA,true,Unknown,Unknown,Unknown,Unknown,Unknown,75,+918583020931,https://bandhan.bank.in
P002322,Bank of India - Kanteshwar,Public Sector Bank,Telangana,Nizamabad,Nizamabad,503002,18.682979,78.10737,PMEGP; MUDRA,true,Unknown,Unknown,Unknown,Unknown,Unknown,100,+919492009648,https://bankofindia.bank.in
P002323,"State Bank of India - Rasmecc,Nizamabad",Public Sector Bank,Telangana,Nizamabad,Nizamabad,503001,18.6715,78.0937,PMEGP; MUDRA,true,Unknown,Unknown,Unknown,Unknown,Unknown,100,+919440232232,https://sbi.bank.in
P002324,Telangana Grameena Bank - Nizamabad-Rbo,Regional Rural Bank,Telangana,Nizamabad,Nizamabad,503002,18.682979,78.10737,PMEGP; MUDRA,true,Unknown,Unknown,Unknown,Unknown,Unknown,100,+919704024088,Unknown
P002325,Bank of India - Peddapalli,Public Sector Bank,Telangana,Peddapalli,Peddapalli,505172,18.6115954,79.3733967,PMEGP; MUDRA,true,Unknown,Unknown,Unknown,Unknown,Unknown,100,+919030438258,https://bankofindia.bank.in
P002326,Bank of Maharashtra - Ramgundam,Public Sector Bank,Telangana,Peddapalli,Peddapalli,505209,18.7647232,79.5128286,PMEGP; MUDRA,true,Unknown,Unknown,Unknown,Unknown,Unknown,100,+919010102558,https://bankofmaharashtra.bank.in
P002327,Indian Bank - Godavarikhani,Public Sector Bank,Telangana,Peddapalli,Peddapalli,505209,18.7647232,79.5128286,PMEGP; MUDRA,true,Unknown,Unknown,Unknown,Unknown,Unknown,100,+917995138836,https://indianbank.bank.in
P002328,State Bank of India - Yellareddypet,Public Sector Bank,Telangana,Rajanna Sircilla,Rajanna Sircilla,505303,18.3660154,78.6719338,PMEGP; MUDRA,true,Unknown,Unknown,Unknown,Unknown,Unknown,100,+919491637267,https://sbi.bank.in
P002329,Bandhan Bank - Shamshabad Branch,Private Sector Bank,Telangana,Rangareddy,Rangareddy,501218,17.255279,78.3556216,MUDRA,true,Unknown,Unknown,Unknown,Unknown,Unknown,75,+919903625311,https://bandhan.bank.in
P002330,Canara Bank - Shamirpet,Public Sector Bank,Telangana,Rangareddy,Rangareddy,500078,17.5440017,78.5437741,PMEGP; MUDRA,true,Unknown,Unknown,Unknown,Unknown,Unknown,100,+919440473460,https://canarabank.bank.in
P002331,"State Bank of India - Document Archival Centre, Hyderabad",Public Sector Bank,Telangana,Rangareddy,Rangareddy,501505,17.3704762,78.6712472,PMEGP; MUDRA,true,Unknown,Unknown,Unknown,Unknown,Unknown,100,+919246946129,https://sbi.bank.in
P002332,Bank of Maharashtra - Patancheruvu,Public Sector Bank,Telangana,Sangareddy,Sangareddy,502300,17.5052973,78.2261734,PMEGP; MUDRA,true,Unknown,Unknown,Unknown,Unknown,Unknown,100,+919160002592,https://bankofmaharashtra.bank.in
P002333,Indian Bank - Pothireddypally X Road Branch Sangareddy,Public Sector Bank,Telangana,Sangareddy,Sangareddy,502001,17.6265149,78.0867844,PMEGP; MUDRA,true,Unknown,Unknown,Unknown,Unknown,Unknown,100,+919989295383,https://indianbank.bank.in
P002334,State Bank of India - Rbo Sangareddy,Public Sector Bank,Telangana,Sangareddy,Sangareddy,500037,17.4881389,78.4470278,PMEGP; MUDRA,true,Unknown,Unknown,Unknown,Unknown,Unknown,100,+918008706146,https://sbi.bank.in
P002335,Telangana Grameena Bank - Sangareddy,Regional Rural Bank,Telangana,Sangareddy,Sangareddy,502001,17.6265149,78.0867844,PMEGP; MUDRA,true,Unknown,Unknown,Unknown,Unknown,Unknown,100,+919493126205,Unknown
P002336,Punjab National Bank - Secundrabad-Malkajgiri,Public Sector Bank,Telangana,Secunderabad,Secunderabad,500047,17.6001503,78.7101292,PMEGP; MUDRA,true,Unknown,Unknown,Unknown,Unknown,Unknown,100,+914027060069,https://pnb.bank.in
P002337,State Bank of India - Rbo Vikarabad,Public Sector Bank,Telangana,Secunderabad,Secunderabad,500003,17.4412809,78.4952238,PMEGP; MUDRA,true,Unknown,Unknown,Unknown,Unknown,Unknown,100,+919959238399,https://sbi.bank.in
P002338,Bandhan Bank - Sajidpura Branch Siddipet,Private Sector Bank,Telangana,Siddipet,Siddipet,502103,18.105264,78.843662,MUDRA,true,Unknown,Unknown,Unknown,Unknown,Unknown,75,+919831925411,https://bandhan.bank.in
P002339,Indian Bank - Gajwel,Public Sector Bank,Telangana,Siddipet,Siddipet,502278,17.838778,78.679479,PMEGP; MUDRA,true,Unknown,Unknown,Unknown,Unknown,Unknown,100,+917386815033,https://indianbank.bank.in
P002340,State Bank of India - Collectorate Complex Siddipet,Public Sector Bank,Telangana,Siddipet,Siddipet,502277,18.0288178,78.8998652,PMEGP; MUDRA,true,Unknown,Unknown,Unknown,Unknown,Unknown,100,+919160663036,https://sbi.bank.in
P002341,Telangana Grameena Bank - Komuravelly,Regional Rural Bank,Telangana,Siddipet,Siddipet,506355,17.210186,79.0391738,PMEGP; MUDRA,true,Unknown,Unknown,Unknown,Unknown,Unknown,100,+917382620371,Unknown
P002342,ICICI Bank - Suryapet,Private Sector Bank,Telangana,Suryapet,Suryapet,508213,17.138358,79.618493,MUDRA,true,Unknown,Unknown,Unknown,Unknown,Unknown,75,+919000013644,https://icici.bank.in
P002343,Indian Bank - Suryapet,Public Sector Bank,Telangana,Suryapet,Suryapet,508213,17.138358,79.618493,PMEGP; MUDRA,true,Unknown,Unknown,Unknown,Unknown,Unknown,100,+917095447945,https://indianbank.bank.in
P002344,Punjab & Sind Bank - Suryapet,Public Sector Bank,Telangana,Suryapet,Suryapet,508213,17.138358,79.618493,PMEGP; MUDRA,true,Unknown,Unknown,Unknown,Unknown,Unknown,100,+919676025626,https://punjabandsind.bank.in
P002345,Telangana Grameena Bank - Thungathurthy,Regional Rural Bank,Telangana,Suryapet,Suryapet,508280,17.4613285,79.6220319,PMEGP; MUDRA,true,Unknown,Unknown,Unknown,Unknown,Unknown,100,+919490157225,Unknown
P002346,Bank of Maharashtra - Tandur,Public Sector Bank,Telangana,Vikarabad,Vikarabad,501141,17.2968331,77.5474301,PMEGP; MUDRA,true,Unknown,Unknown,Unknown,Unknown,Unknown,100,+919010422497,https://bankofmaharashtra.bank.in
P002347,"State Bank of India - Collectorate Complex, Vikarabad",Public Sector Bank,Telangana,Vikarabad,Vikarabad,501101,17.337188,77.907326,PMEGP; MUDRA,true,Unknown,Unknown,Unknown,Unknown,Unknown,100,+919849510575,https://sbi.bank.in
P002348,Telangana Grameena Bank - Balampet,Regional Rural Bank,Telangana,Vikarabad,Vikarabad,509336,17.0791942,77.5244021,PMEGP; MUDRA,true,Unknown,Unknown,Unknown,Unknown,Unknown,100,+919490157324,Unknown
P002349,Bank of India - Wanaparthy,Public Sector Bank,Telangana,Wanaparthy,Wanaparthy,509103,16.3646111,78.06475,PMEGP; MUDRA,true,Unknown,Unknown,Unknown,Unknown,Unknown,100,+919492203668,https://bankofindia.bank.in
P002350,State Bank of India - Fimm Racc Wanaparthy,Public Sector Bank,Telangana,Wanaparthy,Wanaparthy,509103,16.3646111,78.06475,PMEGP; MUDRA,true,Unknown,Unknown,Unknown,Unknown,Unknown,100,+919502980626,https://sbi.bank.in
P002351,Telangana Grameena Bank - Veepangandla,Regional Rural Bank,Telangana,Wanaparthy,Wanaparthy,509105,16.0737222,78.2564444,PMEGP; MUDRA,true,Unknown,Unknown,Unknown,Unknown,Unknown,100,+919494630664,Unknown
P002352,Union Bank of India - Idoc Wanaparthy,Public Sector Bank,Telangana,Wanaparthy,Wanaparthy,509103,16.3646111,78.06475,PMEGP; MUDRA,true,Unknown,Unknown,Unknown,Unknown,Unknown,100,+918790538857,https://unionbankofindia.bank.in
P002353,Bandhan Bank - Warangal,Private Sector Bank,Telangana,Warangal,Warangal,506002,17.975928,79.601559,MUDRA,true,Unknown,Unknown,Unknown,Unknown,Unknown,75,+918100720941,https://bandhan.bank.in
P002354,Canara Bank - Warangal Circuit House,Public Sector Bank,Telangana,Warangal,Warangal,506001,17.7226647,79.6747883,PMEGP; MUDRA,true,Unknown,Unknown,Unknown,Unknown,Unknown,100,+919491913322,https://canarabank.bank.in
P002355,HDFC Bank - Bheemaram,Private Sector Bank,Telangana,Warangal,Warangal,504204,19.1069285,79.111717,MUDRA,true,Unknown,Unknown,Unknown,Unknown,Unknown,75,+918331976609,https://hdfc.bank.in
P002356,Axis Bank - Sankar Chowmuhani,Private Sector Bank,Tripura,Agartala,Agartala,799001,23.82975,91.2788333,MUDRA,true,Unknown,Unknown,Unknown,Unknown,Unknown,75,+919774339753,https://axis.bank.in
P002357,State Bank of India - Racc Agartala North,Public Sector Bank,Tripura,Agartala,Agartala,799001,23.82975,91.2788333,PMEGP; MUDRA,true,Unknown,Unknown,Unknown,Unknown,Unknown,100,+919401910841,https://sbi.bank.in
P002358,State Bank of India - Airport Road Barjala,Public Sector Bank,Tripura,Agartala,Agartala,799001,23.82975,91.2788333,PMEGP; MUDRA,true,Unknown,Unknown,Unknown,Unknown,Unknown,100,+919707502532,https://sbi.bank.in
P002359,UCO Bank - Agartala,Public Sector Bank,Tripura,Agartala,Agartala,799001,23.82975,91.2788333,PMEGP; MUDRA,true,Unknown,Unknown,Unknown,Unknown,Unknown,100,+91381385250,https://uco.bank.in
P002360,HDFC Bank - Ambassa,Private Sector Bank,Tripura,Dhalai,Dhalai,799289,23.83167,91.882499,MUDRA,true,Unknown,Unknown,Unknown,Unknown,Unknown,65,Unknown,https://hdfc.bank.in
P002361,State Bank of India - Manik Bhander,Public Sector Bank,Tripura,Dhalai,Dhalai,799287,23.90603,91.990797,PMEGP; MUDRA,true,Unknown,Unknown,Unknown,Unknown,Unknown,90,Unknown,https://sbi.bank.in
P002362,Axis Bank - Khowai,Private Sector Bank,Tripura,Khowai,Khowai,799201,24.0813056,91.5962778,MUDRA,true,Unknown,Unknown,Unknown,Unknown,Unknown,75,+913825222241,https://axis.bank.in
P002363,Bandhan Bank - Khowai,Private Sector Bank,Tripura,Khowai,Khowai,799201,24.0813056,91.5962778,MUDRA,true,Unknown,Unknown,Unknown,Unknown,Unknown,75,+917595816421,https://bandhan.bank.in
P002364,Bank of Maharashtra - Dharmanagar,Public Sector Bank,Tripura,North Tripura,North Tripura,799250,24.3788333,92.1598056,PMEGP; MUDRA,true,Unknown,Unknown,Unknown,Unknown,Unknown,100,+917099092207,https://bankofmaharashtra.bank.in
P002365,Bank of Maharashtra - Abhaynagar,Public Sector Bank,Tripura,South Tripura,South Tripura,799156,23.5408333,91.49175,PMEGP; MUDRA,true,Unknown,Unknown,Unknown,Unknown,Unknown,100,+917099029878,https://bankofmaharashtra.bank.in
P002366,Canara Bank - Kumarghat,Public Sector Bank,Tripura,Unakoti,Unakoti,799264,24.1623889,92.0379722,PMEGP; MUDRA,true,Unknown,Unknown,Unknown,Unknown,Unknown,90,Unknown,https://canarabank.bank.in
P002367,Indian Bank - Agartala Sakuntala Road,Public Sector Bank,Tripura,West Tripura,West Tripura,799001,23.82975,91.2788333,PMEGP; MUDRA,true,Unknown,Unknown,Unknown,Unknown,Unknown,100,+913812385422,https://indianbank.bank.in
P002368,Bandhan Bank - Agra,Private Sector Bank,Uttar Pradesh,Agra,Agra,282002,27.1636918,77.9961173,MUDRA,true,Unknown,Unknown,Unknown,Unknown,Unknown,75,+918650817431,https://bandhan.bank.in
P002369,Bank of India - Harshvardhan Branch,Public Sector Bank,Uttar Pradesh,Agra,Agra,209727,27.0639546,79.8566356,PMEGP; MUDRA,true,Unknown,Unknown,Unknown,Unknown,Unknown,100,+919060696302,https://bankofindia.bank.in
P002370,"Canara Bank - Belaganj ,Main,Agra",Public Sector Bank,Uttar Pradesh,Agra,Agra,282004,27.1987222,78.0147778,PMEGP; MUDRA,true,Unknown,Unknown,Unknown,Unknown,Unknown,100,+915622621476,https://canarabank.bank.in
P002371,"Canara Bank - Ssi Branch,Agra",Public Sector Bank,Uttar Pradesh,Agra,Agra,282002,27.1636918,77.9961173,PMEGP; MUDRA,true,Unknown,Unknown,Unknown,Unknown,Unknown,100,+915622521572,https://canarabank.bank.in
P002372,DCB Bank - Agra,Private Sector Bank,Uttar Pradesh,Agra,Agra,282002,27.1636918,77.9961173,MUDRA,true,Unknown,Unknown,Unknown,Unknown,Unknown,75,+917520229300,https://dcb.bank.in
P002373,ICICI Bank - Agrasadar Bazar,Private Sector Bank,Uttar Pradesh,Agra,Agra,282001,27.1508611,78.0040556,MUDRA,true,Unknown,Unknown,Unknown,Unknown,Unknown,75,+919004465764,https://icici.bank.in
P002374,IDBI Bank - Agra,Private Sector Bank,Uttar Pradesh,Agra,Agra,208002,26.4925555,80.3121444,MUDRA,true,Unknown,Unknown,Unknown,Unknown,Unknown,75,+919997435527,https://idbi.bank.in
P002375,Indian Overseas Bank - Agra Main,Public Sector Bank,Uttar Pradesh,Agra,Agra,282002,27.1636918,77.9961173,PMEGP; MUDRA,true,Unknown,Unknown,Unknown,Unknown,Unknown,100,+915622260539,https://www.iob.in
P002376,Punjab National Bank - Agra Civil Lines Curch Road,Public Sector Bank,Uttar Pradesh,Agra,Agra,282002,27.1636687,77.9996457,PMEGP; MUDRA,true,Unknown,Unknown,Unknown,Unknown,Unknown,100,+918979733369,https://pnb.bank.in
P002377,Yes Bank - Sadar Bazaar Agra Cantt,Private Sector Bank,Uttar Pradesh,Agra,Agra,282001,27.1508611,78.0040556,MUDRA,true,Unknown,Unknown,Unknown,Unknown,Unknown,75,+915622225164,https://yes.bank.in
P002378,Bank of India - Khair,Public Sector Bank,Uttar Pradesh,Aligarh,Aligarh,202138,29.3879017,69.0390281,PMEGP; MUDRA,true,Unknown,Unknown,Unknown,Unknown,Unknown,100,+919638576548,https://bankofindia.bank.in
P002379,"Canara Bank - Ssi Branch,Aligarh",Public Sector Bank,Uttar Pradesh,Aligarh,Aligarh,202001,27.9001111,78.0728333,PMEGP; MUDRA,true,Unknown,Unknown,Unknown,Unknown,Unknown,100,+915712520675,https://canarabank.bank.in
P002380,DCB Bank - Aligarh,Private Sector Bank,Uttar Pradesh,Aligarh,Aligarh,202001,27.9001111,78.0728333,MUDRA,true,Unknown,Unknown,Unknown,Unknown,Unknown,75,+918291287551,https://dcb.bank.in
P002381,State Bank of India - Mini Racpc Ambedkar Nagar,Public Sector Bank,Uttar Pradesh,Ambedkar Nagar,Ambedkar Nagar,224122,26.7316051,82.2314895,PMEGP; MUDRA,true,Unknown,Unknown,Unknown,Unknown,Unknown,100,+917007192909,https://sbi.bank.in
P002382,Union Bank of India - Asharfpur Kichachha,Public Sector Bank,Uttar Pradesh,Ambedkar Nagar,Ambedkar Nagar,224155,26.442133,82.737652,PMEGP; MUDRA,true,Unknown,Unknown,Unknown,Unknown,Unknown,100,+919918501833,https://unionbankofindia.bank.in
P002383,ICICI Bank - Auraiya,Private Sector Bank,Uttar Pradesh,Auraiya,Auraiya,206122,26.4639575,79.5145534,MUDRA,true,Unknown,Unknown,Unknown,Unknown,Unknown,75,+918295942809,https://icici.bank.in
P002384,IDBI Bank - Auraiya,Private Sector Bank,Uttar Pradesh,Auraiya,Auraiya,206122,26.4639575,79.5145534,MUDRA,true,Unknown,Unknown,Unknown,Unknown,Unknown,75,+919411679321,https://idbi.bank.in
P002385,Indian Bank - Auraiya,Public Sector Bank,Uttar Pradesh,Auraiya,Auraiya,206122,26.4639575,79.5145534,PMEGP; MUDRA,true,Unknown,Unknown,Unknown,Unknown,Unknown,100,+917007402413,https://indianbank.bank.in
P002386,IDBI Bank - Ayodhya Dham,Private Sector Bank,Uttar Pradesh,Ayodhya,Ayodhya,224001,26.7699072,82.1155695,MUDRA,true,Unknown,Unknown,Unknown,Unknown,Unknown,75,+919214506060,https://idbi.bank.in
P002387,Indian Bank - Rikabganj Faizabad,Public Sector Bank,Uttar Pradesh,Ayodhya,Ayodhya,224001,26.7792816,82.1400667,PMEGP; MUDRA,true,Unknown,Unknown,Unknown,Unknown,Unknown,100,+915278220076,https://indianbank.bank.in
P002388,UCO Bank - Collectorate Campus,Public Sector Bank,Uttar Pradesh,Ayodhya,Ayodhya,224001,26.7699072,82.1155695,PMEGP; MUDRA,true,Unknown,Unknown,Unknown,Unknown,Unknown,100,+915278299323,https://uco.bank.in
P002389,Bandhan Bank - Azamgarh,Private Sector Bank,Uttar Pradesh,Azamgarh,Azamgarh,276001,26.052616,83.1828748,MUDRA,true,Unknown,Unknown,Unknown,Unknown,Unknown,75,+917251017421,https://bandhan.bank.in
P002390,Indian Bank - Collectorate Azamgarh Branch,Public Sector Bank,Uttar Pradesh,Azamgarh,Azamgarh,276001,26.052616,83.1828748,PMEGP; MUDRA,true,Unknown,Unknown,Unknown,Unknown,Unknown,100,+919026027940,https://indianbank.bank.in
P002391,State Bank of India - Sme Azamgarh Branch,Public Sector Bank,Uttar Pradesh,Azamgarh,Azamgarh,276001,26.052616,83.1828748,PMEGP; MUDRA,true,Unknown,Unknown,Unknown,Unknown,Unknown,100,+918795830576,https://sbi.bank.in
P002392,Bandhan Bank - Baghpat,Private Sector Bank,Uttar Pradesh,Baghpat,Baghpat,250609,28.976661,77.211931,MUDRA,true,Unknown,Unknown,Unknown,Unknown,Unknown,75,+916290919061,https://bandhan.bank.in
P002393,Bank of India - Bagarpur,Public Sector Bank,Uttar Pradesh,Baghpat,Baghpat,246725,29.273292,78.2482828,PMEGP; MUDRA,true,Unknown,Unknown,Unknown,Unknown,Unknown,100,+918923393342,https://bankofindia.bank.in
P002394,Canara Bank - Baghpat,Public Sector Bank,Uttar Pradesh,Baghpat,Baghpat,250609,28.976661,77.211931,PMEGP; MUDRA,true,Unknown,Unknown,Unknown,Unknown,Unknown,100,+911212221076,https://canarabank.bank.in
P002395,Bandhan Bank - Bahraich,Private Sector Bank,Uttar Pradesh,Bahraich,Bahraich,271801,27.568357,81.592884,MUDRA,true,Unknown,Unknown,Unknown,Unknown,Unknown,75,+916289519871,https://bandhan.bank.in
P002396,Canara Bank - Bahraich,Public Sector Bank,Uttar Pradesh,Bahraich,Bahraich,271801,27.568357,81.592884,PMEGP; MUDRA,true,Unknown,Unknown,Unknown,Unknown,Unknown,100,+915252236159,https://canarabank.bank.in
P002397,Indian Bank - Bahraich Main,Public Sector Bank,Uttar Pradesh,Bahraich,Bahraich,271801,27.568357,81.592884,PMEGP; MUDRA,true,Unknown,Unknown,Unknown,Unknown,Unknown,100,+917568507016,https://indianbank.bank.in
P002398,Bandhan Bank - Ballia,Private Sector Bank,Uttar Pradesh,Ballia,Ballia,277001,25.7629996,84.1485723,MUDRA,true,Unknown,Unknown,Unknown,Unknown,Unknown,75,+918006712851,https://bandhan.bank.in
P002399,Indian Bank - Raniganj Bazar,Public Sector Bank,Uttar Pradesh,Ballia,Ballia,277208,25.7804056,84.4400778,PMEGP; MUDRA,true,Unknown,Unknown,Unknown,Unknown,Unknown,100,+919129626047,https://indianbank.bank.in
P002400,Indian Overseas Bank - Ballia City,Public Sector Bank,Uttar Pradesh,Ballia,Ballia,277001,25.7629996,84.1485723,PMEGP; MUDRA,true,Unknown,Unknown,Unknown,Unknown,Unknown,100,+917488387978,https://www.iob.in
P002401,ICICI Bank - Balrampur,Private Sector Bank,Uttar Pradesh,Balrampur,Balrampur,271201,27.4309167,82.1806944,MUDRA,true,Unknown,Unknown,Unknown,Unknown,Unknown,75,+919918301955,https://icici.bank.in
P002402,Indian Bank - Balrampur Main,Public Sector Bank,Uttar Pradesh,Balrampur,Balrampur,271201,27.4309167,82.1806944,PMEGP; MUDRA,true,Unknown,Unknown,Unknown,Unknown,Unknown,100,+919554359190,https://indianbank.bank.in
P002403,Punjab & Sind Bank - Balrampur,Public Sector Bank,Uttar Pradesh,Balrampur,Balrampur,271201,27.4309167,82.1806944,PMEGP; MUDRA,true,Unknown,Unknown,Unknown,Unknown,Unknown,100,+919988760903,https://punjabandsind.bank.in
P002404,Bandhan Bank - Banda,Private Sector Bank,Uttar Pradesh,Banda,Banda,210001,25.4771667,80.3368056,MUDRA,true,Unknown,Unknown,Unknown,Unknown,Unknown,75,+918100821001,https://bandhan.bank.in
P002405,IDBI Bank - Banda,Private Sector Bank,Uttar Pradesh,Banda,Banda,210001,25.4771667,80.3368056,MUDRA,true,Unknown,Unknown,Unknown,Unknown,Unknown,75,+919839838797,https://idbi.bank.in
P002406,Indian Bank - Civil Lines Banda,Public Sector Bank,Uttar Pradesh,Banda,Banda,210001,25.4771667,80.3368056,PMEGP; MUDRA,true,Unknown,Unknown,Unknown,Unknown,Unknown,100,+919693056555,https://indianbank.bank.in
P002407,Bandhan Bank - Barabanki,Private Sector Bank,Uttar Pradesh,Barabanki,Barabanki,225001,26.5537573,81.111913,MUDRA,true,Unknown,Unknown,Unknown,Unknown,Unknown,75,+916290919071,https://bandhan.bank.in
P002408,Bank of India - Siddhaur,Public Sector Bank,Uttar Pradesh,Barabanki,Barabanki,225413,26.7670881,81.4164492,PMEGP; MUDRA,true,Unknown,Unknown,Unknown,Unknown,Unknown,100,+919559690071,https://bankofindia.bank.in
P002409,State Bank of India - Sme Barabanki,Public Sector Bank,Uttar Pradesh,Barabanki,Barabanki,225001,26.5537573,81.111913,PMEGP; MUDRA,true,Unknown,Unknown,Unknown,Unknown,Unknown,100,+919670767371,https://sbi.bank.in
P002410,Bandhan Bank - Bareilly,Private Sector Bank,Uttar Pradesh,Bareilly,Bareilly,243001,28.3387778,79.4212778,MUDRA,true,Unknown,Unknown,Unknown,Unknown,Unknown,75,+919720316341,https://bandhan.bank.in
P002411,"Canara Bank - Civil Lines, Bareilly",Public Sector Bank,Uttar Pradesh,Bareilly,Bareilly,243005,28.3447,79.4314,PMEGP; MUDRA,true,Unknown,Unknown,Unknown,Unknown,Unknown,100,+915812554040,https://canarabank.bank.in
P002412,"Canara Bank - Chowki Chaurah,Bareilly",Public Sector Bank,Uttar Pradesh,Bareilly,Bareilly,243005,28.3447,79.4314,PMEGP; MUDRA,true,Unknown,Unknown,Unknown,Unknown,Unknown,100,+915812511221,https://canarabank.bank.in
P002413,DCB Bank - Bareilly,Private Sector Bank,Uttar Pradesh,Bareilly,Bareilly,243001,28.3387778,79.4212778,MUDRA,true,Unknown,Unknown,Unknown,Unknown,Unknown,75,+917081105501,https://dcb.bank.in
P002414,ICICI Bank - Barielly,Private Sector Bank,Uttar Pradesh,Bareilly,Bareilly,243001,28.3387778,79.4212778,MUDRA,true,Unknown,Unknown,Unknown,Unknown,Unknown,75,+919324504044,https://icici.bank.in
P002415,IDBI Bank - Bareilly,Private Sector Bank,Uttar Pradesh,Bareilly,Bareilly,243001,28.3387778,79.4212778,MUDRA,true,Unknown,Unknown,Unknown,Unknown,Unknown,75,+918476005904,https://idbi.bank.in
P002416,Punjab National Bank - Bareilly-Civil Lines,Public Sector Bank,Uttar Pradesh,Bareilly,Bareilly,243001,28.3387778,79.4212778,PMEGP; MUDRA,true,Unknown,Unknown,Unknown,Unknown,Unknown,100,+915812511222,https://pnb.bank.in
P002417,State Bank of India - Sme Bareilly,Public Sector Bank,Uttar Pradesh,Bareilly,Bareilly,243005,28.3447,79.4314,PMEGP; MUDRA,true,Unknown,Unknown,Unknown,Unknown,Unknown,100,+918090023333,https://sbi.bank.in
P002418,State Bank of India - Sme Amroha,Public Sector Bank,Uttar Pradesh,Bareilly,Bareilly,244221,28.9103855,78.4506933,PMEGP; MUDRA,true,Unknown,Unknown,Unknown,Unknown,Unknown,100,+919512296782,https://sbi.bank.in
P002419,UCO Bank - Civil Lines Bareilly,Public Sector Bank,Uttar Pradesh,Bareilly,Bareilly,243001,28.3387778,79.4212778,PMEGP; MUDRA,true,Unknown,Unknown,Unknown,Unknown,Unknown,100,+915812571828,https://uco.bank.in
P002420,Bandhan Bank - Basti,Private Sector Bank,Uttar Pradesh,Basti,Basti,272001,26.7925,82.7297778,MUDRA,true,Unknown,Unknown,Unknown,Unknown,Unknown,75,+916289519851,https://bandhan.bank.in
P002421,Canara Bank - Rah Basti,Public Sector Bank,Uttar Pradesh,Basti,Basti,227001,,,PMEGP; MUDRA,true,Unknown,Unknown,Unknown,Unknown,Unknown,100,+917906266226,https://canarabank.bank.in
P002422,State Bank of India - Sme Branch Basti,Public Sector Bank,Uttar Pradesh,Basti,Basti,272001,26.7925,82.7297778,PMEGP; MUDRA,true,Unknown,Unknown,Unknown,Unknown,Unknown,100,+919554959917,https://sbi.bank.in
P002423,Canara Bank - Bhadohi Ii,Public Sector Bank,Uttar Pradesh,Bhadohi,Bhadohi,221401,25.39575,82.5650833,PMEGP; MUDRA,true,Unknown,Unknown,Unknown,Unknown,Unknown,90,Unknown,https://canarabank.bank.in
P002424,Yes Bank - Bhadohi,Private Sector Bank,Uttar Pradesh,Bhadohi,Bhadohi,221401,25.39575,82.5650833,MUDRA,true,Unknown,Unknown,Unknown,Unknown,Unknown,65,Unknown,https://yes.bank.in
P002425,Bandhan Bank - Bijnor,Private Sector Bank,Uttar Pradesh,Bijnor,Bijnor,246701,29.3732773,78.1355358,MUDRA,true,Unknown,Unknown,Unknown,Unknown,Unknown,75,+917251811121,https://bandhan.bank.in
P002426,"Canara Bank - Ramadevi Bazar, Bijnor",Public Sector Bank,Uttar Pradesh,Bijnor,Bijnor,246701,29.3732773,78.1355358,PMEGP; MUDRA,true,Unknown,Unknown,Unknown,Unknown,Unknown,100,+911342261749,https://canarabank.bank.in
P002427,State Bank of India - Sme Bijnor,Public Sector Bank,Uttar Pradesh,Bijnor,Bijnor,246701,29.3732773,78.1355358,PMEGP; MUDRA,true,Unknown,Unknown,Unknown,Unknown,Unknown,100,+918884420131,https://sbi.bank.in
P002428,Bandhan Bank - Budaun,Private Sector Bank,Uttar Pradesh,Budaun,Budaun,243601,28.0231,79.1287,MUDRA,true,Unknown,Unknown,Unknown,Unknown,Unknown,75,+918100720991,https://bandhan.bank.in
P002429,ICICI Bank - Gangola,Private Sector Bank,Uttar Pradesh,Budaun,Budaun,243635,28.057147,79.3742398,MUDRA,true,Unknown,Unknown,Unknown,Unknown,Unknown,75,+917704902430,https://icici.bank.in
P002430,State Bank of India - Sme Budaun,Public Sector Bank,Uttar Pradesh,Budaun,Budaun,243201,29.0306918,79.215346,PMEGP; MUDRA,true,Unknown,Unknown,Unknown,Unknown,Unknown,100,+918881117174,https://sbi.bank.in
P002431,"Canara Bank - Waira,Ferozepur",Public Sector Bank,Uttar Pradesh,Bulandshahr,Bulandshahr,245412,,,PMEGP; MUDRA,true,Unknown,Unknown,Unknown,Unknown,Unknown,100,+915736271233,https://canarabank.bank.in
P002432,DCB Bank - Bulandshahr,Private Sector Bank,Uttar Pradesh,Bulandshahr,Bulandshahr,203001,28.4039061,77.8565917,MUDRA,true,Unknown,Unknown,Unknown,Unknown,Unknown,75,+919999137957,https://dcb.bank.in
P002433,ICICI Bank - Bulandhshahar,Private Sector Bank,Uttar Pradesh,Bulandshahr,Bulandshahr,203001,28.4039061,77.8565917,MUDRA,true,Unknown,Unknown,Unknown,Unknown,Unknown,75,+919719101398,https://icici.bank.in
P002434,Bank of India - Pandeypur,Public Sector Bank,Uttar Pradesh,Chandauli,Chandauli,232101,25.288477,83.1182644,PMEGP; MUDRA,true,Unknown,Unknown,Unknown,Unknown,Unknown,100,+918090435174,https://bankofindia.bank.in
P002435,Canara Bank - Chandauli,Public Sector Bank,Uttar Pradesh,Chandauli,Chandauli,232104,25.26047,83.26454,PMEGP; MUDRA,true,Unknown,Unknown,Unknown,Unknown,Unknown,100,+918115764008,https://canarabank.bank.in
P002436,Indian Bank - G T Road Chandauli,Public Sector Bank,Uttar Pradesh,Chandauli,Chandauli,232104,25.26047,83.26454,PMEGP; MUDRA,true,Unknown,Unknown,Unknown,Unknown,Unknown,100,+915412260170,https://indianbank.bank.in
P002437,Bandhan Bank - Chitrakoot,Private Sector Bank,Uttar Pradesh,Chitrakoot,Chitrakoot,210205,25.241856,81.0223394,MUDRA,true,Unknown,Unknown,Unknown,Unknown,Unknown,75,+919831025691,https://bandhan.bank.in
P002438,Axis Bank - Gauri Bazar,Private Sector Bank,Uttar Pradesh,Deoria,Deoria,274202,27.386,83.284,MUDRA,true,Unknown,Unknown,Unknown,Unknown,Unknown,75,+918874208331,https://axis.bank.in
P002439,Bank of India - Deoria Bazaar,Public Sector Bank,Uttar Pradesh,Deoria,Deoria,274001,26.4827222,83.77975,PMEGP; MUDRA,true,Unknown,Unknown,Unknown,Unknown,Unknown,100,+918756705276,https://bankofindia.bank.in
P002440,State Bank of India - Sme Deoria Branch,Public Sector Bank,Uttar Pradesh,Deoria,Deoria,274001,26.4827222,83.77975,PMEGP; MUDRA,true,Unknown,Unknown,Unknown,Unknown,Unknown,100,+919415626816,https://sbi.bank.in
P002441,Bandhan Bank - Kutchery Road Branchetah,Private Sector Bank,Uttar Pradesh,Etah,Etah,207001,27.55841,78.656248,MUDRA,true,Unknown,Unknown,Unknown,Unknown,Unknown,75,+916292023731,https://bandhan.bank.in
P002442,Canara Bank - Msme Sulabh Etah,Public Sector Bank,Uttar Pradesh,Etah,Etah,207001,27.55841,78.656248,PMEGP; MUDRA,true,Unknown,Unknown,Unknown,Unknown,Unknown,100,+918266881335,https://canarabank.bank.in
P002443,ICICI Bank - Etah,Private Sector Bank,Uttar Pradesh,Etah,Etah,207001,27.55841,78.656248,MUDRA,true,Unknown,Unknown,Unknown,Unknown,Unknown,75,+919045856961,https://icici.bank.in
P002444,Canara Bank - Etawah,Public Sector Bank,Uttar Pradesh,Etawah,Etawah,206001,26.7843553,79.0198517,PMEGP; MUDRA,true,Unknown,Unknown,Unknown,Unknown,Unknown,100,+915688253869,https://canarabank.bank.in
P002445,Indian Bank - Etawah Main,Public Sector Bank,Uttar Pradesh,Etawah,Etawah,206001,26.7843553,79.0198517,PMEGP; MUDRA,true,Unknown,Unknown,Unknown,Unknown,Unknown,100,+915688252516,https://indianbank.bank.in
P002446,State Bank of India - Pb Branch Civil Lines Etawah,Public Sector Bank,Uttar Pradesh,Etawah,Etawah,206001,26.7843553,79.0198517,PMEGP; MUDRA,true,Unknown,Unknown,Unknown,Unknown,Unknown,100,+919897968090,https://sbi.bank.in
P002447,Bandhan Bank - Faizabad,Private Sector Bank,Uttar Pradesh,Faizabad,Faizabad,224001,26.7786111,82.1345556,MUDRA,true,Unknown,Unknown,Unknown,Unknown,Unknown,75,+919674618891,https://bandhan.bank.in
P002448,ICICI Bank - Faizabadcivil Lines Uttar Pradesh,Private Sector Bank,Uttar Pradesh,Faizabad,Faizabad,224001,26.7786111,82.1345556,MUDRA,true,Unknown,Unknown,Unknown,Unknown,Unknown,75,+917302720410,https://icici.bank.in
P002449,State Bank of India - Sme Faizabad,Public Sector Bank,Uttar Pradesh,Faizabad,Faizabad,224001,26.7786111,82.1345556,PMEGP; MUDRA,true,Unknown,Unknown,Unknown,Unknown,Unknown,100,+919670767371,https://sbi.bank.in
P002450,Bandhan Bank - Railway Road Branch Farrukhabad,Private Sector Bank,Uttar Pradesh,Farrukhabad,Farrukhabad,209625,27.3867778,79.5887778,MUDRA,true,Unknown,Unknown,Unknown,Unknown,Unknown,75,+918961526111,https://bandhan.bank.in
P002451,Bank of India - Ajmatpur,Public Sector Bank,Uttar Pradesh,Farrukhabad,Farrukhabad,209625,27.3867778,79.5887778,PMEGP; MUDRA,true,Unknown,Unknown,Unknown,Unknown,Unknown,100,+919638576539,https://bankofindia.bank.in
P002452,State Bank of India - Sme Farrukhabad,Public Sector Bank,Uttar Pradesh,Farrukhabad,Farrukhabad,209625,27.3867778,79.5887778,PMEGP; MUDRA,true,Unknown,Unknown,Unknown,Unknown,Unknown,100,+919565097809,https://sbi.bank.in
P002453,Canara Bank - Trilokpur,Public Sector Bank,Uttar Pradesh,Fatehpur,Fatehpur,225208,26.93251,81.3977,PMEGP; MUDRA,true,Unknown,Unknown,Unknown,Unknown,Unknown,100,+915240236350,https://canarabank.bank.in
P002454,Indian Bank - Fatehpur Main,Public Sector Bank,Uttar Pradesh,Fatehpur,Fatehpur,212601,25.9173056,80.7980833,PMEGP; MUDRA,true,Unknown,Unknown,Unknown,Unknown,Unknown,100,+919794232608,https://indianbank.bank.in
P002455,State Bank of India - Agm Sme Ao Kanpur,Public Sector Bank,Uttar Pradesh,Fatehpur,Fatehpur,212601,25.9173056,80.7980833,PMEGP; MUDRA,true,Unknown,Unknown,Unknown,Unknown,Unknown,100,+919651950628,https://sbi.bank.in
P002456,"Canara Bank - Dakiyan Street,Main,Firozabad",Public Sector Bank,Uttar Pradesh,Firozabad,Firozabad,283203,27.1541313,78.3794857,PMEGP; MUDRA,true,Unknown,Unknown,Unknown,Unknown,Unknown,100,+915612244245,https://canarabank.bank.in
P002457,Indian Bank - Firozabad Main,Public Sector Bank,Uttar Pradesh,Firozabad,Firozabad,283203,27.1541313,78.3794857,PMEGP; MUDRA,true,Unknown,Unknown,Unknown,Unknown,Unknown,100,+915612241018,https://indianbank.bank.in
P002458,Punjab National Bank - Firozabad Ssi,Public Sector Bank,Uttar Pradesh,Firozabad,Firozabad,283203,27.1541313,78.3794857,PMEGP; MUDRA,true,Unknown,Unknown,Unknown,Unknown,Unknown,100,+915612246546,https://pnb.bank.in
P002459,"Bandhan Bank - Sector 15A Branch, Noida",Private Sector Bank,Uttar Pradesh,Gautam Buddha Nagar,Gautam Buddha Nagar,201301,24.547967,77.9098157,MUDRA,true,Unknown,Unknown,Unknown,Unknown,Unknown,75,+918756618225,https://bandhan.bank.in
P002460,Bank of Maharashtra - Noida Sector Sixteen B,Public Sector Bank,Uttar Pradesh,Gautam Buddha Nagar,Gautam Buddha Nagar,201009,28.6445721,77.4436668,PMEGP; MUDRA,true,Unknown,Unknown,Unknown,Unknown,Unknown,100,+919355887166,https://bankofmaharashtra.bank.in
P002461,Indian Bank - Greater Noida,Public Sector Bank,Uttar Pradesh,Gautam Buddha Nagar,Gautam Buddha Nagar,201308,,,PMEGP; MUDRA,true,Unknown,Unknown,Unknown,Unknown,Unknown,100,+911202322628,https://indianbank.bank.in
P002462,Bandhan Bank - Ghaziabad,Private Sector Bank,Uttar Pradesh,Ghaziabad,Ghaziabad,201014,28.6391053,77.371468,MUDRA,true,Unknown,Unknown,Unknown,Unknown,Unknown,75,+919654018161,https://bandhan.bank.in
P002463,Canara Bank - Navayug Market Main Ghaziabad,Public Sector Bank,Uttar Pradesh,Ghaziabad,Ghaziabad,201001,28.668313,77.4298307,PMEGP; MUDRA,true,Unknown,Unknown,Unknown,Unknown,Unknown,100,+911202793451,https://canarabank.bank.in
P002464,Canara Bank - Ssi Ghaziabad,Public Sector Bank,Uttar Pradesh,Ghaziabad,Ghaziabad,201001,28.668313,77.4298307,PMEGP; MUDRA,true,Unknown,Unknown,Unknown,Unknown,Unknown,100,+911202702186,https://canarabank.bank.in
P002465,DCB Bank - Ghaziabad,Private Sector Bank,Uttar Pradesh,Ghaziabad,Ghaziabad,201001,28.668313,77.4298307,MUDRA,true,Unknown,Unknown,Unknown,Unknown,Unknown,75,+919213023475,https://dcb.bank.in
P002466,DCB Bank - Vaishali,Private Sector Bank,Uttar Pradesh,Ghaziabad,Ghaziabad,201010,28.6548385,77.3637897,MUDRA,true,Unknown,Unknown,Unknown,Unknown,Unknown,75,+918928610121,https://dcb.bank.in
P002467,HDFC Bank - Partap Vihar,Private Sector Bank,Uttar Pradesh,Ghaziabad,Ghaziabad,201009,28.6640119,77.4251688,MUDRA,true,Unknown,Unknown,Unknown,Unknown,Unknown,75,+9112061606161,https://hdfc.bank.in
P002468,ICICI Bank - Ghaziabadindirapuram,Private Sector Bank,Uttar Pradesh,Ghaziabad,Ghaziabad,201012,28.6532778,77.3566944,MUDRA,true,Unknown,Unknown,Unknown,Unknown,Unknown,75,+918527095575,https://icici.bank.in
P002469,IDBI Bank - G T Road Ghaziabad Ii,Private Sector Bank,Uttar Pradesh,Ghaziabad,Ghaziabad,201001,28.668313,77.4298307,MUDRA,true,Unknown,Unknown,Unknown,Unknown,Unknown,75,+919990360433,https://idbi.bank.in
P002470,IDFC FIRST Bank - Crossing Republic - Ghaziabad Branch,Private Sector Bank,Uttar Pradesh,Ghaziabad,Ghaziabad,201016,28.62565,77.43508,MUDRA,true,Unknown,Unknown,Unknown,Unknown,Unknown,75,+919136158189,https://idfcfirst.bank.in
P002471,Indian Bank - Ghaziabad Delhi Gate,Public Sector Bank,Uttar Pradesh,Ghaziabad,Ghaziabad,201001,28.668313,77.4298307,PMEGP; MUDRA,true,Unknown,Unknown,Unknown,Unknown,Unknown,100,+911202820233,https://indianbank.bank.in
P002472,Bandhan Bank - Ghazipur,Private Sector Bank,Uttar Pradesh,Ghazipur,Ghazipur,233001,25.5765,83.5731944,MUDRA,true,Unknown,Unknown,Unknown,Unknown,Unknown,75,+919627912881,https://bandhan.bank.in
P002473,Bank of India - Daudpur,Public Sector Bank,Uttar Pradesh,Ghazipur,Ghazipur,233227,25.6306111,83.7576111,PMEGP; MUDRA,true,Unknown,Unknown,Unknown,Unknown,Unknown,100,+919638576498,https://bankofindia.bank.in
P002474,Canara Bank - Ghazipur Dt H.Q.,Public Sector Bank,Uttar Pradesh,Ghazipur,Ghazipur,233001,25.5765,83.5731944,PMEGP; MUDRA,true,Unknown,Unknown,Unknown,Unknown,Unknown,100,+915482226571,https://canarabank.bank.in
P002475,Bandhan Bank - Gonda,Private Sector Bank,Uttar Pradesh,Gonda,Gonda,271001,27.1289167,81.9433056,MUDRA,true,Unknown,Unknown,Unknown,Unknown,Unknown,75,+919831521021,https://bandhan.bank.in
P002476,Indian Bank - Collectorate Gonda,Public Sector Bank,Uttar Pradesh,Gonda,Gonda,271001,27.1289167,81.9433056,PMEGP; MUDRA,true,Unknown,Unknown,Unknown,Unknown,Unknown,100,+919580426888,https://indianbank.bank.in
P002477,State Bank of India - Sme Branch Gonda,Public Sector Bank,Uttar Pradesh,Gonda,Gonda,271001,27.1289167,81.9433056,PMEGP; MUDRA,true,Unknown,Unknown,Unknown,Unknown,Unknown,100,+918005488780,https://sbi.bank.in
P002478,Axis Bank - Padri Bazar,Private Sector Bank,Uttar Pradesh,Gorakhpur,Gorakhpur,273014,26.8202031,83.3851814,MUDRA,true,Unknown,Unknown,Unknown,Unknown,Unknown,75,+918874207441,https://axis.bank.in
P002479,"Bandhan Bank - Taramandal Branch, Gorakhpur",Private Sector Bank,Uttar Pradesh,Gorakhpur,Gorakhpur,273017,26.7276944,83.3853889,MUDRA,true,Unknown,Unknown,Unknown,Unknown,Unknown,75,+919874723821,https://bandhan.bank.in
P002480,Bank of India - Betia Hata,Public Sector Bank,Uttar Pradesh,Gorakhpur,Gorakhpur,273001,26.7540833,83.3724167,PMEGP; MUDRA,true,Unknown,Unknown,Unknown,Unknown,Unknown,100,+919993146078,https://bankofindia.bank.in
P002481,ICICI Bank - Gorakhpur Maya Bazar Uttar Pradesh,Private Sector Bank,Uttar Pradesh,Gorakhpur,Gorakhpur,273005,26.7444452,83.3609934,MUDRA,true,Unknown,Unknown,Unknown,Unknown,Unknown,75,+919336287755,https://icici.bank.in
P002482,Indian Overseas Bank - Stjoseph School Civil Lines,Public Sector Bank,Uttar Pradesh,Gorakhpur,Gorakhpur,273009,26.7513889,83.3815833,PMEGP; MUDRA,true,Unknown,Unknown,Unknown,Unknown,Unknown,100,+915512334890,https://www.iob.in
P002483,Punjab National Bank - Padri Bazar,Public Sector Bank,Uttar Pradesh,Gorakhpur,Gorakhpur,273014,26.8202031,83.3851814,PMEGP; MUDRA,true,Unknown,Unknown,Unknown,Unknown,Unknown,100,+917054205136,https://pnb.bank.in
P002484,State Bank of India - Kusumi Bazar,Public Sector Bank,Uttar Pradesh,Gorakhpur,Gorakhpur,273002,26.8664784,83.5568232,PMEGP; MUDRA,true,Unknown,Unknown,Unknown,Unknown,Unknown,100,+919450437491,https://sbi.bank.in
P002485,State Bank of India - Specialised Commercial Br Gorakhpur,Public Sector Bank,Uttar Pradesh,Gorakhpur,Gorakhpur,273013,26.8549358,84.3511393,PMEGP; MUDRA,true,Unknown,Unknown,Unknown,Unknown,Unknown,100,+918005334378,https://sbi.bank.in
P002486,UCO Bank - Gorakhpur Main,Public Sector Bank,Uttar Pradesh,Gorakhpur,Gorakhpur,273001,26.7540833,83.3724167,PMEGP; MUDRA,true,Unknown,Unknown,Unknown,Unknown,Unknown,100,+915512335226,https://uco.bank.in
P002487,Union Bank of India - Gola Bazar,Public Sector Bank,Uttar Pradesh,Gorakhpur,Gorakhpur,273408,26.7276944,83.3853889,PMEGP; MUDRA,true,Unknown,Unknown,Unknown,Unknown,Unknown,100,+915525231009,https://unionbankofindia.bank.in
P002488,Axis Bank - Chi V Greater Noida,Private Sector Bank,Uttar Pradesh,Greater Noida,Greater Noida,201310,25.46158,74.85687,MUDRA,true,Unknown,Unknown,Unknown,Unknown,Unknown,75,+919582534513,https://axis.bank.in
P002489,State Bank of India - Sector-Noida,Public Sector Bank,Uttar Pradesh,Greater Noida,Greater Noida,201306,28.530827,77.459925,PMEGP; MUDRA,true,Unknown,Unknown,Unknown,Unknown,Unknown,100,+917065581977,https://sbi.bank.in
P002490,ICICI Bank - Kundaura Bc Outlet,Private Sector Bank,Uttar Pradesh,Hamirpur,Hamirpur,210502,25.8877234,80.1673726,MUDRA,true,Unknown,Unknown,Unknown,Unknown,Unknown,75,+917897420247,https://icici.bank.in
P002491,IDBI Bank - Hamirpur,Private Sector Bank,Uttar Pradesh,Hamirpur,Hamirpur,210301,25.956931,80.150983,MUDRA,true,Unknown,Unknown,Unknown,Unknown,Unknown,75,+919450446399,https://idbi.bank.in
P002492,"State Bank of India - Subhash Bazar, Hamirpur",Public Sector Bank,Uttar Pradesh,Hamirpur,Hamirpur,210301,25.956931,80.150983,PMEGP; MUDRA,true,Unknown,Unknown,Unknown,Unknown,Unknown,100,+919651950693,https://sbi.bank.in
P002493,Canara Bank - Msme Sulabh Hapur,Public Sector Bank,Uttar Pradesh,Hapur,Hapur,245101,28.729548,77.776084,PMEGP; MUDRA,true,Unknown,Unknown,Unknown,Unknown,Unknown,100,+919431206970,https://canarabank.bank.in
P002494,ICICI Bank - Hapur,Private Sector Bank,Uttar Pradesh,Hapur,Hapur,245101,28.729548,77.776084,MUDRA,true,Unknown,Unknown,Unknown,Unknown,Unknown,75,+919557000243,https://icici.bank.in
P002495,Indian Bank - Bharangpur,Public Sector Bank,Uttar Pradesh,Hapur,Hapur,245201,28.7445195,77.8696877,PMEGP; MUDRA,true,Unknown,Unknown,Unknown,Unknown,Unknown,100,+919457139674,https://indianbank.bank.in
P002496,Axis Bank - Civil Lines Hardoi,Private Sector Bank,Uttar Pradesh,Hardoi,Hardoi,241001,27.3986944,80.1285,MUDRA,true,Unknown,Unknown,Unknown,Unknown,Unknown,75,+919811177106,https://axis.bank.in
P002497,Bandhan Bank - Sadar Bazar Branch Hardoi,Private Sector Bank,Uttar Pradesh,Hardoi,Hardoi,241001,27.3986944,80.1285,MUDRA,true,Unknown,Unknown,Unknown,Unknown,Unknown,75,+919532494911,https://bandhan.bank.in
P002498,State Bank of India - Sme Hardoi,Public Sector Bank,Uttar Pradesh,Hardoi,Hardoi,241001,27.3986944,80.1285,PMEGP; MUDRA,true,Unknown,Unknown,Unknown,Unknown,Unknown,100,+917754927774,https://sbi.bank.in
P002499,"Canara Bank - S G Police Chowk,Main,Hathras",Public Sector Bank,Uttar Pradesh,Hathras,Hathras,204101,27.6056212,78.0537813,PMEGP; MUDRA,true,Unknown,Unknown,Unknown,Unknown,Unknown,100,+915722233553,https://canarabank.bank.in
P002500,Indian Bank - Hathras Main,Public Sector Bank,Uttar Pradesh,Hathras,Hathras,204101,27.6056212,78.0537813,PMEGP; MUDRA,true,Unknown,Unknown,Unknown,Unknown,Unknown,100,+915722230725,https://indianbank.bank.in
P002501,State Bank of India - Sme Hathras,Public Sector Bank,Uttar Pradesh,Hathras,Hathras,204101,27.6056212,78.0537813,PMEGP; MUDRA,true,Unknown,Unknown,Unknown,Unknown,Unknown,100,+918810290970,https://sbi.bank.in
P002502,Axis Bank - Jalaun,Private Sector Bank,Uttar Pradesh,Jalaun,Jalaun,285123,26.137734,79.3347924,MUDRA,true,Unknown,Unknown,Unknown,Unknown,Unknown,75,+919839150777,https://axis.bank.in
P002503,Indian Bank - Ait,Public Sector Bank,Uttar Pradesh,Jalaun,Jalaun,285201,25.910796,79.200726,PMEGP; MUDRA,true,Unknown,Unknown,Unknown,Unknown,Unknown,100,+915162233644,https://indianbank.bank.in
P002504,Punjab National Bank - Jalaun,Public Sector Bank,Uttar Pradesh,Jalaun,Jalaun,285123,26.137734,79.3347924,PMEGP; MUDRA,true,Unknown,Unknown,Unknown,Unknown,Unknown,100,+915102322205,https://pnb.bank.in
P002505,Bandhan Bank - Jaunpur,Private Sector Bank,Uttar Pradesh,Jaunpur,Jaunpur,222002,25.5881667,82.7632222,MUDRA,true,Unknown,Unknown,Unknown,Unknown,Unknown,75,+918392918451,https://bandhan.bank.in
P002506,Indian Bank - Civil Lines Jaunpur,Public Sector Bank,Uttar Pradesh,Jaunpur,Jaunpur,222002,25.5881667,82.7632222,PMEGP; MUDRA,true,Unknown,Unknown,Unknown,Unknown,Unknown,100,+915452220075,https://indianbank.bank.in
P002507,State Bank of India - Sme Jaunpur,Public Sector Bank,Uttar Pradesh,Jaunpur,Jaunpur,222002,25.5881667,82.7632222,PMEGP; MUDRA,true,Unknown,Unknown,Unknown,Unknown,Unknown,100,+917042533110,https://sbi.bank.in
P002508,Indian Bank - Jhansi Civil Lines,Public Sector Bank,Uttar Pradesh,Jhansi,Jhansi,284001,25.4401307,78.5772174,PMEGP; MUDRA,true,Unknown,Unknown,Unknown,Unknown,Unknown,100,+917800846714,https://indianbank.bank.in
P002509,State Bank of India - Sme Branch Jhansi,Public Sector Bank,Uttar Pradesh,Jhansi,Jhansi,284003,25.4436944,78.5545833,PMEGP; MUDRA,true,Unknown,Unknown,Unknown,Unknown,Unknown,100,+918765977812,https://sbi.bank.in
P002510,UCO Bank - Bada Bazar Jhansi,Public Sector Bank,Uttar Pradesh,Jhansi,Jhansi,284002,25.4608056,78.5790556,PMEGP; MUDRA,true,Unknown,Unknown,Unknown,Unknown,Unknown,100,+9151742351031,https://uco.bank.in
P002511,Bandhan Bank - Kannauj,Private Sector Bank,Uttar Pradesh,Kannauj,Kannauj,209726,,,MUDRA,true,Unknown,Unknown,Unknown,Unknown,Unknown,75,+916289519861,https://bandhan.bank.in
P002512,Bank of Maharashtra - Kannauj,Public Sector Bank,Uttar Pradesh,Kannauj,Kannauj,209725,27.0551667,79.9180556,PMEGP; MUDRA,true,Unknown,Unknown,Unknown,Unknown,Unknown,100,+915222739259,https://bankofmaharashtra.bank.in
P002513,State Bank of India - Cac Kannauj,Public Sector Bank,Uttar Pradesh,Kannauj,Kannauj,209727,27.0639546,79.8566356,PMEGP; MUDRA,true,Unknown,Unknown,Unknown,Unknown,Unknown,100,+919454044591,https://sbi.bank.in
P002514,Bank of India - Kanpur Ssi,Public Sector Bank,Uttar Pradesh,Kanpur,Kanpur,208025,26.477,80.2916805,PMEGP; MUDRA,true,Unknown,Unknown,Unknown,Unknown,Unknown,100,+915122503660,https://bankofindia.bank.in
P002515,Indian Bank - Mall Road Formerly Ind Msme Kanpur,Public Sector Bank,Uttar Pradesh,Kanpur,Kanpur,208001,26.4735556,80.3506944,PMEGP; MUDRA,true,Unknown,Unknown,Unknown,Unknown,Unknown,100,+915122305189,https://indianbank.bank.in
P002516,State Bank of India - Regional Business Office-Vii,Public Sector Bank,Uttar Pradesh,Kanpur,Kanpur,208001,26.4735556,80.3506944,PMEGP; MUDRA,true,Unknown,Unknown,Unknown,Unknown,Unknown,100,+918429023707,https://sbi.bank.in
P002517,Bank of India - Rania,Public Sector Bank,Uttar Pradesh,Kanpur Dehat,Kanpur Dehat,209304,26.4261927,80.1687127,PMEGP; MUDRA,true,Unknown,Unknown,Unknown,Unknown,Unknown,100,+919335118534,https://bankofindia.bank.in
P002518,Bank of Maharashtra - Akbarpur,Public Sector Bank,Uttar Pradesh,Kanpur Dehat,Kanpur Dehat,209101,26.4389798,79.975722,PMEGP; MUDRA,true,Unknown,Unknown,Unknown,Unknown,Unknown,100,+918850274754,https://bankofmaharashtra.bank.in
P002519,State Bank of India - Kahinjari Kanpur Dehat,Public Sector Bank,Uttar Pradesh,Kanpur Dehat,Kanpur Dehat,209204,26.652938,80.0030802,PMEGP; MUDRA,true,Unknown,Unknown,Unknown,Unknown,Unknown,100,+919450352711,https://sbi.bank.in
P002520,Indian Bank - Kanpur Gumati No Five,Public Sector Bank,Uttar Pradesh,Kanpur Nagar,Kanpur Nagar,208012,26.4735556,80.3506944,PMEGP; MUDRA,true,Unknown,Unknown,Unknown,Unknown,Unknown,100,+918085909200,https://indianbank.bank.in
P002521,State Bank of India - Araul Kanpur Nagar,Public Sector Bank,Uttar Pradesh,Kanpur Nagar,Kanpur Nagar,209202,26.9272778,79.992658,PMEGP; MUDRA,true,Unknown,Unknown,Unknown,Unknown,Unknown,100,+919451283603,https://sbi.bank.in
P002522,Bank of Maharashtra - Manjhanpur,Public Sector Bank,Uttar Pradesh,Kaushambi,Kaushambi,212207,25.348132,81.724498,PMEGP; MUDRA,true,Unknown,Unknown,Unknown,Unknown,Unknown,100,+917565802503,https://bankofmaharashtra.bank.in
P002523,State Bank of India - Cac Manjhanpur,Public Sector Bank,Uttar Pradesh,Kaushambi,Kaushambi,212207,25.348132,81.724498,PMEGP; MUDRA,true,Unknown,Unknown,Unknown,Unknown,Unknown,100,+919336957244,https://sbi.bank.in
P002524,Union Bank of India - Bharwari,Public Sector Bank,Uttar Pradesh,Kaushambi,Kaushambi,212201,25.5598,81.48556,PMEGP; MUDRA,true,Unknown,Unknown,Unknown,Unknown,Unknown,100,+919918701595,https://unionbankofindia.bank.in
P002525,IDBI Bank - Lalitpur,Private Sector Bank,Uttar Pradesh,Lalitpur,Lalitpur,284403,24.6879,78.412,MUDRA,true,Unknown,Unknown,Unknown,Unknown,Unknown,75,+918090920840,https://idbi.bank.in
P002526,Punjab & Sind Bank - Lalitpur,Public Sector Bank,Uttar Pradesh,Lalitpur,Lalitpur,284403,24.6879,78.412,PMEGP; MUDRA,true,Unknown,Unknown,Unknown,Unknown,Unknown,100,+919936935450,https://punjabandsind.bank.in
P002527,UCO Bank - Lalitpur,Public Sector Bank,Uttar Pradesh,Lalitpur,Lalitpur,284403,24.6879,78.412,PMEGP; MUDRA,true,Unknown,Unknown,Unknown,Unknown,Unknown,100,+91512272121,https://uco.bank.in
P002528,Bandhan Bank - Iim Road Branch Lucknow,Private Sector Bank,Uttar Pradesh,Lucknow,Lucknow,226020,26.8950167,80.9478276,MUDRA,true,Unknown,Unknown,Unknown,Unknown,Unknown,75,+919230524631,https://bandhan.bank.in
P002529,Bandhan Bank - Chowk Branch Lucknow,Private Sector Bank,Uttar Pradesh,Lucknow,Lucknow,226003,26.868479,80.907941,MUDRA,true,Unknown,Unknown,Unknown,Unknown,Unknown,75,+919903524821,https://bandhan.bank.in
P002530,Bandhan Bank - Sushant Golf City Branch Lucknow,Private Sector Bank,Uttar Pradesh,Lucknow,Lucknow,226030,26.794722,81.007825,MUDRA,true,Unknown,Unknown,Unknown,Unknown,Unknown,75,+9152240456456,https://bandhan.bank.in
P002531,Bank of India - Khurdahi Bazar,Public Sector Bank,Uttar Pradesh,Lucknow,Lucknow,226002,26.869293,81.004108,PMEGP; MUDRA,true,Unknown,Unknown,Unknown,Unknown,Unknown,100,+918957897807,https://bankofindia.bank.in
P002532,Bank of India - Sushant Golf City,Public Sector Bank,Uttar Pradesh,Lucknow,Lucknow,226030,26.794722,81.007825,PMEGP; MUDRA,true,Unknown,Unknown,Unknown,Unknown,Unknown,100,+919454288215,https://bankofindia.bank.in
P002533,"Canara Bank - Alambagh, Lucknow",Public Sector Bank,Uttar Pradesh,Lucknow,Lucknow,226005,26.814383,80.912605,PMEGP; MUDRA,true,Unknown,Unknown,Unknown,Unknown,Unknown,100,+915222456129,https://canarabank.bank.in
P002534,"Canara Bank - Sapru Marg,Lucknow",Public Sector Bank,Uttar Pradesh,Lucknow,Lucknow,226001,26.846694,80.946166,PMEGP; MUDRA,true,Unknown,Unknown,Unknown,Unknown,Unknown,100,+915222623299,https://canarabank.bank.in
P002535,Canara Bank - Msme Sulabh Lucknow I,Public Sector Bank,Uttar Pradesh,Lucknow,Lucknow,226022,26.897799,80.970585,PMEGP; MUDRA,true,Unknown,Unknown,Unknown,Unknown,Unknown,100,+915222307893,https://canarabank.bank.in
P002536,DCB Bank - Lucknow,Private Sector Bank,Uttar Pradesh,Lucknow,Lucknow,226010,26.867149,81.003078,MUDRA,true,Unknown,Unknown,Unknown,Unknown,Unknown,75,+915226050163,https://dcb.bank.in
P002537,DCB Bank - Aashiana Lucknow,Private Sector Bank,Uttar Pradesh,Lucknow,Lucknow,226012,26.823256,80.9181385,MUDRA,true,Unknown,Unknown,Unknown,Unknown,Unknown,75,+917985602338,https://dcb.bank.in
P002538,HDFC Bank - Nirala Nagar,Private Sector Bank,Uttar Pradesh,Lucknow,Lucknow,226020,26.8950167,80.9478276,MUDRA,true,Unknown,Unknown,Unknown,Unknown,Unknown,75,+9152261606161,https://hdfc.bank.in
P002539,HDFC Bank - Balaganj,Private Sector Bank,Uttar Pradesh,Lucknow,Lucknow,226020,26.8950167,80.9478276,MUDRA,true,Unknown,Unknown,Unknown,Unknown,Unknown,75,+9152261606161,https://hdfc.bank.in
P002540,"ICICI Bank - Sadar Bazarlucknow Cantt, Uttar Pradesh",Private Sector Bank,Uttar Pradesh,Lucknow,Lucknow,226002,26.869293,81.004108,MUDRA,true,Unknown,Unknown,Unknown,Unknown,Unknown,75,+917752974627,https://icici.bank.in
P002541,ICICI Bank - Sushant Golf City Sol Id,Private Sector Bank,Uttar Pradesh,Lucknow,Lucknow,226030,26.794722,81.007825,MUDRA,true,Unknown,Unknown,Unknown,Unknown,Unknown,75,+918756402170,https://icici.bank.in
P002542,IDBI Bank - Alambagh Lucknow,Private Sector Bank,Uttar Pradesh,Lucknow,Lucknow,226005,26.814383,80.912605,MUDRA,true,Unknown,Unknown,Unknown,Unknown,Unknown,75,+917840010538,https://idbi.bank.in
P002543,IDBI Bank - Gomti Nagar Lucknow,Private Sector Bank,Uttar Pradesh,Lucknow,Lucknow,226010,26.867149,81.003078,MUDRA,true,Unknown,Unknown,Unknown,Unknown,Unknown,75,+918233555550,https://idbi.bank.in
P002544,IDFC FIRST Bank - Lucknow Branch,Private Sector Bank,Uttar Pradesh,Lucknow,Lucknow,226001,26.846694,80.946166,MUDRA,true,Unknown,Unknown,Unknown,Unknown,Unknown,75,+918595357606,https://idfcfirst.bank.in
P002545,Indian Bank - Arjun Ganj,Public Sector Bank,Uttar Pradesh,Lucknow,Lucknow,226002,26.869293,81.004108,PMEGP; MUDRA,true,Unknown,Unknown,Unknown,Unknown,Unknown,100,+918005405987,https://indianbank.bank.in
P002546,Indian Bank - Lucknow Aish Bagh,Public Sector Bank,Uttar Pradesh,Lucknow,Lucknow,226004,26.8660278,80.9513889,PMEGP; MUDRA,true,Unknown,Unknown,Unknown,Unknown,Unknown,100,+919044846566,https://indianbank.bank.in
P002547,State Bank of India - Sme Transport Nagar,Public Sector Bank,Uttar Pradesh,Lucknow,Lucknow,226012,26.823256,80.9181385,PMEGP; MUDRA,true,Unknown,Unknown,Unknown,Unknown,Unknown,100,+919793629155,https://sbi.bank.in
P002548,State Bank of India - Sme Nirala Nagar Branch,Public Sector Bank,Uttar Pradesh,Lucknow,Lucknow,226007,26.8659548,80.9512122,PMEGP; MUDRA,true,Unknown,Unknown,Unknown,Unknown,Unknown,100,+917985091518,https://sbi.bank.in
P002549,State Bank of India - Sme Ismailganj,Public Sector Bank,Uttar Pradesh,Lucknow,Lucknow,226016,26.871984,80.982933,PMEGP; MUDRA,true,Unknown,Unknown,Unknown,Unknown,Unknown,100,+919794222179,https://sbi.bank.in
P002550,Union Bank of India - Khurdahi Bazar,Public Sector Bank,Uttar Pradesh,Lucknow,Lucknow,226002,26.869293,81.004108,PMEGP; MUDRA,true,Unknown,Unknown,Unknown,Unknown,Unknown,100,+915222816556,https://unionbankofindia.bank.in
P002551,Yes Bank - Zila Sahkari Bank Lucknow Main Br,Private Sector Bank,Uttar Pradesh,Lucknow,Lucknow,226001,26.846694,80.946166,MUDRA,true,Unknown,Unknown,Unknown,Unknown,Unknown,75,+918756400217,https://yes.bank.in
P002552,Canara Bank - Maharajganj Distt. Maharajganj,Public Sector Bank,Uttar Pradesh,Maharajganj,Maharajganj,273303,26.383681,81.274319,PMEGP; MUDRA,true,Unknown,Unknown,Unknown,Unknown,Unknown,100,+915523222158,https://canarabank.bank.in
P002553,State Bank of India - Sme Maharajganj Branch,Public Sector Bank,Uttar Pradesh,Maharajganj,Maharajganj,273003,26.7910833,83.3866944,PMEGP; MUDRA,true,Unknown,Unknown,Unknown,Unknown,Unknown,100,+918909844331,https://sbi.bank.in
P002554,Union Bank of India - Siswa Bazaar,Public Sector Bank,Uttar Pradesh,Maharajganj,Maharajganj,273163,27.4280494,83.0567094,PMEGP; MUDRA,true,Unknown,Unknown,Unknown,Unknown,Unknown,100,+917800003726,https://unionbankofindia.bank.in
P002555,Bandhan Bank - Mahoba Branch,Private Sector Bank,Uttar Pradesh,Mahoba,Mahoba,210427,25.2920278,79.87375,MUDRA,true,Unknown,Unknown,Unknown,Unknown,Unknown,75,+919452473201,https://bandhan.bank.in
P002556,ICICI Bank - Pawa Bc Outlet,Private Sector Bank,Uttar Pradesh,Mahoba,Mahoba,210433,25.292145,79.872067,MUDRA,true,Unknown,Unknown,Unknown,Unknown,Unknown,75,+918449320541,https://icici.bank.in
P002557,Indian Bank - Bilkhi,Public Sector Bank,Uttar Pradesh,Mahoba,Mahoba,210433,25.292145,79.872067,PMEGP; MUDRA,true,Unknown,Unknown,Unknown,Unknown,Unknown,100,+917376095623,https://indianbank.bank.in
P002558,Bandhan Bank - Station Road Branch Mainpuri,Private Sector Bank,Uttar Pradesh,Mainpuri,Mainpuri,205001,27.238,79.055436,MUDRA,true,Unknown,Unknown,Unknown,Unknown,Unknown,75,+918017823771,https://bandhan.bank.in
P002559,Canara Bank - Mainpuri,Public Sector Bank,Uttar Pradesh,Mainpuri,Mainpuri,205001,27.238,79.055436,PMEGP; MUDRA,true,Unknown,Unknown,Unknown,Unknown,Unknown,100,+915672231023,https://canarabank.bank.in
P002560,IDBI Bank - Mainpuri,Private Sector Bank,Uttar Pradesh,Mainpuri,Mainpuri,205001,27.238,79.055436,MUDRA,true,Unknown,Unknown,Unknown,Unknown,Unknown,75,+917033092656,https://idbi.bank.in
P002561,Bandhan Bank - Mathura,Private Sector Bank,Uttar Pradesh,Mathura,Mathura,281001,27.4761411,77.697072,MUDRA,true,Unknown,Unknown,Unknown,Unknown,Unknown,75,+919073718871,https://bandhan.bank.in
P002562,Canara Bank - Mathura Sme,Public Sector Bank,Uttar Pradesh,Mathura,Mathura,281001,27.4761411,77.697072,PMEGP; MUDRA,true,Unknown,Unknown,Unknown,Unknown,Unknown,100,+915652421190,https://canarabank.bank.in
P002563,Indian Bank - Mathura Main,Public Sector Bank,Uttar Pradesh,Mathura,Mathura,281001,27.4761411,77.697072,PMEGP; MUDRA,true,Unknown,Unknown,Unknown,Unknown,Unknown,100,+918394082266,https://indianbank.bank.in
P002564,Bandhan Bank - Mau,Private Sector Bank,Uttar Pradesh,Mau,Mau,275101,25.9454152,83.5669856,MUDRA,true,Unknown,Unknown,Unknown,Unknown,Unknown,75,+916289519951,https://bandhan.bank.in
P002565,Indian Bank - Police Line Mau,Public Sector Bank,Uttar Pradesh,Mau,Mau,275101,25.9454152,83.5669856,PMEGP; MUDRA,true,Unknown,Unknown,Unknown,Unknown,Unknown,100,+919616354247,https://indianbank.bank.in
P002566,"State Bank of India - Mirza Hadipura, Maunath Bhanjan",Public Sector Bank,Uttar Pradesh,Mau,Mau,275101,25.9454152,83.5669856,PMEGP; MUDRA,true,Unknown,Unknown,Unknown,Unknown,Unknown,100,+919415676736,https://sbi.bank.in
P002567,Bandhan Bank - Meerut,Private Sector Bank,Uttar Pradesh,Meerut,Meerut,250004,28.9690278,77.7400556,MUDRA,true,Unknown,Unknown,Unknown,Unknown,Unknown,75,+917253911691,https://bandhan.bank.in
P002568,Bank of India - Meerut By Pass Road,Public Sector Bank,Uttar Pradesh,Meerut,Meerut,250001,29.0088889,77.6985278,PMEGP; MUDRA,true,Unknown,Unknown,Unknown,Unknown,Unknown,100,+919638576503,https://bankofindia.bank.in
P002569,Canara Bank - Abu Lane Meerut,Public Sector Bank,Uttar Pradesh,Meerut,Meerut,250001,29.0088889,77.6985278,PMEGP; MUDRA,true,Unknown,Unknown,Unknown,Unknown,Unknown,100,+911212660733,https://canarabank.bank.in
P002570,DCB Bank - Meerut,Private Sector Bank,Uttar Pradesh,Meerut,Meerut,250001,29.0088889,77.6985278,MUDRA,true,Unknown,Unknown,Unknown,Unknown,Unknown,75,+917060002099,https://dcb.bank.in
P002571,ICICI Bank - Meerutdelhi Road,Private Sector Bank,Uttar Pradesh,Meerut,Meerut,250002,28.98,77.6993,MUDRA,true,Unknown,Unknown,Unknown,Unknown,Unknown,75,+917455040543,https://icici.bank.in
P002572,"IDBI Bank - Delhi Road,Meerut",Private Sector Bank,Uttar Pradesh,Meerut,Meerut,250002,28.98,77.6993,MUDRA,true,Unknown,Unknown,Unknown,Unknown,Unknown,75,+919873252403,https://idbi.bank.in
P002573,Indian Bank - Meerut Ganganagar,Public Sector Bank,Uttar Pradesh,Meerut,Meerut,250001,29.0088889,77.6985278,PMEGP; MUDRA,true,Unknown,Unknown,Unknown,Unknown,Unknown,100,+911212620011,https://indianbank.bank.in
P002574,Indian Bank - Meerut Kabari Bazar,Public Sector Bank,Uttar Pradesh,Meerut,Meerut,250002,28.98,77.6993,PMEGP; MUDRA,true,Unknown,Unknown,Unknown,Unknown,Unknown,100,+911212515507,https://indianbank.bank.in
P002575,Punjab National Bank - Meerut Collectorate,Public Sector Bank,Uttar Pradesh,Meerut,Meerut,250002,28.98,77.6993,PMEGP; MUDRA,true,Unknown,Unknown,Unknown,Unknown,Unknown,100,+918191001961,https://pnb.bank.in
P002576,UCO Bank - Meerut Main,Public Sector Bank,Uttar Pradesh,Meerut,Meerut,250001,29.0088889,77.6985278,PMEGP; MUDRA,true,Unknown,Unknown,Unknown,Unknown,Unknown,100,+911212663508,https://uco.bank.in
P002577,"Canara Bank - Bajirao Katra Main,Mirzapur",Public Sector Bank,Uttar Pradesh,Mirzapur,Mirzapur,231001,25.160135,82.59116,PMEGP; MUDRA,true,Unknown,Unknown,Unknown,Unknown,Unknown,100,+9154422215822,https://canarabank.bank.in
P002578,Indian Bank - Jamua Bazar,Public Sector Bank,Uttar Pradesh,Mirzapur,Mirzapur,231314,25.1569722,82.5846944,PMEGP; MUDRA,true,Unknown,Unknown,Unknown,Unknown,Unknown,100,+919696754796,https://indianbank.bank.in
P002579,State Bank of India - Sme Mirzapur,Public Sector Bank,Uttar Pradesh,Mirzapur,Mirzapur,231001,25.160135,82.59116,PMEGP; MUDRA,true,Unknown,Unknown,Unknown,Unknown,Unknown,100,+919964503026,https://sbi.bank.in
P002580,Canara Bank - Moradabad Sme,Public Sector Bank,Uttar Pradesh,Moradabad,Moradabad,244001,28.8419722,78.7706667,PMEGP; MUDRA,true,Unknown,Unknown,Unknown,Unknown,Unknown,100,+915918453180,https://canarabank.bank.in
P002581,Indian Bank - Moradabad Civil Lines,Public Sector Bank,Uttar Pradesh,Moradabad,Moradabad,244001,28.8419722,78.7706667,PMEGP; MUDRA,true,Unknown,Unknown,Unknown,Unknown,Unknown,100,+915912417826,https://indianbank.bank.in
P002582,State Bank of India - Sme Moradabad,Public Sector Bank,Uttar Pradesh,Moradabad,Moradabad,244001,28.8419722,78.7706667,PMEGP; MUDRA,true,Unknown,Unknown,Unknown,Unknown,Unknown,100,+917014458524,https://sbi.bank.in
P002583,Bandhan Bank - Muzaffarnagar,Private Sector Bank,Uttar Pradesh,Muzaffarnagar,Muzaffarnagar,251001,29.4661667,77.7130833,MUDRA,true,Unknown,Unknown,Unknown,Unknown,Unknown,75,+919073918881,https://bandhan.bank.in
P002584,Canara Bank - Devi Market Main,Public Sector Bank,Uttar Pradesh,Muzaffarnagar,Muzaffarnagar,251002,29.3230942,77.4775484,PMEGP; MUDRA,true,Unknown,Unknown,Unknown,Unknown,Unknown,100,+911312443728,https://canarabank.bank.in
P002585,"ICICI Bank - Civil Linesmuzaffarnagar, Uttar Pradesh",Private Sector Bank,Uttar Pradesh,Muzaffarnagar,Muzaffarnagar,251002,29.3230942,77.4775484,MUDRA,true,Unknown,Unknown,Unknown,Unknown,Unknown,75,+919389842408,https://icici.bank.in
P002586,Canara Bank - Msme Sulabh Noida,Public Sector Bank,Uttar Pradesh,Noida,Noida,201309,23.54897,78.54962,PMEGP; MUDRA,true,Unknown,Unknown,Unknown,Unknown,Unknown,100,+911203100718,https://canarabank.bank.in
P002587,HDFC Bank - Nonghyup Bank,Private Sector Bank,Uttar Pradesh,Noida,Noida,201305,28.5375742,77.4016241,MUDRA,true,Unknown,Unknown,Unknown,Unknown,Unknown,75,+919311097290,https://hdfc.bank.in
P002588,State Bank of India - Sme Greater Noida,Public Sector Bank,Uttar Pradesh,Noida,Noida,201308,,,PMEGP; MUDRA,true,Unknown,Unknown,Unknown,Unknown,Unknown,100,+919810550803,https://sbi.bank.in
P002589,"Axis Bank - Chowk Bazar,Pilibhit",Private Sector Bank,Uttar Pradesh,Pilibhit,Pilibhit,262001,28.6215833,79.8163889,MUDRA,true,Unknown,Unknown,Unknown,Unknown,Unknown,75,+918979121507,https://axis.bank.in
P002590,Bandhan Bank - Station Road Branch Pilibhit,Private Sector Bank,Uttar Pradesh,Pilibhit,Pilibhit,262001,28.6215833,79.8163889,MUDRA,true,Unknown,Unknown,Unknown,Unknown,Unknown,75,+919230523751,https://bandhan.bank.in
P002591,Bank of India - Odajhar,Public Sector Bank,Uttar Pradesh,Pilibhit,Pilibhit,262202,28.6209519,79.8135698,PMEGP; MUDRA,true,Unknown,Unknown,Unknown,Unknown,Unknown,100,+918755314762,https://bankofindia.bank.in
P002592,Bandhan Bank - Pratapgarh,Private Sector Bank,Uttar Pradesh,Pratapgarh,Pratapgarh,230001,25.9222778,81.9896389,MUDRA,true,Unknown,Unknown,Unknown,Unknown,Unknown,75,+916290819121,https://bandhan.bank.in
P002593,Indian Bank - Civil Lines Pratapgarh,Public Sector Bank,Uttar Pradesh,Pratapgarh,Pratapgarh,230001,25.9222778,81.9896389,PMEGP; MUDRA,true,Unknown,Unknown,Unknown,Unknown,Unknown,100,+915342221242,https://indianbank.bank.in
P002594,State Bank of India - Sme Pratapgarh,Public Sector Bank,Uttar Pradesh,Pratapgarh,Pratapgarh,230001,25.9222778,81.9896389,PMEGP; MUDRA,true,Unknown,Unknown,Unknown,Unknown,Unknown,100,+919415314942,https://sbi.bank.in
P002595,Bandhan Bank - Allahabad,Private Sector Bank,Uttar Pradesh,Prayagraj,Prayagraj,211001,25.45347,81.82738,MUDRA,true,Unknown,Unknown,Unknown,Unknown,Unknown,75,+917251916111,https://bandhan.bank.in
P002596,Bank of India - Ashok Nagar Varanasi,Public Sector Bank,Uttar Pradesh,Prayagraj,Prayagraj,211001,25.45347,81.82738,PMEGP; MUDRA,true,Unknown,Unknown,Unknown,Unknown,Unknown,100,+915322420460,https://bankofindia.bank.in
P002597,Bank of Maharashtra - Civil Lines Prayagraj,Public Sector Bank,Uttar Pradesh,Prayagraj,Prayagraj,211001,25.45347,81.82738,PMEGP; MUDRA,true,Unknown,Unknown,Unknown,Unknown,Unknown,100,+919151044562,https://bankofmaharashtra.bank.in
P002598,"Canara Bank - M.G.Marg Main, Allahabad",Public Sector Bank,Uttar Pradesh,Prayagraj,Prayagraj,211001,25.45347,81.82738,PMEGP; MUDRA,true,Unknown,Unknown,Unknown,Unknown,Unknown,100,+915322427671,https://canarabank.bank.in
P002599,Canara Bank - Msme Sulabh Prayagraj,Public Sector Bank,Uttar Pradesh,Prayagraj,Prayagraj,211002,25.4358,81.84631,PMEGP; MUDRA,true,Unknown,Unknown,Unknown,Unknown,Unknown,100,+918957664688,https://canarabank.bank.in
P002600,DCB Bank - Allahabad,Private Sector Bank,Uttar Pradesh,Prayagraj,Prayagraj,211016,25.43221,81.81807,MUDRA,true,Unknown,Unknown,Unknown,Unknown,Unknown,75,+918393904666,https://dcb.bank.in
P002601,ICICI Bank - Allahabadchowk,Private Sector Bank,Uttar Pradesh,Prayagraj,Prayagraj,211003,25.4358,81.84631,MUDRA,true,Unknown,Unknown,Unknown,Unknown,Unknown,75,+919918301908,https://icici.bank.in
P002602,IDBI Bank - Allahabad,Private Sector Bank,Uttar Pradesh,Prayagraj,Prayagraj,211001,25.45347,81.82738,MUDRA,true,Unknown,Unknown,Unknown,Unknown,Unknown,75,+916394489389,https://idbi.bank.in
P002603,"State Bank of India - Civil Lines, Allahabad",Public Sector Bank,Uttar Pradesh,Prayagraj,Prayagraj,211001,25.45347,81.82738,PMEGP; MUDRA,true,Unknown,Unknown,Unknown,Unknown,Unknown,100,+918874208749,https://sbi.bank.in
P002604,UCO Bank - Allahabad Main,Public Sector Bank,Uttar Pradesh,Prayagraj,Prayagraj,211001,25.45347,81.82738,PMEGP; MUDRA,true,Unknown,Unknown,Unknown,Unknown,Unknown,100,+9153322561237,https://uco.bank.in
P002605,Bandhan Bank - Rae Bareli,Private Sector Bank,Uttar Pradesh,Rae Bareli,Rae Bareli,229001,28.0509892,79.9402016,MUDRA,true,Unknown,Unknown,Unknown,Unknown,Unknown,75,+916290919131,https://bandhan.bank.in
P002606,Canara Bank - Bhitari,Public Sector Bank,Uttar Pradesh,Rae Bareli,Rae Bareli,229211,25.7564088,82.7768252,PMEGP; MUDRA,true,Unknown,Unknown,Unknown,Unknown,Unknown,100,+919984012007,https://canarabank.bank.in
P002607,Indian Bank - City Office Rae Barely,Public Sector Bank,Uttar Pradesh,Rae Bareli,Rae Bareli,229001,28.0509892,79.9402016,PMEGP; MUDRA,true,Unknown,Unknown,Unknown,Unknown,Unknown,100,+915352204900,https://indianbank.bank.in
P002608,Punjab & Sind Bank - Chichauli,Public Sector Bank,Uttar Pradesh,Raebareli,Raebareli,229402,26.234946,81.241008,PMEGP; MUDRA,true,Unknown,Unknown,Unknown,Unknown,Unknown,100,+918874218925,https://punjabandsind.bank.in
P002609,State Bank of India - Rbo Raebareli Fi,Public Sector Bank,Uttar Pradesh,Raebareli,Raebareli,229001,26.23,81.24,PMEGP; MUDRA,true,Unknown,Unknown,Unknown,Unknown,Unknown,100,+917518402238,https://sbi.bank.in
P002610,Canara Bank - Rampur Civil Lines,Public Sector Bank,Uttar Pradesh,Rampur,Rampur,244901,28.8050833,79.0160833,PMEGP; MUDRA,true,Unknown,Unknown,Unknown,Unknown,Unknown,100,+915952351159,https://canarabank.bank.in
P002611,Punjab National Bank - Rampur-Civil Lines,Public Sector Bank,Uttar Pradesh,Rampur,Rampur,244901,28.8050833,79.0160833,PMEGP; MUDRA,true,Unknown,Unknown,Unknown,Unknown,Unknown,100,+915952351162,https://pnb.bank.in
P002612,State Bank of India - Sme Rampur,Public Sector Bank,Uttar Pradesh,Rampur,Rampur,244901,28.8050833,79.0160833,PMEGP; MUDRA,true,Unknown,Unknown,Unknown,Unknown,Unknown,100,+919760049928,https://sbi.bank.in
P002613,Bandhan Bank - Saharanpur,Private Sector Bank,Uttar Pradesh,Saharanpur,Saharanpur,247001,29.9603056,77.5458889,MUDRA,true,Unknown,Unknown,Unknown,Unknown,Unknown,75,+919719715381,https://bandhan.bank.in
P002614,"Canara Bank - Pull Jogain Main, Saharanpur",Public Sector Bank,Uttar Pradesh,Saharanpur,Saharanpur,247001,29.9603056,77.5458889,PMEGP; MUDRA,true,Unknown,Unknown,Unknown,Unknown,Unknown,100,+911322610130,https://canarabank.bank.in
P002615,DCB Bank - Saharanpur,Private Sector Bank,Uttar Pradesh,Saharanpur,Saharanpur,247001,29.9603056,77.5458889,MUDRA,true,Unknown,Unknown,Unknown,Unknown,Unknown,75,+919837099297,https://dcb.bank.in
P002616,Indian Bank - Khalilabad Gola Bazar,Public Sector Bank,Uttar Pradesh,Sant Kabir Nagar,Sant Kabir Nagar,272175,26.7897918,83.0759808,PMEGP; MUDRA,true,Unknown,Unknown,Unknown,Unknown,Unknown,100,+919161407388,https://indianbank.bank.in
P002617,ICICI Bank - Shahjahanpur,Private Sector Bank,Uttar Pradesh,Shahjahanpur,Shahjahanpur,242201,,,MUDRA,true,Unknown,Unknown,Unknown,Unknown,Unknown,75,+918318238290,https://icici.bank.in
P002618,Indian Bank - G. F. College Branch Shahjanpur,Public Sector Bank,Uttar Pradesh,Shahjahanpur,Shahjahanpur,242001,27.8922007,79.9172843,PMEGP; MUDRA,true,Unknown,Unknown,Unknown,Unknown,Unknown,100,+918445375737,https://indianbank.bank.in
P002619,Indian Overseas Bank - Shahjahanpur,Public Sector Bank,Uttar Pradesh,Shahjahanpur,Shahjahanpur,242001,27.8922007,79.9172843,PMEGP; MUDRA,true,Unknown,Unknown,Unknown,Unknown,Unknown,100,+915842280461,https://www.iob.in
P002620,Indian Bank - Shamli Main,Public Sector Bank,Uttar Pradesh,Shamli,Shamli,247776,29.4524444,77.3145833,PMEGP; MUDRA,true,Unknown,Unknown,Unknown,Unknown,Unknown,100,+919452681346,https://indianbank.bank.in
P002621,"State Bank of India - Primary Health Centre, Shamli",Public Sector Bank,Uttar Pradesh,Shamli,Shamli,247776,29.4524444,77.3145833,PMEGP; MUDRA,true,Unknown,Unknown,Unknown,Unknown,Unknown,100,+918170102346,https://sbi.bank.in
P002622,UCO Bank - Shamli,Public Sector Bank,Uttar Pradesh,Shamli,Shamli,247776,29.4524444,77.3145833,PMEGP; MUDRA,true,Unknown,Unknown,Unknown,Unknown,Unknown,100,+919410454580,https://uco.bank.in
P002623,Punjab National Bank - Ikauna Distt.Shrawasti,Public Sector Bank,Uttar Pradesh,Shravasti,Shravasti,271845,27.5624377,81.9896154,PMEGP; MUDRA,true,Unknown,Unknown,Unknown,Unknown,Unknown,100,+918295822833,https://pnb.bank.in
P002624,Indian Bank - Nadepar,Public Sector Bank,Uttar Pradesh,Siddharth Nagar,Siddharth Nagar,272207,27.2892,83.0831,PMEGP; MUDRA,true,Unknown,Unknown,Unknown,Unknown,Unknown,100,+919939444630,https://indianbank.bank.in
P002625,Bandhan Bank - Sitapur,Private Sector Bank,Uttar Pradesh,Sitapur,Sitapur,261001,27.5576944,80.68275,MUDRA,true,Unknown,Unknown,Unknown,Unknown,Unknown,75,+919330919901,https://bandhan.bank.in
P002626,Indian Bank - Civil Lines Sitapur,Public Sector Bank,Uttar Pradesh,Sitapur,Sitapur,261001,27.5576944,80.68275,PMEGP; MUDRA,true,Unknown,Unknown,Unknown,Unknown,Unknown,100,+919051305678,https://indianbank.bank.in
P002627,State Bank of India - Sme Sitapur,Public Sector Bank,Uttar Pradesh,Sitapur,Sitapur,261001,27.5576944,80.68275,PMEGP; MUDRA,true,Unknown,Unknown,Unknown,Unknown,Unknown,100,+917600054867,https://sbi.bank.in
P002628,Axis Bank - Anpara,Private Sector Bank,Uttar Pradesh,Sonbhadra,Sonbhadra,231225,24.7079842,82.8844262,MUDRA,true,Unknown,Unknown,Unknown,Unknown,Unknown,75,+919696778739,https://axis.bank.in
P002629,Indian Bank - Wyndhumganj,Public Sector Bank,Uttar Pradesh,Sonbhadra,Sonbhadra,231302,25.3439142,82.9038058,PMEGP; MUDRA,true,Unknown,Unknown,Unknown,Unknown,Unknown,100,+918368840508,https://indianbank.bank.in
P002630,State Bank of India - Cac Robertsganj,Public Sector Bank,Uttar Pradesh,Sonbhadra,Sonbhadra,231216,25.1402627,83.1542528,PMEGP; MUDRA,true,Unknown,Unknown,Unknown,Unknown,Unknown,100,+917733880843,https://sbi.bank.in
P002631,Bandhan Bank - Prayagraj Road Branch Sultanpur,Private Sector Bank,Uttar Pradesh,Sultanpur,Sultanpur,228001,26.26446,82.073378,MUDRA,true,Unknown,Unknown,Unknown,Unknown,Unknown,75,+919748625701,https://bandhan.bank.in
P002632,Canara Bank - Bikna,Public Sector Bank,Uttar Pradesh,Sultanpur,Sultanpur,227408,26.2027416,81.775796,PMEGP; MUDRA,true,Unknown,Unknown,Unknown,Unknown,Unknown,100,+915362255044,https://canarabank.bank.in
P002633,State Bank of India - Sme Branch Sultanpur,Public Sector Bank,Uttar Pradesh,Sultanpur,Sultanpur,228001,26.26446,82.073378,PMEGP; MUDRA,true,Unknown,Unknown,Unknown,Unknown,Unknown,100,+919831907564,https://sbi.bank.in
P002634,Bandhan Bank - Unnao,Private Sector Bank,Uttar Pradesh,Unnao,Unnao,209801,26.5484167,80.4843056,MUDRA,true,Unknown,Unknown,Unknown,Unknown,Unknown,75,+919874819001,https://bandhan.bank.in
P002635,Indian Bank - Unnao Main,Public Sector Bank,Uttar Pradesh,Unnao,Unnao,209801,26.5484167,80.4843056,PMEGP; MUDRA,true,Unknown,Unknown,Unknown,Unknown,Unknown,100,+918005350122,https://indianbank.bank.in
P002636,Punjab & Sind Bank - Unnao City,Public Sector Bank,Uttar Pradesh,Unnao,Unnao,209801,26.5484167,80.4843056,PMEGP; MUDRA,true,Unknown,Unknown,Unknown,Unknown,Unknown,100,+919056232340,https://punjabandsind.bank.in
P002637,Bandhan Bank - Varanasi,Private Sector Bank,Uttar Pradesh,Varanasi,Varanasi,221001,25.319487,83.01534,MUDRA,true,Unknown,Unknown,Unknown,Unknown,Unknown,75,+918392912931,https://bandhan.bank.in
P002638,Bandhan Bank - Ardali Bazar Varanasi,Private Sector Bank,Uttar Pradesh,Varanasi,Varanasi,221002,25.33575,82.9823333,MUDRA,true,Unknown,Unknown,Unknown,Unknown,Unknown,75,+919830421051,https://bandhan.bank.in
P002639,Bank of India - Akhari,Public Sector Bank,Uttar Pradesh,Varanasi,Varanasi,221106,25.3121526,82.9561518,PMEGP; MUDRA,true,Unknown,Unknown,Unknown,Unknown,Unknown,100,+919638576478,https://bankofindia.bank.in
P002640,"Canara Bank - Saranath,Varanasi",Public Sector Bank,Uttar Pradesh,Varanasi,Varanasi,221007,25.388,83.01285,PMEGP; MUDRA,true,Unknown,Unknown,Unknown,Unknown,Unknown,100,+915422590360,https://canarabank.bank.in
P002641,Canara Bank - Sme Sulabh,Public Sector Bank,Uttar Pradesh,Varanasi,Varanasi,221001,25.319487,83.01534,PMEGP; MUDRA,true,Unknown,Unknown,Unknown,Unknown,Unknown,100,+915422510042,https://canarabank.bank.in
P002642,IDBI Bank - Varanasi Main Branch,Private Sector Bank,Uttar Pradesh,Varanasi,Varanasi,221001,25.319487,83.01534,MUDRA,true,Unknown,Unknown,Unknown,Unknown,Unknown,75,+919935092454,https://idbi.bank.in
P002643,Punjab & Sind Bank - Tarna Bazar,Public Sector Bank,Uttar Pradesh,Varanasi,Varanasi,221003,25.3405,82.994,PMEGP; MUDRA,true,Unknown,Unknown,Unknown,Unknown,Unknown,100,+917668770573,https://punjabandsind.bank.in
P002644,"State Bank of India - Hathi Bazar, Varanasi",Public Sector Bank,Uttar Pradesh,Varanasi,Varanasi,221405,25.354,82.838,PMEGP; MUDRA,true,Unknown,Unknown,Unknown,Unknown,Unknown,100,+919415222310,https://sbi.bank.in
P002645,State Bank of India - Sme Ballia,Public Sector Bank,Uttar Pradesh,Varanasi,Varanasi,277001,26.1805999,84.1577145,PMEGP; MUDRA,true,Unknown,Unknown,Unknown,Unknown,Unknown,100,+919771003482,https://sbi.bank.in
P002646,UCO Bank - Varanasi Main Branch,Public Sector Bank,Uttar Pradesh,Varanasi,Varanasi,221001,25.319487,83.01534,PMEGP; MUDRA,true,Unknown,Unknown,Unknown,Unknown,Unknown,100,+915422413447,https://uco.bank.in
P002647,Bandhan Bank - Almora Branch,Private Sector Bank,Uttarakhand,Almora,Almora,263601,29.5969722,79.6575,MUDRA,true,Unknown,Unknown,Unknown,Unknown,Unknown,75,+919163523891,https://bandhan.bank.in
P002648,Canara Bank - Almora,Public Sector Bank,Uttarakhand,Almora,Almora,263601,29.5969722,79.6575,PMEGP; MUDRA,true,Unknown,Unknown,Unknown,Unknown,Unknown,100,+915962231491,https://canarabank.bank.in
P002649,"State Bank of India - New Collectorate Bhawan, Almora",Public Sector Bank,Uttarakhand,Almora,Almora,263601,29.5969722,79.6575,PMEGP; MUDRA,true,Unknown,Unknown,Unknown,Unknown,Unknown,100,+917042809565,https://sbi.bank.in
P002650,Bandhan Bank - Bageshwar Branch,Private Sector Bank,Uttarakhand,Bageshwar,Bageshwar,263642,29.8475,79.7754167,MUDRA,true,Unknown,Unknown,Unknown,Unknown,Unknown,75,+919007223901,https://bandhan.bank.in
P002651,IDBI Bank - Bageshwar,Private Sector Bank,Uttarakhand,Bageshwar,Bageshwar,263642,29.8475,79.7754167,MUDRA,true,Unknown,Unknown,Unknown,Unknown,Unknown,75,+919411918031,https://idbi.bank.in
P002652,Indian Bank - Bageshwar,Public Sector Bank,Uttarakhand,Bageshwar,Bageshwar,263642,29.8475,79.7754167,PMEGP; MUDRA,true,Unknown,Unknown,Unknown,Unknown,Unknown,100,+918924873550,https://indianbank.bank.in
P002653,"Punjab National Bank - Gopeswar, Distt.Chamoli",Public Sector Bank,Uttarakhand,Chamoli,Chamoli,246401,32.8440509,82.6344066,PMEGP; MUDRA,true,Unknown,Unknown,Unknown,Unknown,Unknown,100,+911372251516,https://pnb.bank.in
P002654,Bandhan Bank - Tanakpur Branch,Private Sector Bank,Uttarakhand,Champawat,Champawat,262309,29.0698333,80.11275,MUDRA,true,Unknown,Unknown,Unknown,Unknown,Unknown,75,+916292123911,https://bandhan.bank.in
P002655,IDBI Bank - Champawat,Private Sector Bank,Uttarakhand,Champawat,Champawat,262523,29.3354722,80.0897778,MUDRA,true,Unknown,Unknown,Unknown,Unknown,Unknown,75,+917500321333,https://idbi.bank.in
P002656,Indian Bank - Champawat,Public Sector Bank,Uttarakhand,Champawat,Champawat,262523,29.3354722,80.0897778,PMEGP; MUDRA,true,Unknown,Unknown,Unknown,Unknown,Unknown,100,+917237894756,https://indianbank.bank.in
P002657,Axis Bank - Paltan Bazaar,Private Sector Bank,Uttarakhand,Dehradun,Dehradun,248001,30.3249444,78.0416667,MUDRA,true,Unknown,Unknown,Unknown,Unknown,Unknown,75,+918954271313,https://axis.bank.in
P002658,Bandhan Bank - Dehradun,Private Sector Bank,Uttarakhand,Dehradun,Dehradun,248001,30.3249444,78.0416667,MUDRA,true,Unknown,Unknown,Unknown,Unknown,Unknown,75,+918650711221,https://bandhan.bank.in
P002659,Canara Bank - Ro Ii Dehradun,Public Sector Bank,Uttarakhand,Dehradun,Dehradun,248001,30.3249444,78.0416667,PMEGP; MUDRA,true,Unknown,Unknown,Unknown,Unknown,Unknown,100,+911352716902,https://canarabank.bank.in
P002660,ICICI Bank - Dudhali Bc Outlet,Private Sector Bank,Uttarakhand,Dehradun,Dehradun,248140,30.2797667,78.0553649,MUDRA,true,Unknown,Unknown,Unknown,Unknown,Unknown,75,+919759509625,https://icici.bank.in
P002661,IDFC FIRST Bank - Dehradun Branch,Private Sector Bank,Uttarakhand,Dehradun,Dehradun,248001,30.3249444,78.0416667,MUDRA,true,Unknown,Unknown,Unknown,Unknown,Unknown,75,+919717598233,https://idfcfirst.bank.in
P002662,Indian Bank - Isbt Dehradun,Public Sector Bank,Uttarakhand,Dehradun,Dehradun,248171,30.3524167,78.0270833,PMEGP; MUDRA,true,Unknown,Unknown,Unknown,Unknown,Unknown,100,+919872872151,https://indianbank.bank.in
P002663,Indian Overseas Bank - Motharowala,Public Sector Bank,Uttarakhand,Dehradun,Dehradun,248001,30.3249444,78.0416667,PMEGP; MUDRA,true,Unknown,Unknown,Unknown,Unknown,Unknown,100,+9113528584896,https://www.iob.in
P002664,Punjab & Sind Bank - Dehradun,Public Sector Bank,Uttarakhand,Dehradun,Dehradun,248002,30.3452815,77.9777385,PMEGP; MUDRA,true,Unknown,Unknown,Unknown,Unknown,Unknown,100,+911352642490,https://punjabandsind.bank.in
P002665,Punjab National Bank - Dehradun- Rajpur Road,Public Sector Bank,Uttarakhand,Dehradun,Dehradun,248001,30.3249444,78.0416667,PMEGP; MUDRA,true,Unknown,Unknown,Unknown,Unknown,Unknown,100,+911352657283,https://pnb.bank.in
P002666,State Bank of India - Sahiya,Public Sector Bank,Uttarakhand,Dehradun,Dehradun,248196,30.69111,77.9553353,PMEGP; MUDRA,true,Unknown,Unknown,Unknown,Unknown,Unknown,100,+919760447206,https://sbi.bank.in
P002667,Bank of Baroda - P.B.Branch Branch,Public Sector Bank,Uttarakhand,Haldwani,Haldwani,263941,,,PMEGP; MUDRA,true,Unknown,Unknown,Unknown,Unknown,Unknown,90,Unknown,https://bankofbaroda.bank.in
P002668,Punjab National Bank - Clpc Haldwani,Public Sector Bank,Uttarakhand,Haldwani,Haldwani,263139,29.2163889,79.5296667,PMEGP; MUDRA,true,Unknown,Unknown,Unknown,Unknown,Unknown,90,Unknown,https://pnb.bank.in
P002669,Union Bank of India - Jwalapur,Public Sector Bank,Uttarakhand,Hardwar,Hardwar,249407,29.4933519,78.1842963,PMEGP; MUDRA,true,Unknown,Unknown,Unknown,Unknown,Unknown,100,+919439932532,https://unionbankofindia.bank.in
P002670,Bandhan Bank - Haridwar,Private Sector Bank,Uttarakhand,Haridwar,Haridwar,249407,29.63,78.33,MUDRA,true,Unknown,Unknown,Unknown,Unknown,Unknown,75,+917830015361,https://bandhan.bank.in
P002671,Indian Bank - Hardwar,Public Sector Bank,Uttarakhand,Haridwar,Haridwar,249401,29.951359,78.162828,PMEGP; MUDRA,true,Unknown,Unknown,Unknown,Unknown,Unknown,100,+919500234630,https://indianbank.bank.in
P002672,Indian Overseas Bank - Kankhal,Public Sector Bank,Uttarakhand,Haridwar,Haridwar,249408,29.6507944,78.1520055,PMEGP; MUDRA,true,Unknown,Unknown,Unknown,Unknown,Unknown,100,+911334246649,https://www.iob.in
P002673,State Bank of India - Sme Kashipur,Public Sector Bank,Uttarakhand,Kashipur,Kashipur,244713,29.68,79.36,PMEGP; MUDRA,true,Unknown,Unknown,Unknown,Unknown,Unknown,100,+919650594854,https://sbi.bank.in
P002674,Bandhan Bank - Nainital Branch,Private Sector Bank,Uttarakhand,Nainital,Nainital,263001,29.3941389,79.4513611,MUDRA,true,Unknown,Unknown,Unknown,Unknown,Unknown,75,+919831623931,https://bandhan.bank.in
P002675,Canara Bank - Nainital,Public Sector Bank,Uttarakhand,Nainital,Nainital,263001,29.3941389,79.4513611,PMEGP; MUDRA,true,Unknown,Unknown,Unknown,Unknown,Unknown,100,+919456591181,https://canarabank.bank.in
P002676,IDBI Bank - Nainital,Private Sector Bank,Uttarakhand,Nainital,Nainital,263001,29.3941389,79.4513611,MUDRA,true,Unknown,Unknown,Unknown,Unknown,Unknown,75,+919582846615,https://idbi.bank.in
P002677,Canara Bank - Pithoragarh,Public Sector Bank,Uttarakhand,Pithoragarh,Pithoragarh,262501,29.58706,80.210376,PMEGP; MUDRA,true,Unknown,Unknown,Unknown,Unknown,Unknown,100,+915964223020,https://canarabank.bank.in
P002678,"ICICI Bank - Pithoragarh, Uttaranchal",Private Sector Bank,Uttarakhand,Pithoragarh,Pithoragarh,262501,29.58706,80.210376,MUDRA,true,Unknown,Unknown,Unknown,Unknown,Unknown,75,+917349772239,https://icici.bank.in
P002679,IDBI Bank - Pithoragarh,Private Sector Bank,Uttarakhand,Pithoragarh,Pithoragarh,262501,29.58706,80.210376,MUDRA,true,Unknown,Unknown,Unknown,Unknown,Unknown,75,+919837236934,https://idbi.bank.in
P002680,State Bank of India - Racc Rishikesh,Public Sector Bank,Uttarakhand,Rishikesh,Rishikesh,249201,30.10536,78.298438,PMEGP; MUDRA,true,Unknown,Unknown,Unknown,Unknown,Unknown,100,+919654919209,https://sbi.bank.in
P002681,State Bank of India - Cac Roorkee,Public Sector Bank,Uttarakhand,Roorkee,Roorkee,247667,29.8704444,77.8884722,PMEGP; MUDRA,true,Unknown,Unknown,Unknown,Unknown,Unknown,100,+919456594861,https://sbi.bank.in
P002682,Canara Bank - Rudraprayag,Public Sector Bank,Uttarakhand,Rudraprayag,Rudraprayag,246171,30.2861667,78.9812222,PMEGP; MUDRA,true,Unknown,Unknown,Unknown,Unknown,Unknown,100,+919456591185,https://canarabank.bank.in
P002683,IDBI Bank - Rudraprayag,Private Sector Bank,Uttarakhand,Rudraprayag,Rudraprayag,246171,30.2861667,78.9812222,MUDRA,true,Unknown,Unknown,Unknown,Unknown,Unknown,75,+919915355949,https://idbi.bank.in
P002684,Indian Bank - Rudra Prayag,Public Sector Bank,Uttarakhand,Rudraprayag,Rudraprayag,247161,,,PMEGP; MUDRA,true,Unknown,Unknown,Unknown,Unknown,Unknown,100,+919997015162,https://indianbank.bank.in
P002685,"Bank of Baroda - Sidcul Br.,Pantnagar, Uttarakhand",Public Sector Bank,Uttarakhand,Rudrapur,Rudrapur,263153,29.1348348,79.3665862,PMEGP; MUDRA,true,Unknown,Unknown,Unknown,Unknown,Unknown,90,Unknown,https://bankofbaroda.bank.in
P002686,State Bank of India - Racc Tehri,Public Sector Bank,Uttarakhand,Tehri,Tehri,249001,30.3764167,78.4393056,PMEGP; MUDRA,true,Unknown,Unknown,Unknown,Unknown,Unknown,100,+917042111263,https://sbi.bank.in
P002687,State Bank of India - Tapovan,Public Sector Bank,Uttarakhand,Tehri Garhwal,Tehri Garhwal,249192,30.1758022,78.4447124,PMEGP; MUDRA,true,Unknown,Unknown,Unknown,Unknown,Unknown,100,+919701542472,https://sbi.bank.in
P002688,Bank of India - Bazpur,Public Sector Bank,Uttarakhand,Udham Singh Nagar,Udham Singh Nagar,262401,29.2188487,79.1975085,PMEGP; MUDRA,true,Unknown,Unknown,Unknown,Unknown,Unknown,100,+915949281640,https://bankofindia.bank.in
P002689,Bank of Maharashtra - Khatima,Public Sector Bank,Uttarakhand,Udham Singh Nagar,Udham Singh Nagar,262308,29.3302667,79.4302667,PMEGP; MUDRA,true,Unknown,Unknown,Unknown,Unknown,Unknown,100,+918299413855,https://bankofmaharashtra.bank.in
P002690,Indian Bank - Iie Pantnagar,Public Sector Bank,Uttarakhand,Udham Singh Nagar,Udham Singh Nagar,263153,29.1348348,79.3665862,PMEGP; MUDRA,true,Unknown,Unknown,Unknown,Unknown,Unknown,100,+918356908776,https://indianbank.bank.in
P002691,Punjab & Sind Bank - Uttarkashi,Public Sector Bank,Uttarakhand,Uttarkashi,Uttarkashi,249193,30.7300556,78.4455556,PMEGP; MUDRA,true,Unknown,Unknown,Unknown,Unknown,Unknown,100,+917579214160,https://punjabandsind.bank.in
P002692,Punjab National Bank - Uttarkashi,Public Sector Bank,Uttarakhand,Uttarkashi,Uttarkashi,249193,30.7300556,78.4455556,PMEGP; MUDRA,true,Unknown,Unknown,Unknown,Unknown,Unknown,100,+911374223371,https://pnb.bank.in
P002693,State Bank of India - Cac Uttarkashi,Public Sector Bank,Uttarakhand,Uttarkashi,Uttarkashi,249193,30.7300556,78.4455556,PMEGP; MUDRA,true,Unknown,Unknown,Unknown,Unknown,Unknown,100,+917738000493,https://sbi.bank.in
P002694,Bandhan Bank - Alipurduar,Private Sector Bank,West Bengal,Alipurduar,Alipurduar,736121,26.7,89.13,MUDRA,true,Unknown,Unknown,Unknown,Unknown,Unknown,75,+919674513501,https://bandhan.bank.in
P002695,Bank of Maharashtra - Alipurduar,Public Sector Bank,West Bengal,Alipurduar,Alipurduar,736121,26.7,89.13,PMEGP; MUDRA,true,Unknown,Unknown,Unknown,Unknown,Unknown,100,+916292200148,https://bankofmaharashtra.bank.in
P002696,Indian Bank - Alipurduar,Public Sector Bank,West Bengal,Alipurduar,Alipurduar,736121,26.7,89.13,PMEGP; MUDRA,true,Unknown,Unknown,Unknown,Unknown,Unknown,100,+917010391477,https://indianbank.bank.in
P002697,Bank of India - Apcar Garden,Public Sector Bank,West Bengal,Asansol,Asansol,713304,23.6901111,86.9489444,PMEGP; MUDRA,true,Unknown,Unknown,Unknown,Unknown,Unknown,100,+913412250098,https://bankofindia.bank.in
P002698,State Bank of India - Garai Road Asansol,Public Sector Bank,West Bengal,Asansol,Asansol,713304,23.6901111,86.9489444,PMEGP; MUDRA,true,Unknown,Unknown,Unknown,Unknown,Unknown,100,+918001196663,https://sbi.bank.in
P002699,UCO Bank - Mb Lane Asansol Burdwan,Public Sector Bank,West Bengal,Asansol,Asansol,713301,22.6866667,86.9735278,PMEGP; MUDRA,true,Unknown,Unknown,Unknown,Unknown,Unknown,100,+913412304550,https://uco.bank.in
P002700,Bandhan Bank - Bankura,Private Sector Bank,West Bengal,Bankura,Bankura,722101,22.2346111,87.0650833,MUDRA,true,Unknown,Unknown,Unknown,Unknown,Unknown,75,+919073915401,https://bandhan.bank.in
P002701,Bank of India - Kalyani Bankura,Public Sector Bank,West Bengal,Bankura,Bankura,722152,23.2766604,87.136092,PMEGP; MUDRA,true,Unknown,Unknown,Unknown,Unknown,Unknown,100,+919679788207,https://bankofindia.bank.in
P002702,State Bank of India - Raipur Bazar Branch Bankura,Public Sector Bank,West Bengal,Bankura,Bankura,722134,22.8339261,86.9283332,PMEGP; MUDRA,true,Unknown,Unknown,Unknown,Unknown,Unknown,100,+918001195489,https://sbi.bank.in
P002703,Bank of India - Puchra,Public Sector Bank,West Bengal,Barddhaman,Barddhaman,713401,23.136227,88.0386848,PMEGP; MUDRA,true,Unknown,Unknown,Unknown,Unknown,Unknown,100,+9134513451,https://bankofindia.bank.in
P002704,ICICI Bank - Burdwan Bazar,Private Sector Bank,West Bengal,Barddhaman,Barddhaman,713101,23.1183611,87.705771,MUDRA,true,Unknown,Unknown,Unknown,Unknown,Unknown,75,+918584038603,https://icici.bank.in
P002705,UCO Bank - Burra Bazar,Public Sector Bank,West Bengal,Barddhaman,Barddhaman,713101,23.1798797,87.7859964,PMEGP; MUDRA,true,Unknown,Unknown,Unknown,Unknown,Unknown,100,+913422568881,https://uco.bank.in
P002706,Bank of Maharashtra - Rampurhat,Public Sector Bank,West Bengal,Birbhum,Birbhum,731224,24.186201,87.781985,PMEGP; MUDRA,true,Unknown,Unknown,Unknown,Unknown,Unknown,100,+916292327033,https://bankofmaharashtra.bank.in
P002707,Indian Overseas Bank - Kanachi,Public Sector Bank,West Bengal,Birbhum,Birbhum,731216,24.1025036,87.7084308,PMEGP; MUDRA,true,Unknown,Unknown,Unknown,Unknown,Unknown,100,+913461262233,https://www.iob.in
P002708,UCO Bank - Janu Bazar,Public Sector Bank,West Bengal,Birbhum,Birbhum,731124,23.7530146,87.4245318,PMEGP; MUDRA,true,Unknown,Unknown,Unknown,Unknown,Unknown,100,+919748064783,https://uco.bank.in
P002709,State Bank of India - Fimm Racc Burdwan,Public Sector Bank,West Bengal,Burdwan,Burdwan,713101,22.2415278,87.8676944,PMEGP; MUDRA,true,Unknown,Unknown,Unknown,Unknown,Unknown,100,+918001195618,https://sbi.bank.in
P002710,UCO Bank - Burdwan Main,Public Sector Bank,West Bengal,Burdwan,Burdwan,713101,22.2415278,87.8676944,PMEGP; MUDRA,true,Unknown,Unknown,Unknown,Unknown,Unknown,100,+913422568618,https://uco.bank.in
P002711,Punjab & Sind Bank - Cooch Behar,Public Sector Bank,West Bengal,Cooch Behar,Cooch Behar,736156,26.528,88.062,PMEGP; MUDRA,true,Unknown,Unknown,Unknown,Unknown,Unknown,100,+917206584394,https://punjabandsind.bank.in
P002712,State Bank of India - Sme Cooch Behar,Public Sector Bank,West Bengal,Cooch Behar,Cooch Behar,736101,26.3216111,89.4385556,PMEGP; MUDRA,true,Unknown,Unknown,Unknown,Unknown,Unknown,100,+918001191849,https://sbi.bank.in
P002713,Bandhan Bank - Darjeeling,Private Sector Bank,West Bengal,Darjeeling,Darjeeling,734101,27.0409444,88.2648056,MUDRA,true,Unknown,Unknown,Unknown,Unknown,Unknown,75,+917596015071,https://bandhan.bank.in
P002714,State Bank of India - Darjeeling Bazar Branch,Public Sector Bank,West Bengal,Darjeeling,Darjeeling,734101,27.0409444,88.2648056,PMEGP; MUDRA,true,Unknown,Unknown,Unknown,Unknown,Unknown,100,+918001193857,https://sbi.bank.in
P002715,Union Bank of India - Champasari,Public Sector Bank,West Bengal,Darjeeling,Darjeeling,734003,26.7553281,88.4225459,PMEGP; MUDRA,true,Unknown,Unknown,Unknown,Unknown,Unknown,100,+919746246486,https://unionbankofindia.bank.in
P002716,"State Bank of India - Capc, Durgapur",Public Sector Bank,West Bengal,Durgapur,Durgapur,713203,23.559142,87.254485,PMEGP; MUDRA,true,Unknown,Unknown,Unknown,Unknown,Unknown,100,+919674712110,https://sbi.bank.in
P002717,UCO Bank - Durgapur Main Burdwan,Public Sector Bank,West Bengal,Durgapur,Durgapur,713213,23.561623,87.278457,PMEGP; MUDRA,true,Unknown,Unknown,Unknown,Unknown,Unknown,100,+913432584073,https://uco.bank.in
P002718,Axis Bank - Konnagar Samabaya Bank Ltd,Private Sector Bank,West Bengal,Hooghly,Hooghly,712235,22.7011111,88.3495833,MUDRA,true,Unknown,Unknown,Unknown,Unknown,Unknown,75,+913326740669,https://axis.bank.in
P002719,State Bank of India - Specialised Pb Branch Chinsurah,Public Sector Bank,West Bengal,Hooghly,Hooghly,712101,22.88825,88.40225,PMEGP; MUDRA,true,Unknown,Unknown,Unknown,Unknown,Unknown,100,+919836255401,https://sbi.bank.in
P002720,Bandhan Bank - Ranihati,Private Sector Bank,West Bengal,Howrah,Howrah,711322,22.615811,88.1630704,MUDRA,true,Unknown,Unknown,Unknown,Unknown,Unknown,75,+919073916461,https://bandhan.bank.in
P002721,Bank of India - Kolkata Ssi,Public Sector Bank,West Bengal,Howrah,Howrah,711106,22.6037222,88.34275,PMEGP; MUDRA,true,Unknown,Unknown,Unknown,Unknown,Unknown,100,+912665757098,https://bankofindia.bank.in
P002722,Canara Bank - Rah Howrah,Public Sector Bank,West Bengal,Howrah,Howrah,711302,23.48658,87.53882,PMEGP; MUDRA,true,Unknown,Unknown,Unknown,Unknown,Unknown,100,+913326547721,https://canarabank.bank.in
P002723,Axis Bank - Dinbazar,Private Sector Bank,West Bengal,Jalpaiguri,Jalpaiguri,735101,26.543658,88.718869,MUDRA,true,Unknown,Unknown,Unknown,Unknown,Unknown,75,+919434336405,https://axis.bank.in
P002724,Canara Bank - Din Bazar Jalpaiguri,Public Sector Bank,West Bengal,Jalpaiguri,Jalpaiguri,735101,26.543658,88.718869,PMEGP; MUDRA,true,Unknown,Unknown,Unknown,Unknown,Unknown,100,+918420514321,https://canarabank.bank.in
P002725,State Bank of India - Sme Jalpaiguri,Public Sector Bank,West Bengal,Jalpaiguri,Jalpaiguri,735101,26.543658,88.718869,PMEGP; MUDRA,true,Unknown,Unknown,Unknown,Unknown,Unknown,100,+918001196144,https://sbi.bank.in
P002726,Bandhan Bank - Kalimpong,Private Sector Bank,West Bengal,Kalimpong,Kalimpong,734301,27.0067354,88.4371964,MUDRA,true,Unknown,Unknown,Unknown,Unknown,Unknown,75,+916290814681,https://bandhan.bank.in
P002727,Bank of India - Kalimpong,Public Sector Bank,West Bengal,Kalimpong,Kalimpong,734301,27.0067354,88.4371964,PMEGP; MUDRA,true,Unknown,Unknown,Unknown,Unknown,Unknown,100,+913552256070,https://bankofindia.bank.in
P002728,Bank of Maharashtra - Kalimpong,Public Sector Bank,West Bengal,Kalimpong,Kalimpong,734301,27.0067354,88.4371964,PMEGP; MUDRA,true,Unknown,Unknown,Unknown,Unknown,Unknown,100,+919073943268,https://bankofmaharashtra.bank.in
P002729,State Bank of India - Kharagpur Fimm Dsh,Public Sector Bank,West Bengal,Kharagpur,Kharagpur,721305,22.3343623,87.3227895,PMEGP; MUDRA,true,Unknown,Unknown,Unknown,Unknown,Unknown,100,+918001194247,https://sbi.bank.in
P002730,Bandhan Bank - Mullick Bazar,Private Sector Bank,West Bengal,Kolkata,Kolkata,700014,22.4208915,88.2762543,MUDRA,true,Unknown,Unknown,Unknown,Unknown,Unknown,75,+918100721361,https://bandhan.bank.in
P002731,"Bandhan Bank - Palbazar Branch,Kolkata",Private Sector Bank,West Bengal,Kolkata,Kolkata,700075,22.499214,88.375064,MUDRA,true,Unknown,Unknown,Unknown,Unknown,Unknown,75,+918017523021,https://bandhan.bank.in
P002732,Bank of India - Bara Bazar,Public Sector Bank,West Bengal,Kolkata,Kolkata,700007,22.5834411,88.3570488,PMEGP; MUDRA,true,Unknown,Unknown,Unknown,Unknown,Unknown,100,+912269383176,https://bankofindia.bank.in
P002733,Bank of India - Nager Bazar,Public Sector Bank,West Bengal,Kolkata,Kolkata,700028,22.6346781,88.4211327,PMEGP; MUDRA,true,Unknown,Unknown,Unknown,Unknown,Unknown,100,+912529299011,https://bankofindia.bank.in
P002734,Bank of Maharashtra - Kolkata-Shyam Bazar,Public Sector Bank,West Bengal,Kolkata,Kolkata,700004,22.5937257,88.3666769,PMEGP; MUDRA,true,Unknown,Unknown,Unknown,Unknown,Unknown,100,+919073943261,https://bankofmaharashtra.bank.in
P002735,"Canara Bank - Bow Bazar, Kolkata",Public Sector Bank,West Bengal,Kolkata,Kolkata,700012,22.5727778,88.3475,PMEGP; MUDRA,true,Unknown,Unknown,Unknown,Unknown,Unknown,100,+91332212006,https://canarabank.bank.in
P002736,Canara Bank - Burra Bazar,Public Sector Bank,West Bengal,Kolkata,Kolkata,700007,22.5834411,88.3570488,PMEGP; MUDRA,true,Unknown,Unknown,Unknown,Unknown,Unknown,100,+913322683784,https://canarabank.bank.in
P002737,ICICI Bank - Kolkatashyambazar,Private Sector Bank,West Bengal,Kolkata,Kolkata,700004,22.5937257,88.3666769,MUDRA,true,Unknown,Unknown,Unknown,Unknown,Unknown,75,+918585015378,https://icici.bank.in
P002738,ICICI Bank - Kolkatanager Bazar,Private Sector Bank,West Bengal,Kolkata,Kolkata,700028,22.6346781,88.4211327,MUDRA,true,Unknown,Unknown,Unknown,Unknown,Unknown,75,+918584048791,https://icici.bank.in
P002739,IDBI Bank - Kolkata-Main Branch,Private Sector Bank,West Bengal,Kolkata,Kolkata,700017,22.4322542,88.2860718,MUDRA,true,Unknown,Unknown,Unknown,Unknown,Unknown,75,+919869082191,https://idbi.bank.in
P002740,IDBI Bank - Shyambazar,Private Sector Bank,West Bengal,Kolkata,Kolkata,700004,22.5937257,88.3666769,MUDRA,true,Unknown,Unknown,Unknown,Unknown,Unknown,75,+918757874616,https://idbi.bank.in
P002741,Indian Bank - Large Corporate Branch Kolkata,Public Sector Bank,West Bengal,Kolkata,Kolkata,700001,22.5736,88.3483,PMEGP; MUDRA,true,Unknown,Unknown,Unknown,Unknown,Unknown,100,+913322131002,https://indianbank.bank.in
P002742,Indian Bank - Specialised Msme Branch Kolkata Central,Public Sector Bank,West Bengal,Kolkata,Kolkata,700033,22.5041018,88.3464907,PMEGP; MUDRA,true,Unknown,Unknown,Unknown,Unknown,Unknown,100,+917001154240,https://indianbank.bank.in
P002743,Indian Bank - Kolkata Sme Finance Branch,Public Sector Bank,West Bengal,Kolkata,Kolkata,700001,22.5736,88.3483,PMEGP; MUDRA,true,Unknown,Unknown,Unknown,Unknown,Unknown,100,+917898917380,https://indianbank.bank.in
P002744,Indian Overseas Bank - Intl Business Branch,Public Sector Bank,West Bengal,Kolkata,Kolkata,700016,22.5597685,88.3567593,PMEGP; MUDRA,true,Unknown,Unknown,Unknown,Unknown,Unknown,100,22402771,https://www.iob.in
P002745,Indian Overseas Bank - Salt Lake City,Public Sector Bank,West Bengal,Kolkata,Kolkata,700064,22.4115437,88.2835717,PMEGP; MUDRA,true,Unknown,Unknown,Unknown,Unknown,Unknown,100,23375014,https://www.iob.in
P002746,Punjab National Bank - Kolkata-Large Corporate Branch,Public Sector Bank,West Bengal,Kolkata,Kolkata,700071,22.5578518,88.3625278,PMEGP; MUDRA,true,Unknown,Unknown,Unknown,Unknown,Unknown,100,+913322260965,https://pnb.bank.in
P002747,Punjab National Bank - Kolkata-Burra Bazar,Public Sector Bank,West Bengal,Kolkata,Kolkata,700007,22.5834411,88.3570488,PMEGP; MUDRA,true,Unknown,Unknown,Unknown,Unknown,Unknown,100,+913322597796,https://pnb.bank.in
P002748,Punjab National Bank - Kolkata-Ssi,Public Sector Bank,West Bengal,Kolkata,Kolkata,700026,22.511869,88.341397,PMEGP; MUDRA,true,Unknown,Unknown,Unknown,Unknown,Unknown,100,+913324633797,https://pnb.bank.in
P002749,State Bank of India - Regional Business Office Sce Kolkata,Public Sector Bank,West Bengal,Kolkata,Kolkata,700071,22.5578518,88.3625278,PMEGP; MUDRA,true,Unknown,Unknown,Unknown,Unknown,Unknown,100,+919774711431,https://sbi.bank.in
P002750,"State Bank of India - Agri Commercial Branch, Kolkata",Public Sector Bank,West Bengal,Kolkata,Kolkata,700001,22.5736,88.3483,PMEGP; MUDRA,true,Unknown,Unknown,Unknown,Unknown,Unknown,100,+919674722080,https://sbi.bank.in
P002751,UCO Bank - Burra Bazar Kolkata,Public Sector Bank,West Bengal,Kolkata,Kolkata,700073,22.5727778,88.3475,PMEGP; MUDRA,true,Unknown,Unknown,Unknown,Unknown,Unknown,100,+913322687879,https://uco.bank.in
P002752,Union Bank of India - Kolkata Salt Lake City,Public Sector Bank,West Bengal,Kolkata,Kolkata,700064,22.4115437,88.2835717,PMEGP; MUDRA,true,Unknown,Unknown,Unknown,Unknown,Unknown,100,+914428214439,https://unionbankofindia.bank.in
P002753,Union Bank of India - Kolkata Large Corporate Br,Public Sector Bank,West Bengal,Kolkata,Kolkata,700091,22.4267602,88.3092121,PMEGP; MUDRA,true,Unknown,Unknown,Unknown,Unknown,Unknown,100,+913323574214,https://unionbankofindia.bank.in
P002754,Indian Overseas Bank - Malda,Public Sector Bank,West Bengal,Malda,Malda,732101,24.9996111,88.1455,PMEGP; MUDRA,true,Unknown,Unknown,Unknown,Unknown,Unknown,100,+913512252146,https://www.iob.in
P002755,State Bank of India - Sme Branch Malda,Public Sector Bank,West Bengal,Malda,Malda,732142,25.1789501,88.2880397,PMEGP; MUDRA,true,Unknown,Unknown,Unknown,Unknown,Unknown,100,+918001419167,https://sbi.bank.in
P002756,Union Bank of India - Manikchak,Public Sector Bank,West Bengal,Malda,Malda,732202,25.1456814,88.2517798,PMEGP; MUDRA,true,Unknown,Unknown,Unknown,Unknown,Unknown,100,+919775801038,https://unionbankofindia.bank.in
P002757,Bank of India - Khud Marai,Public Sector Bank,West Bengal,Medinipur,Medinipur,721135,22.181,87.1597,PMEGP; MUDRA,true,Unknown,Unknown,Unknown,Unknown,Unknown,100,+919434056033,https://bankofindia.bank.in
P002758,Canara Bank - Chamtiara,Public Sector Bank,West Bengal,Medinipur,Medinipur,721516,22.584,87.0499,PMEGP; MUDRA,true,Unknown,Unknown,Unknown,Unknown,Unknown,100,+913221263340,https://canarabank.bank.in
P002759,IDBI Bank - Midnapore,Private Sector Bank,West Bengal,Medinipur,Medinipur,721101,22.606203,87.5387655,MUDRA,true,Unknown,Unknown,Unknown,Unknown,Unknown,75,+919831193297,https://idbi.bank.in
P002760,Bandhan Bank - Dhulian Branch,Private Sector Bank,West Bengal,Murshidabad,Murshidabad,742202,24.71678,87.92918,MUDRA,true,Unknown,Unknown,Unknown,Unknown,Unknown,75,+919831223701,https://bandhan.bank.in
P002761,IDBI Bank - Berhampure,Private Sector Bank,West Bengal,Murshidabad,Murshidabad,742101,24.1047,88.2516,MUDRA,true,Unknown,Unknown,Unknown,Unknown,Unknown,75,+919919399997,https://idbi.bank.in
P002762,State Bank of India - Kalmegha Bazar,Public Sector Bank,West Bengal,Murshidabad,Murshidabad,742148,24.37014,88.1143578,PMEGP; MUDRA,true,Unknown,Unknown,Unknown,Unknown,Unknown,100,+919732430568,https://sbi.bank.in
P002763,Indian Bank - Bahadurpur,Public Sector Bank,West Bengal,Nadia,Nadia,741125,23.469889,88.4208336,PMEGP; MUDRA,true,Unknown,Unknown,Unknown,Unknown,Unknown,100,+917679677611,https://indianbank.bank.in
P002764,Punjab National Bank - Gobrapota,Public Sector Bank,West Bengal,Nadia,Nadia,741103,23.38,88.43,PMEGP; MUDRA,true,Unknown,Unknown,Unknown,Unknown,Unknown,100,+913472220018,https://pnb.bank.in
P002765,Bandhan Bank - Purulia,Private Sector Bank,West Bengal,Purulia,Purulia,723101,23.3319167,86.3655,MUDRA,true,Unknown,Unknown,Unknown,Unknown,Unknown,75,+917596014171,https://bandhan.bank.in
P002766,Bank of India - Adra,Public Sector Bank,West Bengal,Purulia,Purulia,723121,23.6660126,86.8043853,PMEGP; MUDRA,true,Unknown,Unknown,Unknown,Unknown,Unknown,100,+918348967936,https://bankofindia.bank.in
P002767,State Bank of India - Sme Purulia,Public Sector Bank,West Bengal,Purulia,Purulia,723101,23.3319167,86.3655,PMEGP; MUDRA,true,Unknown,Unknown,Unknown,Unknown,Unknown,100,+919674724711,https://sbi.bank.in
P002768,State Bank of India - Siliguri Fimm Dsh,Public Sector Bank,West Bengal,Siliguri,Siliguri,734008,26.9276102,88.4232468,PMEGP; MUDRA,true,Unknown,Unknown,Unknown,Unknown,Unknown,100,+918603384811,https://sbi.bank.in
P002769,UCO Bank - Siliguri Suri,Public Sector Bank,West Bengal,Siliguri,Siliguri,734401,,,PMEGP; MUDRA,true,Unknown,Unknown,Unknown,Unknown,Unknown,100,+913532535074,https://uco.bank.in
